age,gender,time_on_site,pages_viewed,previous_purchases,cart_items,discount_seen,ad_clicked,returning_user,avg_session_time,bounce_rate,purchase,device_Desktop,device_Mobile,device_Tablet
56.0,0,12.9,8.0,13.0,1.0,1.0,1.0,0.0,6.97,28.18,1.0,1,0,0
46.0,1,15.63,9.0,4.0,6.0,1.0,1.0,1.0,19.17,86.73,1.0,0,1,0
32.0,0,11.64,12.0,11.0,0.0,0.0,0.0,1.0,8.87,83.09,1.0,0,1,0
25.0,0,22.71,5.0,10.0,1.0,0.0,0.0,1.0,14.3,79.03,1.0,0,1,0
38.0,0,26.35,9.0,12.0,4.0,1.0,0.0,0.0,18.15,55.35,1.0,0,1,0
56.0,0,26.6,1.0,12.0,7.0,1.0,1.0,0.0,28.4,13.9,1.0,1,0,0
36.0,1,7.6,11.0,11.0,6.0,1.0,1.0,1.0,4.51,13.12,1.0,0,1,0
40.0,0,26.98,7.0,5.0,2.0,1.0,0.0,0.0,33.34,12.61,1.0,0,1,0
28.0,0,10.9,14.0,7.0,9.0,0.0,0.0,1.0,13.8,85.46,1.0,0,1,0
28.0,0,9.97,3.0,14.0,8.0,0.0,0.0,0.0,14.12,14.16,1.0,0,1,0
41.0,0,22.08,11.0,14.0,4.0,1.0,1.0,0.0,23.43,80.85,1.0,0,0,1
53.0,0,9.84,17.0,6.0,2.0,1.0,0.0,0.0,5.97,84.47,1.0,0,1,0
57.0,1,2.54,18.0,6.0,6.0,0.0,0.0,1.0,3.37,10.5,1.0,1,0,0
41.0,1,11.83,19.0,0.0,3.0,1.0,1.0,1.0,9.63,90.2,1.0,1,0,0
20.0,0,21.92,18.0,2.0,0.0,1.0,0.0,0.0,30.68,89.75,1.0,1,0,0
39.0,1,10.48,6.0,2.0,4.0,0.0,1.0,0.0,15.49,63.82,1.0,0,1,0
39.0,1,19.26,15.0,6.0,7.0,0.0,0.0,0.0,12.18,51.3,1.0,1,0,0
41.0,0,20.14,7.0,11.0,3.0,1.0,0.0,0.0,11.74,64.73,1.0,0,1,0
47.0,0,22.28,5.0,13.0,6.0,1.0,0.0,1.0,31.14,40.48,1.0,1,0,0
55.0,0,27.02,5.0,1.0,7.0,1.0,0.0,0.0,37.8,58.87,1.0,0,1,0
19.0,1,15.74,7.0,9.0,8.0,0.0,0.0,0.0,14.69,96.95,1.0,0,1,0
38.0,0,5.83,12.0,6.0,8.0,1.0,1.0,0.0,8.09,11.33,1.0,0,1,0
50.0,1,10.25,8.0,8.0,4.0,0.0,0.0,0.0,14.66,23.38,1.0,1,0,0
29.0,1,13.53,18.0,0.0,5.0,1.0,0.0,1.0,14.28,52.41,1.0,0,1,0
39.0,1,21.7,18.0,11.0,6.0,1.0,0.0,1.0,25.75,25.86,1.0,0,1,0
42.0,0,1.38,17.0,13.0,9.0,0.0,0.0,1.0,1.54,99.28,1.0,0,1,0
39.0,1,10.16,11.0,1.0,1.0,0.0,1.0,1.0,6.85,72.03,1.0,0,0,1
59.0,0,23.62,15.0,10.0,8.0,1.0,0.0,0.0,22.11,43.4,1.0,1,0,0
45.0,0,20.45,6.0,5.0,0.0,0.0,1.0,1.0,24.16,90.27,1.0,0,1,0
33.0,0,22.22,12.0,1.0,5.0,1.0,1.0,1.0,24.67,14.44,1.0,1,0,0
32.0,0,24.54,7.0,13.0,5.0,0.0,1.0,0.0,17.55,28.79,1.0,0,1,0
20.0,0,23.71,8.0,11.0,6.0,0.0,1.0,1.0,33.43,95.59,1.0,0,1,0
54.0,1,20.78,10.0,1.0,1.0,1.0,0.0,1.0,26.68,55.7,1.0,0,0,1
24.0,1,13.75,3.0,4.0,5.0,0.0,1.0,1.0,7.82,92.07,1.0,0,1,0
38.0,1,29.52,3.0,6.0,5.0,1.0,0.0,1.0,24.92,98.42,1.0,0,1,0
26.0,1,17.5,10.0,3.0,8.0,1.0,1.0,1.0,26.17,36.02,1.0,0,1,0
56.0,1,6.88,15.0,12.0,7.0,0.0,1.0,1.0,6.12,57.65,1.0,0,1,0
35.0,0,9.49,13.0,5.0,4.0,1.0,1.0,0.0,11.04,84.67,1.0,0,1,0
21.0,1,21.11,19.0,11.0,6.0,1.0,1.0,0.0,12.68,27.27,1.0,0,1,0
42.0,1,27.82,8.0,2.0,6.0,0.0,1.0,0.0,22.56,44.68,1.0,0,1,0
31.0,1,6.18,18.0,3.0,4.0,1.0,0.0,0.0,8.54,15.33,1.0,0,1,0
26.0,1,3.39,5.0,3.0,6.0,1.0,0.0,1.0,3.43,65.25,1.0,0,1,0
43.0,0,26.56,7.0,14.0,2.0,1.0,0.0,1.0,35.19,0.42,1.0,0,1,0
19.0,0,27.54,5.0,3.0,6.0,1.0,1.0,1.0,14.3,44.93,1.0,0,1,0
37.0,0,9.02,19.0,11.0,5.0,0.0,1.0,1.0,10.52,92.91,1.0,1,0,0
45.0,1,11.94,17.0,7.0,5.0,1.0,0.0,1.0,9.55,89.73,1.0,0,1,0
24.0,1,20.15,19.0,12.0,1.0,0.0,1.0,0.0,27.42,80.38,1.0,1,0,0
25.0,1,10.57,4.0,3.0,1.0,1.0,1.0,0.0,15.26,14.12,1.0,1,0,0
52.0,1,26.44,7.0,3.0,6.0,1.0,1.0,0.0,31.4,52.03,1.0,1,0,0
31.0,0,4.12,6.0,5.0,0.0,1.0,0.0,1.0,2.66,71.91,1.0,0,1,0
34.0,1,2.1,14.0,8.0,8.0,1.0,0.0,0.0,2.03,10.12,1.0,0,1,0
53.0,1,7.05,19.0,9.0,2.0,0.0,1.0,1.0,6.8,14.7,1.0,0,1,0
57.0,1,9.3,11.0,5.0,5.0,1.0,0.0,0.0,12.37,4.01,1.0,1,0,0
21.0,0,4.27,7.0,5.0,2.0,1.0,1.0,0.0,4.1,32.31,1.0,0,1,0
19.0,0,2.91,3.0,6.0,8.0,0.0,0.0,1.0,2.42,87.73,1.0,1,0,0
23.0,1,15.74,17.0,6.0,9.0,1.0,0.0,0.0,25.46,50.75,1.0,1,0,0
59.0,0,5.76,11.0,0.0,6.0,1.0,0.0,1.0,6.61,85.33,1.0,0,1,0
21.0,0,27.5,15.0,7.0,0.0,1.0,0.0,0.0,36.02,8.37,1.0,0,1,0
46.0,0,11.67,7.0,0.0,3.0,1.0,1.0,1.0,16.34,5.61,1.0,1,0,0
35.0,0,20.45,15.0,14.0,4.0,0.0,0.0,0.0,28.42,80.39,1.0,0,1,0
43.0,0,7.54,17.0,8.0,6.0,0.0,0.0,1.0,8.5,49.78,1.0,0,1,0
51.0,1,7.97,11.0,13.0,6.0,0.0,1.0,0.0,8.16,47.09,1.0,1,0,0
27.0,1,17.67,12.0,13.0,4.0,0.0,1.0,1.0,22.99,47.56,1.0,0,1,0
53.0,1,15.74,13.0,14.0,0.0,1.0,0.0,0.0,13.93,38.11,1.0,0,0,1
31.0,0,23.29,11.0,3.0,4.0,1.0,1.0,1.0,29.3,88.64,1.0,1,0,0
48.0,0,22.98,11.0,8.0,4.0,0.0,0.0,1.0,23.12,52.1,1.0,1,0,0
32.0,0,20.45,9.0,7.0,3.0,1.0,0.0,0.0,12.75,97.39,1.0,0,1,0
25.0,0,14.02,11.0,8.0,5.0,1.0,1.0,1.0,17.57,84.65,1.0,0,1,0
31.0,1,26.83,4.0,14.0,7.0,0.0,0.0,1.0,30.81,73.76,1.0,0,1,0
40.0,1,19.05,2.0,13.0,9.0,0.0,1.0,1.0,11.1,63.62,1.0,0,1,0
57.0,1,29.72,4.0,5.0,4.0,0.0,1.0,1.0,28.24,83.52,1.0,0,1,0
38.0,1,24.76,14.0,8.0,7.0,1.0,0.0,1.0,24.43,88.17,1.0,0,1,0
33.0,1,2.28,5.0,3.0,4.0,1.0,1.0,0.0,2.63,13.32,1.0,0,1,0
35.0,1,10.3,17.0,2.0,2.0,1.0,1.0,0.0,12.14,35.97,1.0,0,1,0
41.0,0,17.58,12.0,2.0,7.0,1.0,0.0,0.0,12.14,80.54,1.0,1,0,0
43.0,0,21.92,6.0,7.0,3.0,1.0,0.0,1.0,11.7,22.13,1.0,0,1,0
42.0,1,16.96,12.0,1.0,2.0,1.0,0.0,1.0,21.95,58.62,1.0,0,1,0
58.0,0,23.8,15.0,11.0,2.0,0.0,0.0,1.0,35.26,78.05,1.0,1,0,0
46.0,1,15.74,19.0,5.0,5.0,1.0,1.0,1.0,13.25,22.39,1.0,0,0,1
32.0,1,6.33,10.0,8.0,7.0,0.0,0.0,1.0,6.34,40.2,1.0,0,1,0
18.0,0,2.56,2.0,14.0,9.0,0.0,0.0,0.0,2.63,91.51,1.0,0,1,0
42.0,1,17.63,12.0,8.0,4.0,1.0,1.0,1.0,25.22,35.6,1.0,0,1,0
24.0,1,20.97,12.0,7.0,0.0,0.0,0.0,0.0,21.9,60.47,1.0,0,0,1
26.0,1,10.46,7.0,7.0,0.0,0.0,0.0,0.0,8.13,43.38,1.0,1,0,0
41.0,0,18.79,1.0,0.0,2.0,0.0,1.0,1.0,22.13,87.7,1.0,1,0,0
18.0,0,2.51,18.0,10.0,5.0,0.0,1.0,1.0,2.45,42.41,1.0,0,1,0
25.0,1,3.88,3.0,6.0,1.0,1.0,0.0,0.0,14.3,49.5,1.0,0,1,0
41.0,0,21.35,5.0,13.0,0.0,0.0,0.0,0.0,27.4,17.33,1.0,0,1,0
28.0,1,11.67,15.0,14.0,6.0,1.0,1.0,1.0,16.76,34.92,1.0,1,0,0
34.0,0,20.47,10.0,0.0,1.0,0.0,0.0,1.0,13.06,66.96,1.0,1,0,0
25.0,0,25.12,19.0,8.0,7.0,1.0,1.0,0.0,25.66,17.58,1.0,0,0,1
52.0,0,25.73,1.0,2.0,1.0,0.0,1.0,0.0,33.09,70.54,1.0,0,1,0
52.0,1,5.99,7.0,0.0,0.0,1.0,0.0,0.0,5.6,1.06,1.0,0,1,0
50.0,0,15.1,18.0,7.0,9.0,1.0,1.0,0.0,17.02,36.7,1.0,0,1,0
22.0,0,22.28,2.0,6.0,1.0,1.0,0.0,0.0,29.34,46.59,1.0,1,0,0
59.0,1,23.45,19.0,1.0,1.0,0.0,1.0,1.0,22.83,9.61,1.0,1,0,0
56.0,1,23.76,10.0,13.0,6.0,0.0,1.0,1.0,21.58,68.41,1.0,0,1,0
58.0,1,7.62,15.0,6.0,0.0,0.0,0.0,1.0,5.19,10.28,1.0,0,1,0
45.0,1,6.58,10.0,4.0,2.0,1.0,0.0,0.0,8.72,9.0,1.0,0,1,0
24.0,0,18.11,10.0,14.0,4.0,1.0,1.0,1.0,23.47,36.79,1.0,0,1,0
26.0,1,22.49,12.0,6.0,6.0,1.0,0.0,1.0,27.96,73.83,1.0,1,0,0
25.0,0,10.26,8.0,9.0,5.0,0.0,1.0,1.0,9.17,96.37,1.0,0,1,0
29.0,0,4.04,14.0,7.0,7.0,0.0,0.0,0.0,4.38,77.6,1.0,1,0,0
51.0,0,21.79,2.0,6.0,0.0,1.0,0.0,1.0,13.6,46.6,1.0,0,1,0
50.0,0,9.69,17.0,1.0,6.0,0.0,0.0,1.0,7.94,27.26,1.0,1,0,0
40.0,0,5.82,6.0,1.0,8.0,1.0,0.0,1.0,5.44,30.14,1.0,0,1,0
41.0,1,5.28,8.0,14.0,6.0,0.0,1.0,1.0,2.87,28.37,1.0,1,0,0
54.0,0,10.13,1.0,6.0,5.0,1.0,0.0,0.0,6.11,27.83,1.0,0,1,0
52.0,0,18.19,3.0,2.0,8.0,1.0,0.0,0.0,24.19,6.91,1.0,0,1,0
57.0,0,11.39,15.0,3.0,3.0,1.0,0.0,0.0,16.76,22.04,1.0,0,1,0
39.0,1,1.6,17.0,14.0,9.0,0.0,0.0,1.0,1.32,10.79,1.0,0,1,0
39.0,0,3.81,7.0,13.0,5.0,0.0,0.0,0.0,2.31,0.74,1.0,0,1,0
52.0,0,9.42,14.0,6.0,5.0,1.0,0.0,1.0,13.52,28.56,1.0,0,1,0
18.0,1,20.13,3.0,13.0,9.0,0.0,0.0,1.0,28.47,35.22,1.0,0,0,1
52.0,0,3.86,18.0,1.0,2.0,0.0,1.0,1.0,4.46,92.74,1.0,0,1,0
54.0,0,17.26,5.0,7.0,6.0,1.0,1.0,1.0,14.47,99.48,1.0,1,0,0
31.0,1,15.74,15.0,1.0,0.0,0.0,0.0,0.0,2.74,57.94,1.0,0,0,1
20.0,0,7.14,6.0,8.0,7.0,0.0,1.0,1.0,10.28,90.1,1.0,0,1,0
18.0,0,5.99,3.0,10.0,7.0,0.0,0.0,1.0,8.51,61.82,1.0,1,0,0
22.0,0,2.95,18.0,0.0,7.0,0.0,1.0,0.0,3.67,49.76,1.0,0,1,0
43.0,0,20.47,3.0,11.0,5.0,1.0,0.0,0.0,29.35,4.27,1.0,0,1,0
31.0,0,14.44,8.0,11.0,3.0,0.0,0.0,0.0,9.24,4.46,1.0,0,1,0
56.0,1,25.1,19.0,2.0,5.0,0.0,0.0,1.0,15.29,3.08,1.0,0,0,1
44.0,1,3.87,18.0,9.0,5.0,0.0,1.0,0.0,2.68,15.01,1.0,0,1,0
26.0,1,5.2,15.0,3.0,1.0,1.0,0.0,0.0,3.72,7.69,1.0,0,1,0
32.0,0,9.89,14.0,4.0,5.0,1.0,0.0,0.0,13.13,19.47,1.0,0,1,0
32.0,0,23.21,16.0,14.0,7.0,1.0,0.0,0.0,33.0,51.92,1.0,1,0,0
43.0,0,9.87,3.0,2.0,3.0,0.0,0.0,1.0,7.06,50.32,1.0,0,1,0
59.0,1,12.84,15.0,8.0,4.0,1.0,0.0,1.0,12.36,34.42,1.0,1,0,0
30.0,0,9.75,19.0,4.0,7.0,0.0,1.0,0.0,9.31,66.6,1.0,1,0,0
49.0,0,3.33,8.0,6.0,2.0,1.0,1.0,1.0,2.26,39.19,1.0,1,0,0
56.0,0,28.24,2.0,14.0,5.0,1.0,1.0,1.0,38.22,22.02,1.0,0,0,1
49.0,1,16.91,17.0,13.0,0.0,0.0,0.0,0.0,17.29,69.22,1.0,1,0,0
21.0,1,23.85,12.0,10.0,3.0,1.0,0.0,0.0,25.43,98.02,1.0,0,1,0
47.0,0,20.09,10.0,12.0,5.0,1.0,0.0,1.0,15.24,81.07,1.0,0,1,0
54.0,0,15.91,11.0,6.0,2.0,1.0,1.0,0.0,16.85,41.41,1.0,0,1,0
40.0,0,3.6,18.0,10.0,0.0,1.0,0.0,1.0,14.3,37.57,1.0,0,1,0
56.0,1,19.64,13.0,8.0,5.0,1.0,1.0,1.0,15.81,3.86,1.0,0,1,0
32.0,1,5.51,14.0,1.0,2.0,0.0,0.0,1.0,3.38,65.71,1.0,0,1,0
46.0,1,13.02,12.0,2.0,7.0,0.0,0.0,1.0,14.11,22.26,1.0,0,1,0
53.0,0,19.24,15.0,3.0,6.0,1.0,1.0,1.0,21.85,68.35,1.0,0,0,1
30.0,1,23.68,8.0,7.0,6.0,0.0,0.0,1.0,16.62,76.02,1.0,0,1,0
49.0,0,20.87,2.0,0.0,7.0,0.0,0.0,0.0,15.62,87.98,1.0,0,0,1
24.0,0,20.47,8.0,8.0,6.0,1.0,1.0,0.0,13.37,54.83,1.0,0,1,0
39.0,1,5.32,5.0,4.0,4.0,1.0,1.0,1.0,7.56,83.0,1.0,1,0,0
45.0,0,11.04,2.0,3.0,9.0,0.0,1.0,0.0,7.87,72.32,1.0,1,0,0
19.0,1,2.24,10.0,12.0,7.0,1.0,0.0,0.0,1.14,35.3,1.0,0,1,0
59.0,0,21.86,10.0,7.0,7.0,0.0,0.0,1.0,29.3,10.64,1.0,0,1,0
23.0,0,28.62,4.0,13.0,7.0,0.0,1.0,1.0,37.3,24.22,1.0,0,1,0
45.0,1,8.66,4.0,8.0,9.0,1.0,1.0,1.0,8.28,84.46,1.0,0,1,0
45.0,0,3.54,8.0,2.0,5.0,1.0,0.0,1.0,4.59,53.44,1.0,0,0,1
37.0,0,14.79,6.0,13.0,1.0,0.0,0.0,1.0,14.04,66.56,1.0,1,0,0
47.0,0,25.84,15.0,3.0,7.0,0.0,0.0,1.0,18.72,80.61,1.0,0,1,0
28.0,0,17.01,18.0,0.0,9.0,1.0,0.0,1.0,15.75,66.7,1.0,0,1,0
45.0,1,2.36,8.0,14.0,0.0,1.0,0.0,0.0,2.33,85.61,1.0,0,1,0
42.0,0,29.25,7.0,11.0,8.0,1.0,1.0,0.0,14.89,8.64,1.0,0,1,0
56.0,0,25.03,17.0,13.0,8.0,1.0,0.0,1.0,15.35,90.36,1.0,1,0,0
50.0,0,4.82,19.0,2.0,5.0,1.0,0.0,0.0,6.63,81.26,1.0,0,1,0
18.0,1,27.73,2.0,9.0,9.0,1.0,1.0,1.0,24.75,90.3,1.0,0,1,0
44.0,1,14.07,12.0,4.0,5.0,0.0,1.0,1.0,11.7,73.09,1.0,0,1,0
30.0,0,11.79,19.0,14.0,5.0,0.0,0.0,0.0,16.37,27.44,1.0,0,1,0
58.0,0,14.37,5.0,12.0,3.0,1.0,0.0,1.0,9.41,11.39,1.0,1,0,0
20.0,1,25.2,12.0,7.0,0.0,0.0,0.0,0.0,18.07,12.96,1.0,0,1,0
56.0,0,20.12,17.0,13.0,0.0,0.0,1.0,1.0,26.72,49.89,1.0,0,0,1
23.0,1,15.74,5.0,0.0,0.0,0.0,0.0,1.0,2.12,39.09,1.0,0,1,0
25.0,1,28.77,2.0,0.0,4.0,0.0,0.0,0.0,32.6,65.42,1.0,0,1,0
44.0,1,5.29,4.0,2.0,6.0,0.0,0.0,1.0,6.56,50.33,1.0,0,1,0
26.0,0,22.62,6.0,8.0,0.0,0.0,1.0,1.0,16.35,12.53,1.0,1,0,0
54.0,0,19.45,9.0,8.0,0.0,0.0,0.0,1.0,14.65,0.22,1.0,0,0,1
50.0,0,6.44,10.0,0.0,5.0,0.0,0.0,1.0,6.54,12.83,1.0,1,0,0
59.0,1,5.95,11.0,3.0,1.0,1.0,0.0,0.0,7.69,14.67,1.0,0,1,0
41.0,1,26.24,2.0,11.0,1.0,1.0,0.0,0.0,27.67,71.99,1.0,0,0,1
32.0,1,13.17,9.0,7.0,6.0,1.0,1.0,0.0,7.47,28.53,1.0,0,1,0
49.0,0,19.98,17.0,1.0,8.0,1.0,0.0,0.0,17.0,9.36,1.0,1,0,0
49.0,1,15.62,10.0,3.0,7.0,0.0,1.0,0.0,12.97,75.54,1.0,0,0,1
41.0,1,22.09,8.0,6.0,1.0,1.0,1.0,0.0,28.88,94.05,1.0,0,1,0
58.0,1,14.9,5.0,6.0,6.0,1.0,1.0,1.0,11.77,10.05,1.0,0,0,1
29.0,1,9.33,5.0,4.0,4.0,0.0,0.0,1.0,13.07,96.31,1.0,0,1,0
56.0,1,11.54,6.0,6.0,9.0,1.0,0.0,0.0,9.64,95.03,1.0,0,0,1
19.0,0,25.91,16.0,5.0,3.0,1.0,0.0,1.0,17.98,52.31,1.0,0,1,0
20.0,0,14.57,1.0,1.0,9.0,0.0,1.0,0.0,15.15,29.58,1.0,0,0,1
54.0,1,7.19,9.0,8.0,3.0,1.0,0.0,1.0,6.37,13.81,1.0,0,1,0
34.0,0,28.1,7.0,4.0,3.0,1.0,1.0,1.0,32.25,82.39,1.0,1,0,0
19.0,1,24.1,11.0,1.0,8.0,0.0,1.0,0.0,34.12,60.47,1.0,0,1,0
19.0,0,2.61,15.0,5.0,6.0,0.0,1.0,1.0,3.76,65.13,1.0,0,1,0
45.0,1,29.97,5.0,9.0,6.0,1.0,0.0,1.0,21.8,86.09,1.0,0,1,0
39.0,0,21.15,19.0,4.0,3.0,1.0,0.0,0.0,14.01,44.39,1.0,1,0,0
54.0,1,5.65,6.0,7.0,8.0,1.0,1.0,1.0,8.14,36.81,1.0,0,1,0
49.0,0,7.88,14.0,7.0,7.0,0.0,1.0,0.0,10.34,76.23,1.0,0,1,0
50.0,0,21.08,14.0,9.0,9.0,1.0,1.0,1.0,16.06,29.72,1.0,0,1,0
18.0,0,23.61,11.0,9.0,3.0,1.0,0.0,1.0,30.81,32.79,1.0,0,0,1
36.0,0,7.93,4.0,6.0,5.0,1.0,1.0,1.0,9.84,49.5,1.0,0,1,0
19.0,0,8.45,10.0,9.0,3.0,1.0,0.0,0.0,6.37,85.64,1.0,0,1,0
43.0,0,9.91,2.0,12.0,0.0,0.0,0.0,1.0,14.3,77.91,1.0,0,1,0
49.0,0,18.34,4.0,1.0,4.0,0.0,1.0,0.0,15.07,29.14,1.0,0,1,0
23.0,1,5.98,10.0,6.0,9.0,1.0,0.0,1.0,5.86,14.36,1.0,0,1,0
49.0,1,4.02,1.0,13.0,2.0,1.0,0.0,0.0,4.46,39.28,1.0,0,1,0
21.0,0,20.69,14.0,5.0,0.0,0.0,1.0,1.0,14.3,62.46,1.0,1,0,0
28.0,1,23.59,10.0,11.0,1.0,0.0,0.0,1.0,14.3,67.62,1.0,1,0,0
34.0,1,15.53,12.0,11.0,1.0,0.0,0.0,1.0,18.73,20.04,1.0,0,1,0
55.0,1,11.55,19.0,3.0,7.0,0.0,0.0,0.0,6.95,24.94,1.0,0,1,0
41.0,0,13.53,12.0,3.0,3.0,1.0,0.0,0.0,11.9,93.01,1.0,1,0,0
22.0,1,12.26,5.0,11.0,2.0,0.0,0.0,0.0,13.63,38.51,1.0,0,1,0
51.0,1,28.84,4.0,5.0,3.0,0.0,0.0,0.0,41.13,31.41,1.0,1,0,0
23.0,1,23.27,13.0,8.0,9.0,1.0,0.0,1.0,32.37,69.57,1.0,0,1,0
39.0,0,7.03,18.0,9.0,0.0,1.0,1.0,0.0,4.71,46.79,1.0,0,1,0
28.0,0,12.14,12.0,5.0,0.0,1.0,1.0,0.0,13.48,24.68,1.0,0,1,0
33.0,1,16.78,16.0,5.0,4.0,1.0,0.0,1.0,10.03,40.93,1.0,1,0,0
50.0,0,18.78,6.0,10.0,6.0,1.0,0.0,1.0,14.91,49.5,1.0,0,1,0
26.0,0,14.58,7.0,0.0,8.0,1.0,1.0,0.0,16.0,27.96,1.0,0,1,0
23.0,1,24.49,9.0,4.0,6.0,1.0,0.0,1.0,14.24,41.85,1.0,0,1,0
33.0,0,23.26,10.0,14.0,4.0,0.0,0.0,0.0,32.3,51.8,1.0,1,0,0
46.0,1,15.65,5.0,0.0,2.0,0.0,0.0,1.0,20.8,74.17,1.0,0,0,1
20.0,1,25.78,4.0,10.0,7.0,1.0,0.0,1.0,25.09,38.49,1.0,0,1,0
37.0,1,22.78,11.0,13.0,6.0,0.0,1.0,1.0,22.59,54.57,1.0,0,1,0
53.0,1,15.74,19.0,8.0,5.0,0.0,1.0,0.0,32.57,95.1,1.0,0,0,1
36.0,1,28.74,7.0,9.0,0.0,1.0,0.0,1.0,15.82,81.83,1.0,0,1,0
43.0,1,8.73,13.0,3.0,2.0,0.0,1.0,0.0,5.62,23.7,1.0,0,1,0
20.0,0,8.76,13.0,1.0,7.0,0.0,0.0,0.0,7.08,21.35,1.0,0,1,0
36.0,0,26.78,18.0,8.0,1.0,0.0,1.0,1.0,23.15,66.27,1.0,1,0,0
37.0,0,23.39,9.0,5.0,8.0,0.0,0.0,0.0,34.79,59.53,1.0,0,1,0
49.0,1,27.87,13.0,13.0,3.0,1.0,1.0,0.0,18.04,54.69,1.0,1,0,0
24.0,0,2.83,13.0,10.0,6.0,0.0,0.0,1.0,2.27,15.42,1.0,0,1,0
58.0,1,19.2,5.0,12.0,9.0,0.0,0.0,1.0,25.5,36.26,1.0,0,1,0
50.0,0,5.19,12.0,9.0,6.0,1.0,1.0,0.0,6.67,75.94,1.0,1,0,0
57.0,1,15.61,1.0,2.0,7.0,0.0,1.0,0.0,18.03,49.5,1.0,0,1,0
56.0,0,5.52,18.0,12.0,6.0,1.0,0.0,0.0,4.57,16.52,1.0,0,1,0
35.0,1,4.71,17.0,11.0,3.0,0.0,1.0,0.0,2.91,42.69,1.0,1,0,0
57.0,0,1.35,10.0,1.0,6.0,0.0,1.0,1.0,2.0,44.27,1.0,1,0,0
18.0,1,19.28,9.0,5.0,4.0,1.0,0.0,0.0,14.49,50.86,1.0,1,0,0
28.0,0,11.41,8.0,9.0,9.0,1.0,1.0,1.0,15.34,46.12,1.0,0,0,1
45.0,1,4.05,15.0,5.0,6.0,1.0,0.0,0.0,5.65,50.17,1.0,1,0,0
42.0,0,10.36,13.0,13.0,2.0,0.0,1.0,0.0,9.75,81.31,1.0,0,1,0
40.0,0,5.9,17.0,11.0,9.0,1.0,0.0,1.0,7.97,38.95,1.0,0,1,0
48.0,0,28.31,9.0,11.0,6.0,1.0,0.0,1.0,22.05,55.2,1.0,1,0,0
47.0,1,10.28,11.0,8.0,6.0,0.0,1.0,1.0,14.29,60.68,1.0,0,1,0
59.0,1,10.68,4.0,4.0,1.0,1.0,0.0,0.0,12.13,94.23,1.0,1,0,0
52.0,1,25.36,7.0,10.0,7.0,0.0,0.0,1.0,17.61,65.47,1.0,1,0,0
24.0,1,19.78,3.0,14.0,5.0,0.0,1.0,0.0,25.45,13.07,1.0,0,1,0
33.0,1,21.59,10.0,7.0,8.0,1.0,0.0,0.0,30.52,58.25,1.0,0,0,1
43.0,0,19.44,3.0,11.0,3.0,1.0,1.0,1.0,20.81,66.19,1.0,0,1,0
19.0,1,15.74,1.0,8.0,8.0,0.0,1.0,0.0,35.85,0.95,1.0,0,1,0
18.0,0,7.0,14.0,12.0,0.0,1.0,0.0,0.0,9.06,7.53,1.0,0,0,1
29.0,0,29.68,13.0,4.0,4.0,0.0,1.0,0.0,38.21,1.9,1.0,0,1,0
22.0,1,25.1,5.0,1.0,9.0,1.0,1.0,1.0,23.96,4.83,1.0,0,1,0
54.0,0,18.08,8.0,0.0,6.0,1.0,0.0,0.0,22.42,8.97,1.0,0,1,0
49.0,1,20.21,12.0,8.0,3.0,0.0,1.0,0.0,21.19,95.78,1.0,1,0,0
26.0,1,19.82,6.0,9.0,6.0,0.0,0.0,0.0,18.13,20.67,1.0,1,0,0
58.0,1,2.69,2.0,7.0,8.0,1.0,1.0,0.0,1.79,20.46,1.0,1,0,0
52.0,0,7.32,4.0,2.0,4.0,1.0,0.0,1.0,10.31,85.74,1.0,1,0,0
36.0,1,28.88,5.0,14.0,4.0,1.0,1.0,1.0,26.42,75.28,1.0,0,1,0
33.0,1,16.5,11.0,11.0,1.0,1.0,0.0,0.0,12.2,67.58,1.0,1,0,0
20.0,1,11.97,13.0,5.0,4.0,0.0,0.0,0.0,8.89,42.17,1.0,1,0,0
37.0,0,23.1,8.0,9.0,7.0,0.0,1.0,0.0,17.14,3.12,1.0,0,1,0
41.0,1,16.21,5.0,3.0,3.0,0.0,0.0,0.0,8.15,82.65,1.0,0,1,0
50.0,0,1.38,6.0,13.0,1.0,1.0,0.0,1.0,1.29,86.08,1.0,0,0,1
41.0,0,22.35,15.0,8.0,7.0,1.0,0.0,1.0,31.08,48.18,1.0,1,0,0
28.0,1,22.23,16.0,14.0,3.0,0.0,1.0,1.0,11.67,64.49,1.0,1,0,0
25.0,0,5.79,11.0,1.0,4.0,0.0,0.0,1.0,8.43,47.77,1.0,1,0,0
53.0,0,28.74,7.0,13.0,6.0,1.0,1.0,1.0,19.52,29.62,1.0,0,1,0
55.0,1,7.49,6.0,10.0,4.0,1.0,1.0,1.0,9.13,49.5,1.0,1,0,0
57.0,1,14.27,12.0,11.0,9.0,0.0,1.0,0.0,18.34,68.86,1.0,0,1,0
37.0,1,4.33,4.0,14.0,3.0,0.0,0.0,0.0,5.35,15.46,1.0,0,1,0
52.0,0,18.5,14.0,11.0,6.0,1.0,1.0,0.0,15.52,49.5,1.0,1,0,0
42.0,1,11.89,11.0,3.0,3.0,1.0,0.0,1.0,14.31,77.6,1.0,0,1,0
52.0,0,11.24,12.0,0.0,9.0,0.0,1.0,0.0,10.94,47.56,1.0,1,0,0
42.0,0,24.98,2.0,6.0,3.0,1.0,1.0,0.0,16.29,15.69,1.0,0,1,0
46.0,0,1.28,11.0,13.0,1.0,1.0,1.0,0.0,0.9,86.97,1.0,0,1,0
35.0,0,24.14,13.0,3.0,4.0,1.0,0.0,1.0,12.7,67.39,1.0,0,1,0
35.0,0,17.57,11.0,4.0,7.0,0.0,1.0,1.0,14.62,63.25,1.0,0,1,0
19.0,1,29.6,9.0,14.0,3.0,1.0,0.0,0.0,36.35,65.17,1.0,0,1,0
52.0,1,18.09,16.0,11.0,1.0,0.0,0.0,0.0,26.58,24.51,1.0,0,1,0
33.0,0,2.61,5.0,0.0,8.0,1.0,1.0,1.0,1.65,49.23,1.0,0,0,1
58.0,0,2.47,12.0,1.0,5.0,1.0,1.0,1.0,2.11,32.6,1.0,0,1,0
53.0,1,26.61,3.0,11.0,2.0,0.0,1.0,0.0,18.13,49.5,1.0,0,1,0
50.0,1,25.4,16.0,3.0,5.0,0.0,0.0,1.0,32.03,58.88,1.0,0,1,0
21.0,0,11.03,19.0,1.0,4.0,1.0,0.0,1.0,15.66,71.73,1.0,1,0,0
50.0,0,18.92,17.0,13.0,5.0,0.0,0.0,0.0,11.62,49.5,1.0,0,1,0
31.0,1,15.2,11.0,13.0,8.0,0.0,1.0,0.0,21.33,48.37,1.0,1,0,0
38.0,1,29.05,19.0,12.0,4.0,0.0,0.0,0.0,22.41,80.49,1.0,1,0,0
37.0,0,28.55,18.0,0.0,8.0,1.0,0.0,1.0,20.64,61.54,1.0,0,1,0
25.0,1,29.53,9.0,9.0,0.0,0.0,0.0,0.0,16.44,49.5,1.0,0,1,0
24.0,1,26.13,13.0,0.0,9.0,1.0,0.0,0.0,15.17,29.07,1.0,0,0,1
39.0,0,27.38,6.0,5.0,3.0,0.0,1.0,1.0,15.59,82.7,1.0,1,0,0
34.0,0,7.3,3.0,1.0,0.0,0.0,1.0,1.0,6.91,94.12,0.0,1,0,0
50.0,0,25.1,12.0,2.0,1.0,1.0,1.0,0.0,29.08,54.8,1.0,0,1,0
29.0,1,21.56,9.0,4.0,1.0,1.0,0.0,0.0,14.76,38.55,1.0,0,1,0
39.0,0,28.92,9.0,2.0,9.0,0.0,0.0,0.0,20.75,62.5,1.0,0,1,0
39.0,1,17.57,15.0,5.0,5.0,1.0,1.0,1.0,11.82,48.35,1.0,0,1,0
47.0,0,3.47,1.0,6.0,0.0,1.0,1.0,1.0,4.53,84.17,1.0,0,1,0
55.0,0,18.32,18.0,9.0,9.0,0.0,0.0,0.0,11.67,83.3,1.0,1,0,0
55.0,1,20.91,15.0,5.0,2.0,0.0,0.0,0.0,11.99,45.62,1.0,0,1,0
25.0,1,7.39,8.0,1.0,5.0,1.0,0.0,1.0,3.97,80.46,1.0,1,0,0
44.0,0,12.43,11.0,8.0,0.0,0.0,1.0,1.0,6.71,19.3,1.0,1,0,0
44.0,0,18.36,17.0,1.0,0.0,1.0,0.0,0.0,19.22,37.39,1.0,0,1,0
51.0,1,11.85,14.0,5.0,2.0,1.0,1.0,1.0,7.04,7.96,1.0,1,0,0
38.0,0,11.87,19.0,8.0,8.0,1.0,1.0,1.0,8.58,80.78,1.0,0,1,0
47.0,1,4.86,5.0,8.0,1.0,0.0,0.0,0.0,6.48,97.52,1.0,1,0,0
50.0,1,28.28,2.0,1.0,5.0,1.0,0.0,1.0,41.52,57.68,1.0,0,1,0
45.0,0,22.76,15.0,8.0,2.0,0.0,1.0,1.0,30.97,76.65,1.0,0,1,0
50.0,1,1.04,19.0,7.0,5.0,1.0,0.0,1.0,1.52,40.16,1.0,1,0,0
22.0,1,23.2,16.0,13.0,6.0,1.0,0.0,1.0,27.15,56.16,1.0,0,1,0
36.0,1,22.45,13.0,6.0,6.0,1.0,0.0,0.0,33.39,34.74,1.0,0,0,1
21.0,0,1.28,10.0,12.0,1.0,0.0,1.0,1.0,1.28,69.68,1.0,0,1,0
52.0,1,11.72,10.0,10.0,2.0,0.0,1.0,1.0,15.17,24.62,1.0,0,1,0
34.0,0,18.6,19.0,7.0,3.0,1.0,1.0,0.0,27.37,15.32,1.0,0,1,0
45.0,0,14.13,7.0,9.0,7.0,1.0,0.0,1.0,17.09,89.86,1.0,0,1,0
47.0,0,23.56,12.0,7.0,4.0,0.0,0.0,0.0,34.32,86.43,1.0,0,1,0
46.0,1,13.34,13.0,0.0,0.0,1.0,1.0,1.0,10.05,83.5,1.0,1,0,0
23.0,1,5.46,13.0,8.0,8.0,0.0,0.0,1.0,4.37,82.15,1.0,1,0,0
52.0,0,29.32,14.0,5.0,0.0,1.0,1.0,1.0,26.31,72.95,1.0,1,0,0
58.0,0,8.02,15.0,0.0,1.0,1.0,0.0,0.0,7.74,87.48,1.0,0,0,1
54.0,1,21.81,2.0,0.0,6.0,0.0,1.0,1.0,30.48,21.02,1.0,0,1,0
41.0,0,5.15,6.0,12.0,2.0,0.0,1.0,0.0,7.15,87.04,1.0,1,0,0
46.0,0,10.54,9.0,6.0,5.0,0.0,0.0,0.0,12.2,91.78,1.0,0,1,0
48.0,1,13.82,15.0,9.0,7.0,1.0,1.0,1.0,10.12,71.6,1.0,1,0,0
52.0,0,6.57,16.0,1.0,4.0,1.0,0.0,1.0,4.86,59.94,1.0,0,1,0
50.0,1,14.05,2.0,5.0,0.0,0.0,1.0,0.0,15.9,23.61,1.0,0,0,1
38.0,1,5.56,3.0,12.0,9.0,1.0,0.0,0.0,5.58,86.62,1.0,1,0,0
49.0,0,17.21,8.0,4.0,2.0,1.0,1.0,0.0,13.05,57.68,1.0,0,0,1
40.0,1,20.25,8.0,4.0,1.0,1.0,1.0,0.0,13.53,61.07,1.0,1,0,0
50.0,1,2.81,7.0,9.0,5.0,0.0,1.0,0.0,3.44,60.66,1.0,0,0,1
20.0,1,26.26,11.0,14.0,4.0,0.0,1.0,0.0,34.49,86.68,1.0,1,0,0
35.0,0,6.37,13.0,11.0,6.0,1.0,0.0,0.0,4.85,13.7,1.0,0,1,0
42.0,0,7.54,10.0,5.0,1.0,1.0,1.0,0.0,6.97,6.17,1.0,0,1,0
59.0,0,20.18,9.0,13.0,5.0,1.0,1.0,0.0,24.49,22.4,1.0,0,1,0
48.0,1,14.59,16.0,10.0,4.0,0.0,1.0,1.0,14.14,49.18,1.0,0,1,0
20.0,1,15.48,5.0,7.0,5.0,0.0,1.0,0.0,22.62,46.94,1.0,0,1,0
57.0,0,4.72,14.0,4.0,4.0,0.0,1.0,0.0,2.97,51.2,1.0,0,1,0
41.0,0,24.37,1.0,7.0,6.0,0.0,0.0,0.0,33.01,11.43,1.0,0,1,0
49.0,1,18.89,19.0,4.0,4.0,0.0,0.0,0.0,15.23,79.29,1.0,0,0,1
39.0,0,15.74,17.0,9.0,6.0,1.0,0.0,1.0,5.85,30.21,1.0,0,0,1
40.0,0,11.85,14.0,14.0,0.0,1.0,1.0,0.0,8.93,91.32,1.0,0,1,0
19.0,0,24.5,13.0,5.0,8.0,0.0,0.0,1.0,35.93,84.0,1.0,0,1,0
44.0,0,17.48,8.0,7.0,5.0,0.0,0.0,1.0,9.62,6.35,1.0,0,1,0
59.0,0,4.15,3.0,1.0,8.0,0.0,1.0,1.0,4.21,5.36,1.0,0,1,0
19.0,1,11.81,1.0,6.0,0.0,0.0,0.0,1.0,16.66,62.9,1.0,1,0,0
43.0,0,8.04,19.0,2.0,1.0,1.0,1.0,0.0,7.8,7.73,1.0,0,1,0
34.0,0,16.01,15.0,8.0,6.0,1.0,0.0,1.0,21.46,57.18,1.0,0,1,0
57.0,1,25.46,8.0,9.0,3.0,1.0,0.0,0.0,36.91,7.92,1.0,1,0,0
50.0,1,13.65,9.0,6.0,5.0,1.0,0.0,0.0,7.75,47.93,1.0,1,0,0
26.0,1,13.57,13.0,14.0,0.0,0.0,0.0,0.0,13.42,41.91,1.0,0,1,0
56.0,1,27.26,12.0,2.0,4.0,0.0,1.0,1.0,32.34,59.09,1.0,1,0,0
46.0,0,17.71,9.0,14.0,5.0,0.0,0.0,1.0,23.59,35.62,1.0,0,1,0
59.0,0,17.42,11.0,7.0,5.0,1.0,1.0,0.0,11.55,14.0,1.0,0,1,0
43.0,0,8.6,5.0,9.0,6.0,1.0,1.0,1.0,9.17,84.21,1.0,0,1,0
52.0,0,18.62,19.0,1.0,2.0,1.0,0.0,1.0,12.34,29.93,1.0,0,1,0
42.0,1,15.74,18.0,9.0,5.0,1.0,1.0,1.0,22.22,6.75,1.0,0,1,0
39.0,1,12.51,11.0,11.0,1.0,1.0,1.0,0.0,9.82,50.06,1.0,0,1,0
30.0,0,29.73,11.0,7.0,9.0,0.0,1.0,1.0,22.86,87.77,1.0,1,0,0
24.0,0,26.57,6.0,6.0,3.0,1.0,1.0,0.0,33.74,28.07,1.0,1,0,0
53.0,0,22.74,1.0,11.0,9.0,1.0,0.0,1.0,30.52,45.08,1.0,0,1,0
37.0,0,16.58,9.0,4.0,8.0,1.0,1.0,1.0,13.98,40.26,1.0,0,1,0
18.0,1,14.4,7.0,3.0,6.0,0.0,1.0,1.0,14.42,4.84,1.0,1,0,0
25.0,0,6.36,6.0,10.0,1.0,1.0,0.0,0.0,7.59,86.83,1.0,0,1,0
33.0,1,9.87,10.0,9.0,5.0,1.0,1.0,1.0,12.29,75.89,1.0,0,0,1
31.0,1,23.44,5.0,11.0,3.0,0.0,1.0,0.0,29.77,49.5,1.0,1,0,0
29.0,1,14.16,1.0,13.0,7.0,0.0,1.0,0.0,12.61,13.22,1.0,0,1,0
40.0,1,26.59,15.0,9.0,7.0,0.0,1.0,1.0,27.56,1.06,1.0,0,1,0
32.0,0,5.29,5.0,0.0,0.0,1.0,0.0,1.0,3.22,98.57,0.0,0,1,0
45.0,0,15.74,6.0,12.0,7.0,1.0,0.0,0.0,22.8,41.62,1.0,0,1,0
51.0,0,19.76,5.0,3.0,9.0,1.0,0.0,0.0,23.74,93.04,1.0,0,1,0
19.0,0,15.99,17.0,5.0,6.0,1.0,1.0,1.0,14.0,42.01,1.0,1,0,0
49.0,1,26.79,18.0,14.0,0.0,0.0,0.0,1.0,23.83,10.38,1.0,0,1,0
40.0,1,15.74,4.0,5.0,2.0,0.0,0.0,1.0,17.54,34.33,1.0,0,1,0
39.0,1,4.36,2.0,1.0,4.0,0.0,1.0,0.0,4.17,41.82,1.0,0,1,0
42.0,0,4.77,8.0,8.0,2.0,0.0,1.0,1.0,5.6,17.66,1.0,0,1,0
39.0,1,4.78,5.0,12.0,2.0,1.0,1.0,1.0,6.94,5.35,1.0,0,1,0
39.0,1,20.75,4.0,12.0,5.0,0.0,1.0,0.0,23.81,31.65,1.0,0,1,0
59.0,1,11.81,14.0,0.0,7.0,1.0,1.0,0.0,13.59,53.93,1.0,0,1,0
23.0,1,22.27,4.0,3.0,8.0,1.0,0.0,1.0,28.65,25.53,1.0,1,0,0
32.0,0,12.76,8.0,3.0,4.0,0.0,1.0,0.0,12.89,95.87,1.0,0,1,0
54.0,1,19.2,3.0,1.0,0.0,1.0,1.0,0.0,10.22,48.14,1.0,1,0,0
50.0,1,23.33,14.0,7.0,0.0,1.0,1.0,1.0,32.43,13.03,1.0,0,1,0
25.0,0,16.9,18.0,10.0,8.0,1.0,0.0,1.0,15.25,41.35,1.0,0,1,0
22.0,0,16.65,12.0,1.0,0.0,0.0,1.0,0.0,24.72,70.77,1.0,0,1,0
56.0,0,3.56,15.0,1.0,8.0,1.0,0.0,0.0,3.23,48.71,1.0,1,0,0
21.0,1,12.91,9.0,14.0,2.0,1.0,0.0,1.0,15.08,33.12,1.0,0,1,0
23.0,1,16.83,2.0,1.0,2.0,1.0,1.0,1.0,16.15,10.63,1.0,0,1,0
49.0,1,14.4,1.0,14.0,3.0,0.0,0.0,0.0,10.55,45.96,1.0,0,1,0
47.0,1,27.12,15.0,0.0,4.0,1.0,1.0,0.0,38.8,9.74,1.0,0,1,0
52.0,0,27.29,15.0,12.0,5.0,1.0,0.0,1.0,30.76,37.09,1.0,0,1,0
57.0,1,24.84,8.0,4.0,5.0,1.0,1.0,1.0,23.61,11.62,1.0,1,0,0
33.0,1,15.74,3.0,10.0,9.0,0.0,1.0,0.0,7.65,67.62,1.0,0,1,0
30.0,0,21.8,2.0,3.0,8.0,0.0,1.0,0.0,32.68,49.5,1.0,1,0,0
59.0,0,12.46,4.0,1.0,0.0,0.0,0.0,1.0,17.38,24.35,1.0,0,1,0
47.0,0,7.75,18.0,0.0,8.0,1.0,0.0,1.0,7.15,7.47,1.0,1,0,0
36.0,1,15.74,12.0,0.0,3.0,1.0,0.0,1.0,7.35,34.7,1.0,1,0,0
34.0,1,3.06,18.0,1.0,6.0,1.0,0.0,1.0,1.62,56.05,1.0,0,1,0
36.0,1,10.62,10.0,0.0,5.0,1.0,1.0,0.0,6.92,76.79,1.0,1,0,0
45.0,1,14.36,8.0,8.0,8.0,1.0,0.0,0.0,14.85,40.29,1.0,1,0,0
43.0,1,28.71,18.0,14.0,1.0,0.0,0.0,1.0,37.78,36.59,1.0,0,1,0
54.0,0,10.09,17.0,1.0,1.0,0.0,0.0,1.0,8.71,90.83,1.0,0,1,0
43.0,0,27.17,19.0,2.0,6.0,1.0,0.0,0.0,25.38,44.97,1.0,1,0,0
40.0,1,7.64,6.0,8.0,8.0,0.0,0.0,1.0,7.44,44.72,1.0,0,1,0
26.0,1,6.54,14.0,4.0,4.0,0.0,0.0,0.0,3.38,41.0,1.0,0,1,0
39.0,1,16.05,5.0,13.0,6.0,1.0,0.0,1.0,10.87,36.32,1.0,1,0,0
18.0,1,20.5,8.0,12.0,7.0,1.0,0.0,1.0,20.52,72.85,1.0,0,1,0
18.0,1,2.29,8.0,7.0,7.0,0.0,0.0,0.0,1.78,28.18,1.0,1,0,0
51.0,0,7.41,18.0,6.0,3.0,0.0,1.0,0.0,7.58,37.88,1.0,1,0,0
49.0,0,14.21,9.0,14.0,9.0,1.0,1.0,0.0,8.64,28.23,1.0,0,0,1
42.0,0,10.6,14.0,13.0,6.0,1.0,1.0,1.0,13.81,57.03,1.0,0,1,0
57.0,1,21.67,14.0,5.0,0.0,1.0,0.0,1.0,27.82,96.04,1.0,0,1,0
18.0,1,15.82,14.0,12.0,3.0,0.0,1.0,0.0,18.51,39.03,1.0,0,1,0
33.0,0,5.65,17.0,1.0,4.0,0.0,1.0,1.0,5.83,96.82,1.0,0,1,0
56.0,0,26.94,2.0,13.0,5.0,1.0,1.0,1.0,23.97,65.67,1.0,0,1,0
22.0,1,9.49,14.0,12.0,6.0,1.0,1.0,0.0,11.22,79.54,1.0,0,1,0
39.0,0,22.2,12.0,3.0,5.0,1.0,1.0,1.0,28.46,33.3,1.0,0,1,0
46.0,0,23.62,16.0,8.0,3.0,1.0,1.0,0.0,30.91,22.44,1.0,0,1,0
20.0,1,28.93,6.0,6.0,2.0,1.0,1.0,0.0,24.52,49.5,1.0,1,0,0
29.0,0,15.46,18.0,2.0,5.0,0.0,0.0,1.0,10.73,99.08,1.0,1,0,0
43.0,0,15.74,7.0,5.0,9.0,0.0,0.0,1.0,15.88,71.02,1.0,1,0,0
33.0,0,10.71,2.0,7.0,4.0,1.0,0.0,0.0,5.44,68.16,1.0,0,0,1
54.0,1,20.67,13.0,7.0,2.0,1.0,1.0,1.0,19.08,45.01,1.0,0,1,0
39.0,0,14.44,8.0,7.0,3.0,1.0,0.0,1.0,11.17,87.95,1.0,0,0,1
46.0,0,13.69,12.0,12.0,1.0,0.0,0.0,1.0,17.66,69.7,1.0,1,0,0
31.0,0,25.81,1.0,7.0,8.0,1.0,1.0,0.0,30.32,67.49,1.0,0,1,0
45.0,1,2.45,9.0,9.0,5.0,0.0,1.0,0.0,1.29,29.25,1.0,0,1,0
22.0,1,26.58,8.0,14.0,9.0,0.0,1.0,1.0,17.13,95.77,1.0,0,1,0
47.0,0,25.71,9.0,5.0,2.0,1.0,1.0,1.0,26.79,25.04,1.0,0,1,0
22.0,1,15.68,10.0,10.0,7.0,1.0,0.0,0.0,17.53,52.37,1.0,0,1,0
29.0,0,15.22,13.0,14.0,7.0,1.0,0.0,1.0,19.31,33.96,1.0,0,1,0
33.0,1,11.49,14.0,9.0,0.0,1.0,1.0,0.0,16.87,18.08,1.0,1,0,0
43.0,1,29.83,4.0,10.0,4.0,1.0,1.0,0.0,35.85,14.41,1.0,0,1,0
43.0,0,4.22,17.0,2.0,4.0,0.0,1.0,0.0,4.41,29.29,1.0,0,1,0
38.0,0,18.12,9.0,8.0,2.0,0.0,0.0,0.0,16.57,68.9,1.0,1,0,0
56.0,0,20.77,15.0,13.0,1.0,1.0,1.0,0.0,25.72,97.48,1.0,0,1,0
53.0,1,28.1,4.0,13.0,0.0,1.0,0.0,1.0,40.32,85.33,1.0,0,0,1
50.0,0,23.63,2.0,13.0,3.0,1.0,1.0,1.0,21.81,21.8,1.0,0,1,0
47.0,1,19.67,13.0,2.0,5.0,1.0,0.0,1.0,21.33,7.84,1.0,0,0,1
54.0,1,4.39,4.0,11.0,1.0,1.0,0.0,0.0,3.1,68.67,1.0,0,1,0
40.0,0,11.84,18.0,11.0,4.0,0.0,1.0,0.0,16.07,3.0,1.0,0,1,0
27.0,1,5.03,16.0,14.0,9.0,0.0,1.0,1.0,6.1,85.91,1.0,0,1,0
22.0,0,26.56,10.0,3.0,1.0,0.0,1.0,1.0,22.7,82.55,1.0,1,0,0
53.0,1,22.74,2.0,7.0,0.0,0.0,0.0,0.0,31.25,79.37,1.0,1,0,0
51.0,0,22.97,14.0,9.0,9.0,1.0,0.0,0.0,33.79,55.24,1.0,0,1,0
48.0,1,19.92,2.0,0.0,9.0,1.0,1.0,1.0,15.71,97.35,1.0,0,0,1
27.0,1,15.7,18.0,1.0,9.0,1.0,1.0,1.0,10.78,45.84,1.0,0,1,0
36.0,0,5.35,1.0,5.0,9.0,1.0,0.0,0.0,7.13,98.65,1.0,1,0,0
49.0,1,10.56,13.0,13.0,8.0,0.0,1.0,0.0,11.43,88.19,1.0,1,0,0
18.0,0,4.97,6.0,12.0,1.0,1.0,1.0,0.0,6.88,12.65,1.0,0,1,0
22.0,1,22.02,17.0,13.0,9.0,0.0,0.0,0.0,18.66,89.49,1.0,0,1,0
21.0,1,5.65,17.0,11.0,3.0,1.0,0.0,0.0,6.11,30.49,1.0,0,0,1
33.0,1,21.36,11.0,0.0,2.0,1.0,0.0,1.0,23.01,76.83,1.0,0,0,1
41.0,0,21.08,6.0,11.0,0.0,1.0,0.0,0.0,14.51,0.02,1.0,0,0,1
33.0,0,14.32,3.0,8.0,7.0,1.0,0.0,1.0,21.36,27.58,1.0,0,0,1
19.0,0,4.92,14.0,7.0,5.0,0.0,1.0,0.0,5.73,75.84,1.0,0,1,0
45.0,0,10.13,6.0,1.0,7.0,1.0,0.0,0.0,11.79,97.23,1.0,1,0,0
49.0,0,10.28,17.0,13.0,0.0,1.0,0.0,0.0,8.19,17.1,1.0,0,1,0
44.0,1,21.31,3.0,1.0,5.0,1.0,1.0,0.0,24.51,45.94,1.0,0,0,1
37.0,1,4.3,17.0,7.0,3.0,1.0,1.0,0.0,5.73,58.72,1.0,0,1,0
41.0,0,25.04,19.0,11.0,2.0,1.0,0.0,0.0,32.89,95.26,1.0,0,1,0
29.0,1,23.07,18.0,10.0,0.0,0.0,0.0,1.0,32.75,45.33,1.0,0,1,0
52.0,1,6.4,5.0,7.0,9.0,1.0,0.0,0.0,4.15,93.35,1.0,0,1,0
50.0,1,21.86,15.0,0.0,0.0,1.0,0.0,0.0,14.93,97.82,1.0,0,1,0
50.0,1,20.39,3.0,13.0,6.0,0.0,1.0,0.0,24.68,94.16,1.0,1,0,0
54.0,0,22.7,8.0,4.0,5.0,1.0,1.0,0.0,29.69,74.87,1.0,1,0,0
29.0,1,6.48,7.0,14.0,2.0,1.0,0.0,0.0,7.61,12.62,1.0,0,1,0
20.0,0,5.57,18.0,10.0,1.0,1.0,1.0,0.0,3.58,60.24,1.0,1,0,0
18.0,0,7.86,10.0,1.0,9.0,1.0,1.0,0.0,8.61,75.35,1.0,1,0,0
50.0,1,11.61,10.0,0.0,2.0,1.0,0.0,1.0,14.49,95.49,1.0,0,1,0
57.0,0,24.02,19.0,2.0,7.0,1.0,1.0,1.0,15.3,77.8,1.0,0,1,0
27.0,1,22.4,1.0,14.0,6.0,1.0,0.0,1.0,12.45,53.89,1.0,1,0,0
46.0,1,27.84,2.0,12.0,6.0,0.0,1.0,1.0,21.01,20.52,1.0,1,0,0
30.0,1,2.7,1.0,2.0,4.0,1.0,0.0,1.0,1.6,45.71,1.0,0,1,0
29.0,0,1.34,9.0,12.0,9.0,1.0,0.0,1.0,0.87,63.83,1.0,1,0,0
48.0,0,21.28,15.0,9.0,2.0,1.0,0.0,1.0,14.97,32.46,1.0,0,1,0
19.0,0,9.1,18.0,8.0,0.0,0.0,1.0,1.0,9.38,45.65,1.0,0,1,0
52.0,1,10.69,18.0,9.0,0.0,1.0,1.0,0.0,7.01,1.74,1.0,0,1,0
40.0,1,16.86,7.0,0.0,5.0,1.0,1.0,1.0,18.62,87.9,1.0,0,1,0
34.0,1,3.97,10.0,10.0,3.0,1.0,0.0,1.0,3.14,3.48,1.0,1,0,0
43.0,0,19.64,18.0,1.0,6.0,0.0,1.0,1.0,15.92,40.93,1.0,0,0,1
25.0,1,10.43,19.0,8.0,9.0,1.0,1.0,1.0,15.3,51.1,1.0,0,1,0
46.0,1,19.35,5.0,13.0,9.0,0.0,0.0,0.0,25.25,97.24,1.0,0,1,0
43.0,0,25.19,10.0,4.0,9.0,0.0,0.0,1.0,23.28,93.52,1.0,1,0,0
27.0,0,15.74,18.0,8.0,0.0,1.0,0.0,0.0,5.65,64.64,1.0,1,0,0
43.0,0,28.0,13.0,5.0,5.0,1.0,1.0,1.0,17.21,58.41,1.0,1,0,0
51.0,1,16.39,5.0,9.0,6.0,0.0,0.0,1.0,22.04,36.66,1.0,1,0,0
58.0,1,27.76,15.0,9.0,0.0,1.0,0.0,0.0,13.99,4.11,1.0,0,1,0
24.0,1,7.02,19.0,2.0,1.0,0.0,1.0,0.0,4.52,26.77,1.0,1,0,0
21.0,0,18.53,11.0,7.0,8.0,1.0,1.0,0.0,19.16,84.77,1.0,0,1,0
28.0,0,12.71,9.0,12.0,8.0,1.0,1.0,1.0,8.75,64.83,1.0,0,1,0
46.0,0,23.45,16.0,8.0,5.0,0.0,0.0,0.0,26.56,81.44,1.0,0,1,0
53.0,0,18.57,11.0,1.0,3.0,1.0,0.0,0.0,9.35,83.7,1.0,0,1,0
42.0,1,15.34,2.0,8.0,6.0,0.0,1.0,0.0,9.18,6.22,1.0,0,0,1
38.0,1,27.48,8.0,3.0,4.0,1.0,0.0,0.0,34.75,33.71,1.0,1,0,0
53.0,1,11.94,5.0,7.0,2.0,0.0,0.0,0.0,12.85,67.6,1.0,0,1,0
27.0,1,7.38,11.0,4.0,3.0,0.0,1.0,0.0,3.83,85.31,1.0,0,1,0
54.0,1,18.63,11.0,12.0,1.0,1.0,1.0,0.0,13.15,80.14,1.0,0,1,0
26.0,1,19.1,9.0,5.0,5.0,0.0,0.0,1.0,14.11,42.21,1.0,0,1,0
41.0,1,13.73,11.0,3.0,2.0,0.0,1.0,0.0,18.52,93.21,1.0,1,0,0
52.0,1,15.11,5.0,4.0,6.0,1.0,0.0,1.0,16.36,30.07,1.0,0,0,1
52.0,0,28.83,9.0,11.0,3.0,0.0,1.0,0.0,30.02,37.58,1.0,0,0,1
53.0,0,22.25,1.0,0.0,7.0,0.0,1.0,1.0,13.05,18.14,1.0,1,0,0
35.0,1,4.21,10.0,14.0,0.0,0.0,0.0,0.0,4.87,22.69,1.0,1,0,0
56.0,0,7.15,8.0,11.0,8.0,0.0,0.0,0.0,4.69,0.87,1.0,0,1,0
49.0,1,29.29,19.0,2.0,2.0,0.0,0.0,1.0,14.3,30.85,1.0,0,1,0
41.0,1,22.07,16.0,13.0,2.0,1.0,1.0,1.0,14.3,30.66,1.0,0,1,0
40.0,0,27.54,13.0,3.0,4.0,1.0,0.0,1.0,36.96,6.73,1.0,0,1,0
49.0,1,9.81,5.0,0.0,9.0,1.0,1.0,0.0,12.82,34.05,1.0,1,0,0
54.0,1,22.51,18.0,12.0,0.0,0.0,0.0,1.0,15.53,30.14,1.0,0,1,0
29.0,1,21.71,9.0,2.0,2.0,1.0,0.0,0.0,30.75,79.91,1.0,0,1,0
30.0,1,9.55,4.0,3.0,3.0,0.0,0.0,0.0,4.8,15.62,1.0,0,1,0
40.0,1,16.97,14.0,13.0,1.0,1.0,0.0,0.0,14.09,72.51,1.0,0,0,1
42.0,1,19.2,7.0,13.0,5.0,1.0,0.0,0.0,10.87,13.0,1.0,0,1,0
52.0,1,14.95,12.0,8.0,9.0,0.0,0.0,0.0,18.25,49.62,1.0,1,0,0
58.0,0,24.99,7.0,2.0,3.0,1.0,0.0,0.0,25.0,73.64,1.0,1,0,0
47.0,0,25.15,11.0,10.0,0.0,0.0,0.0,1.0,16.97,60.65,1.0,0,1,0
34.0,1,25.67,15.0,2.0,2.0,0.0,1.0,1.0,15.02,64.59,1.0,0,1,0
37.0,0,24.3,7.0,3.0,6.0,0.0,1.0,0.0,17.64,20.64,1.0,1,0,0
42.0,1,15.15,17.0,8.0,2.0,0.0,1.0,0.0,21.52,82.74,1.0,0,1,0
39.0,1,12.06,5.0,8.0,5.0,1.0,0.0,0.0,14.2,95.21,1.0,0,0,1
30.0,1,25.11,8.0,0.0,5.0,0.0,1.0,1.0,18.64,15.44,1.0,0,1,0
36.0,1,15.22,10.0,14.0,0.0,0.0,1.0,1.0,21.21,88.83,1.0,0,1,0
53.0,0,8.14,6.0,7.0,1.0,0.0,0.0,1.0,5.18,49.5,1.0,1,0,0
29.0,1,15.71,2.0,9.0,9.0,0.0,0.0,0.0,18.67,69.88,1.0,1,0,0
58.0,1,5.11,5.0,12.0,5.0,1.0,1.0,0.0,4.73,50.67,1.0,0,0,1
36.0,0,21.06,10.0,0.0,1.0,0.0,1.0,1.0,16.18,79.33,1.0,1,0,0
29.0,1,10.74,3.0,1.0,1.0,1.0,1.0,0.0,8.19,4.53,1.0,0,0,1
26.0,0,8.56,13.0,9.0,3.0,1.0,1.0,1.0,8.57,32.37,1.0,1,0,0
24.0,1,28.74,16.0,7.0,7.0,0.0,0.0,1.0,41.14,4.75,1.0,1,0,0
45.0,1,23.53,15.0,4.0,5.0,1.0,0.0,0.0,29.23,94.17,1.0,0,1,0
31.0,0,23.83,2.0,10.0,7.0,0.0,1.0,1.0,27.69,17.02,1.0,0,1,0
48.0,1,19.09,3.0,12.0,3.0,0.0,1.0,0.0,26.26,42.46,1.0,0,0,1
36.0,0,25.34,18.0,14.0,2.0,0.0,1.0,1.0,27.12,64.14,1.0,0,1,0
33.0,0,23.02,15.0,10.0,6.0,1.0,1.0,0.0,15.93,46.15,1.0,0,1,0
22.0,0,18.36,5.0,13.0,6.0,0.0,0.0,1.0,27.12,53.65,1.0,0,1,0
52.0,0,28.87,11.0,11.0,1.0,1.0,0.0,1.0,29.87,20.4,1.0,0,1,0
29.0,0,6.56,3.0,12.0,0.0,0.0,1.0,0.0,5.35,6.7,1.0,0,1,0
42.0,1,28.36,9.0,5.0,7.0,0.0,0.0,1.0,36.25,25.74,1.0,0,1,0
38.0,0,12.64,7.0,1.0,2.0,0.0,1.0,1.0,12.18,31.72,1.0,1,0,0
53.0,0,16.32,2.0,9.0,5.0,1.0,1.0,1.0,8.36,41.58,1.0,0,1,0
40.0,1,4.56,15.0,4.0,6.0,0.0,1.0,0.0,3.74,29.6,1.0,0,1,0
33.0,0,16.66,12.0,2.0,7.0,1.0,0.0,1.0,15.95,3.58,1.0,0,1,0
56.0,0,18.72,16.0,6.0,5.0,0.0,0.0,0.0,16.34,9.46,1.0,0,1,0
59.0,1,29.93,16.0,11.0,6.0,1.0,1.0,1.0,31.48,67.38,1.0,0,1,0
56.0,1,29.28,16.0,11.0,4.0,0.0,1.0,1.0,20.01,6.32,1.0,1,0,0
31.0,0,29.03,19.0,0.0,2.0,0.0,0.0,1.0,31.13,4.62,1.0,0,1,0
48.0,1,11.1,3.0,4.0,1.0,1.0,0.0,1.0,16.5,81.18,1.0,0,0,1
22.0,0,29.75,4.0,11.0,6.0,0.0,1.0,1.0,37.3,4.12,1.0,0,1,0
52.0,1,14.21,1.0,2.0,7.0,0.0,1.0,0.0,16.83,6.87,1.0,0,1,0
40.0,0,25.7,10.0,10.0,7.0,0.0,1.0,1.0,18.01,54.95,1.0,0,1,0
46.0,1,7.27,15.0,1.0,2.0,1.0,1.0,0.0,7.86,44.28,1.0,0,1,0
28.0,0,15.67,5.0,11.0,1.0,1.0,0.0,1.0,20.68,96.45,1.0,1,0,0
35.0,1,29.01,12.0,11.0,8.0,1.0,0.0,1.0,14.3,93.68,1.0,1,0,0
29.0,0,28.46,4.0,2.0,5.0,1.0,0.0,1.0,16.7,66.02,1.0,1,0,0
26.0,1,20.83,15.0,9.0,5.0,0.0,0.0,1.0,24.2,7.19,1.0,0,1,0
27.0,0,24.14,6.0,3.0,5.0,0.0,0.0,0.0,28.33,50.32,1.0,0,1,0
34.0,0,6.12,5.0,14.0,4.0,1.0,0.0,1.0,7.98,4.51,1.0,0,1,0
55.0,0,21.93,11.0,14.0,0.0,0.0,1.0,0.0,24.77,90.79,1.0,0,0,1
24.0,1,18.92,14.0,10.0,1.0,1.0,0.0,0.0,25.51,66.0,1.0,0,1,0
30.0,0,3.66,11.0,1.0,8.0,0.0,1.0,0.0,2.8,57.39,1.0,1,0,0
57.0,1,4.28,9.0,1.0,9.0,1.0,0.0,1.0,2.29,42.79,1.0,0,1,0
59.0,1,4.14,10.0,2.0,9.0,1.0,0.0,0.0,5.1,50.97,1.0,0,1,0
26.0,1,22.01,6.0,1.0,2.0,1.0,0.0,0.0,19.5,40.03,1.0,0,1,0
44.0,0,5.11,11.0,13.0,7.0,0.0,0.0,0.0,3.63,9.96,1.0,0,1,0
19.0,0,14.56,9.0,5.0,9.0,1.0,1.0,0.0,8.03,66.1,1.0,1,0,0
22.0,1,11.35,5.0,1.0,7.0,1.0,1.0,0.0,14.25,99.64,1.0,0,1,0
46.0,0,16.96,10.0,0.0,4.0,0.0,1.0,1.0,22.49,11.25,1.0,1,0,0
54.0,0,21.49,14.0,7.0,7.0,0.0,0.0,1.0,19.11,99.42,1.0,0,1,0
55.0,0,20.86,6.0,9.0,1.0,0.0,0.0,1.0,28.89,89.96,1.0,0,0,1
36.0,1,15.95,4.0,14.0,1.0,1.0,0.0,1.0,14.6,89.42,1.0,0,1,0
25.0,1,14.47,10.0,3.0,3.0,0.0,1.0,1.0,21.0,83.12,1.0,1,0,0
18.0,1,12.54,11.0,1.0,7.0,1.0,1.0,0.0,18.6,92.36,1.0,1,0,0
39.0,1,15.74,16.0,3.0,1.0,0.0,0.0,1.0,34.26,24.64,1.0,0,0,1
34.0,1,10.59,7.0,10.0,3.0,1.0,0.0,1.0,8.01,43.72,1.0,0,1,0
24.0,0,8.52,18.0,1.0,5.0,1.0,1.0,0.0,7.38,47.98,1.0,1,0,0
42.0,0,22.56,7.0,10.0,2.0,1.0,0.0,1.0,23.3,6.8,1.0,0,1,0
21.0,0,11.43,15.0,4.0,7.0,0.0,1.0,1.0,9.47,98.1,1.0,0,1,0
53.0,0,25.56,19.0,6.0,1.0,1.0,0.0,0.0,33.71,68.94,1.0,0,1,0
23.0,1,10.51,18.0,5.0,0.0,1.0,1.0,1.0,15.0,45.16,1.0,0,1,0
48.0,1,21.36,15.0,1.0,5.0,1.0,1.0,1.0,31.74,99.23,1.0,0,0,1
36.0,0,2.31,18.0,10.0,7.0,0.0,1.0,1.0,1.93,27.22,1.0,0,1,0
56.0,1,12.18,10.0,12.0,8.0,0.0,1.0,1.0,9.38,33.7,1.0,0,1,0
44.0,0,10.95,1.0,3.0,9.0,0.0,1.0,0.0,7.24,19.09,1.0,1,0,0
27.0,0,24.68,1.0,7.0,7.0,1.0,0.0,1.0,13.51,18.65,1.0,0,1,0
43.0,0,29.04,7.0,11.0,1.0,1.0,0.0,1.0,19.66,18.85,1.0,1,0,0
36.0,0,14.37,10.0,13.0,0.0,0.0,1.0,1.0,11.27,61.08,1.0,0,1,0
56.0,1,15.74,12.0,13.0,6.0,1.0,1.0,0.0,22.21,29.41,1.0,0,1,0
20.0,0,21.29,10.0,6.0,6.0,0.0,0.0,1.0,12.98,95.17,1.0,0,1,0
30.0,1,29.05,17.0,6.0,2.0,0.0,1.0,1.0,38.35,81.67,1.0,0,0,1
45.0,0,24.52,14.0,11.0,5.0,0.0,1.0,1.0,27.44,16.12,1.0,1,0,0
37.0,0,3.25,17.0,11.0,6.0,0.0,1.0,1.0,3.45,83.4,1.0,0,0,1
45.0,0,21.69,6.0,3.0,8.0,0.0,1.0,0.0,22.67,34.57,1.0,0,1,0
25.0,0,16.53,17.0,0.0,0.0,0.0,0.0,0.0,13.06,22.78,1.0,0,1,0
58.0,1,1.48,8.0,6.0,2.0,0.0,0.0,0.0,2.13,78.21,1.0,0,1,0
56.0,0,8.29,13.0,5.0,4.0,1.0,0.0,0.0,6.07,85.7,1.0,0,1,0
18.0,1,27.73,16.0,7.0,2.0,1.0,0.0,0.0,32.41,96.04,1.0,0,1,0
20.0,0,27.86,12.0,10.0,7.0,0.0,1.0,0.0,20.98,42.02,1.0,1,0,0
30.0,0,24.17,17.0,12.0,9.0,1.0,0.0,1.0,36.0,56.21,1.0,0,1,0
45.0,0,29.47,10.0,4.0,5.0,0.0,0.0,1.0,41.6,61.49,1.0,0,1,0
42.0,1,24.39,8.0,7.0,1.0,1.0,0.0,1.0,18.65,62.77,1.0,1,0,0
50.0,1,1.3,18.0,9.0,0.0,0.0,1.0,1.0,1.93,40.22,1.0,0,1,0
55.0,0,9.35,11.0,10.0,9.0,1.0,1.0,0.0,10.53,15.24,1.0,0,1,0
23.0,0,1.89,13.0,13.0,4.0,0.0,0.0,1.0,2.32,7.04,1.0,0,1,0
49.0,0,3.73,12.0,7.0,8.0,1.0,1.0,0.0,2.92,90.6,1.0,0,1,0
38.0,0,7.35,15.0,8.0,9.0,0.0,1.0,0.0,5.26,36.66,1.0,0,1,0
33.0,1,15.6,3.0,0.0,8.0,0.0,1.0,1.0,21.19,18.07,1.0,1,0,0
38.0,1,25.58,3.0,2.0,0.0,1.0,0.0,0.0,19.83,98.36,1.0,0,1,0
28.0,0,26.0,6.0,11.0,2.0,0.0,0.0,1.0,36.86,80.29,1.0,1,0,0
54.0,0,18.87,3.0,11.0,5.0,0.0,0.0,0.0,16.35,98.12,1.0,1,0,0
53.0,1,27.92,9.0,10.0,4.0,0.0,1.0,0.0,14.22,27.88,1.0,1,0,0
52.0,0,15.5,11.0,5.0,3.0,1.0,0.0,0.0,16.93,46.32,1.0,0,1,0
36.0,1,26.78,8.0,12.0,1.0,1.0,0.0,1.0,22.86,80.87,1.0,0,1,0
37.0,0,14.17,4.0,3.0,3.0,1.0,0.0,1.0,20.91,55.19,1.0,1,0,0
35.0,0,9.04,15.0,7.0,4.0,1.0,0.0,1.0,8.02,35.5,1.0,0,1,0
58.0,1,27.58,5.0,9.0,1.0,1.0,0.0,0.0,22.46,15.84,1.0,0,1,0
31.0,0,12.25,7.0,13.0,9.0,0.0,1.0,0.0,13.06,56.18,1.0,0,1,0
32.0,1,15.6,10.0,13.0,0.0,0.0,1.0,0.0,19.19,59.84,1.0,0,1,0
48.0,1,10.54,7.0,0.0,6.0,1.0,1.0,0.0,15.46,72.07,1.0,1,0,0
18.0,1,20.22,8.0,14.0,6.0,1.0,1.0,1.0,11.52,79.05,1.0,0,1,0
20.0,0,29.86,4.0,11.0,7.0,1.0,1.0,1.0,27.46,11.81,1.0,0,1,0
33.0,1,1.74,1.0,4.0,5.0,0.0,1.0,1.0,2.02,62.8,1.0,0,1,0
40.0,1,27.1,5.0,13.0,5.0,0.0,1.0,0.0,13.68,78.14,1.0,0,1,0
28.0,0,1.11,11.0,3.0,0.0,1.0,1.0,1.0,1.1,38.9,1.0,1,0,0
29.0,1,11.56,4.0,11.0,7.0,1.0,1.0,0.0,15.1,27.56,1.0,1,0,0
27.0,0,5.89,2.0,0.0,1.0,1.0,0.0,0.0,3.24,47.97,1.0,0,1,0
49.0,0,22.96,17.0,9.0,2.0,0.0,0.0,0.0,19.3,31.01,1.0,0,1,0
33.0,1,2.47,12.0,5.0,7.0,1.0,1.0,1.0,2.23,50.99,1.0,0,1,0
25.0,0,15.74,2.0,14.0,3.0,1.0,1.0,0.0,20.74,30.85,1.0,1,0,0
55.0,1,9.55,9.0,9.0,4.0,0.0,0.0,0.0,7.6,42.27,1.0,0,1,0
29.0,0,4.88,6.0,12.0,8.0,1.0,0.0,1.0,3.64,91.51,1.0,1,0,0
41.0,1,23.38,6.0,14.0,6.0,1.0,0.0,0.0,14.39,91.66,1.0,0,1,0
45.0,0,7.31,18.0,2.0,9.0,1.0,1.0,0.0,10.93,49.5,1.0,1,0,0
25.0,1,7.49,3.0,10.0,6.0,0.0,0.0,1.0,7.28,48.61,1.0,0,1,0
45.0,1,8.98,15.0,14.0,0.0,0.0,1.0,0.0,4.92,16.8,1.0,1,0,0
53.0,0,18.02,7.0,10.0,0.0,0.0,1.0,0.0,10.39,88.9,1.0,0,1,0
43.0,0,20.13,13.0,4.0,7.0,0.0,0.0,1.0,12.64,59.68,1.0,1,0,0
25.0,1,1.51,10.0,5.0,9.0,1.0,1.0,0.0,1.07,74.77,1.0,0,1,0
45.0,0,8.01,4.0,3.0,0.0,0.0,0.0,0.0,9.94,16.26,1.0,0,1,0
45.0,0,13.5,16.0,9.0,9.0,0.0,0.0,1.0,14.29,31.97,1.0,1,0,0
54.0,1,10.63,9.0,9.0,1.0,0.0,0.0,0.0,13.57,27.52,1.0,0,1,0
58.0,1,26.64,10.0,11.0,3.0,0.0,0.0,0.0,13.85,55.98,1.0,1,0,0
53.0,1,23.84,19.0,5.0,8.0,1.0,0.0,0.0,18.24,99.72,1.0,1,0,0
44.0,0,19.15,17.0,6.0,6.0,0.0,0.0,0.0,17.34,61.23,1.0,0,1,0
34.0,0,15.74,1.0,1.0,6.0,0.0,0.0,1.0,10.03,57.29,1.0,0,1,0
26.0,0,21.32,13.0,13.0,9.0,0.0,0.0,1.0,11.8,75.91,1.0,0,1,0
50.0,0,25.47,4.0,14.0,6.0,0.0,1.0,1.0,25.76,32.88,1.0,0,1,0
37.0,1,18.25,15.0,6.0,4.0,0.0,0.0,1.0,14.36,25.32,1.0,0,1,0
30.0,0,23.75,10.0,6.0,0.0,1.0,1.0,1.0,16.42,83.8,1.0,1,0,0
45.0,1,22.72,9.0,1.0,4.0,0.0,0.0,0.0,26.61,96.06,1.0,0,1,0
46.0,0,17.58,8.0,2.0,7.0,0.0,1.0,0.0,10.26,42.14,1.0,0,1,0
30.0,0,10.05,6.0,2.0,6.0,1.0,0.0,0.0,13.74,4.13,1.0,0,1,0
52.0,1,22.63,10.0,0.0,6.0,0.0,1.0,0.0,31.68,17.92,1.0,0,1,0
23.0,0,7.0,17.0,0.0,1.0,1.0,1.0,1.0,5.78,85.7,1.0,0,1,0
35.0,0,23.61,5.0,9.0,0.0,1.0,1.0,0.0,35.11,12.16,1.0,1,0,0
22.0,1,24.33,14.0,7.0,3.0,1.0,1.0,1.0,21.93,76.3,1.0,1,0,0
42.0,0,24.84,17.0,5.0,7.0,1.0,0.0,0.0,36.32,62.02,1.0,0,1,0
19.0,1,14.71,11.0,8.0,0.0,1.0,1.0,1.0,21.87,72.67,1.0,0,0,1
27.0,1,6.58,4.0,8.0,1.0,1.0,1.0,0.0,8.73,25.66,1.0,0,1,0
47.0,1,3.89,17.0,10.0,6.0,0.0,0.0,1.0,2.43,1.83,1.0,0,0,1
39.0,1,22.56,2.0,13.0,4.0,1.0,1.0,1.0,24.46,3.98,1.0,1,0,0
50.0,0,26.7,1.0,0.0,5.0,0.0,0.0,1.0,32.89,72.48,1.0,1,0,0
18.0,0,19.87,18.0,11.0,7.0,1.0,0.0,0.0,11.47,61.34,1.0,0,1,0
35.0,0,5.18,7.0,7.0,8.0,0.0,1.0,0.0,7.22,84.05,1.0,0,1,0
49.0,1,28.11,6.0,5.0,7.0,1.0,0.0,1.0,38.0,39.92,1.0,0,1,0
28.0,0,29.68,6.0,3.0,0.0,0.0,0.0,1.0,42.56,55.56,1.0,1,0,0
38.0,0,13.57,14.0,10.0,3.0,1.0,0.0,0.0,13.76,78.35,1.0,0,1,0
43.0,0,18.25,12.0,7.0,4.0,0.0,1.0,1.0,15.04,49.67,1.0,1,0,0
42.0,0,23.54,14.0,8.0,8.0,0.0,1.0,0.0,23.69,99.33,1.0,0,1,0
39.0,1,22.36,14.0,9.0,5.0,0.0,1.0,1.0,27.49,74.29,1.0,1,0,0
44.0,1,29.07,12.0,4.0,5.0,1.0,1.0,0.0,26.63,68.33,1.0,0,1,0
30.0,0,4.33,9.0,7.0,2.0,0.0,1.0,1.0,14.3,80.15,1.0,0,1,0
50.0,1,15.74,9.0,3.0,1.0,1.0,0.0,1.0,10.29,77.72,1.0,0,1,0
51.0,0,21.07,2.0,3.0,1.0,0.0,0.0,1.0,19.96,21.97,1.0,0,1,0
58.0,0,26.81,18.0,5.0,6.0,1.0,1.0,1.0,23.94,21.04,1.0,0,1,0
52.0,0,26.35,5.0,5.0,5.0,1.0,1.0,0.0,14.3,60.61,1.0,1,0,0
18.0,1,29.36,12.0,2.0,9.0,0.0,0.0,0.0,27.56,43.6,1.0,0,1,0
38.0,0,15.85,14.0,14.0,0.0,0.0,0.0,0.0,7.99,87.16,1.0,0,1,0
23.0,1,25.09,13.0,1.0,4.0,1.0,0.0,0.0,24.7,29.01,1.0,1,0,0
45.0,1,13.39,3.0,10.0,0.0,1.0,1.0,1.0,17.06,33.09,1.0,0,1,0
34.0,0,13.25,15.0,8.0,8.0,1.0,0.0,0.0,19.15,16.63,1.0,0,0,1
22.0,1,8.35,15.0,1.0,7.0,0.0,1.0,0.0,5.79,98.17,1.0,0,0,1
48.0,1,24.73,3.0,8.0,3.0,0.0,1.0,0.0,22.81,11.6,1.0,0,1,0
22.0,0,29.59,19.0,11.0,0.0,0.0,0.0,1.0,39.87,98.29,1.0,0,1,0
55.0,1,8.43,15.0,10.0,7.0,0.0,0.0,0.0,4.58,70.64,1.0,0,1,0
20.0,1,2.63,19.0,7.0,4.0,0.0,1.0,0.0,2.24,8.92,1.0,1,0,0
40.0,0,24.65,8.0,7.0,0.0,0.0,1.0,0.0,26.9,15.2,1.0,0,1,0
54.0,0,18.99,13.0,10.0,1.0,0.0,0.0,0.0,16.0,32.7,1.0,1,0,0
54.0,1,28.83,10.0,12.0,4.0,1.0,0.0,1.0,28.52,26.03,1.0,1,0,0
27.0,0,8.31,2.0,9.0,8.0,1.0,1.0,0.0,11.96,97.31,1.0,0,1,0
27.0,0,3.06,11.0,6.0,9.0,0.0,0.0,1.0,1.6,61.33,1.0,1,0,0
36.0,1,15.28,19.0,11.0,7.0,0.0,1.0,0.0,8.83,7.44,1.0,1,0,0
34.0,1,3.48,9.0,4.0,9.0,0.0,0.0,1.0,2.43,52.54,1.0,0,1,0
38.0,0,8.59,9.0,12.0,7.0,1.0,0.0,1.0,7.6,89.71,1.0,1,0,0
31.0,1,4.65,6.0,2.0,8.0,1.0,1.0,0.0,4.51,41.62,1.0,1,0,0
26.0,0,7.5,10.0,1.0,1.0,0.0,0.0,0.0,4.03,66.61,1.0,0,1,0
18.0,0,4.08,8.0,10.0,6.0,1.0,0.0,0.0,5.64,77.32,1.0,0,1,0
30.0,1,28.66,15.0,7.0,9.0,0.0,1.0,1.0,36.07,18.5,1.0,0,1,0
21.0,1,9.08,10.0,1.0,4.0,1.0,1.0,1.0,6.97,85.55,1.0,0,1,0
18.0,0,13.87,7.0,7.0,2.0,0.0,1.0,0.0,10.5,44.88,1.0,0,0,1
57.0,0,27.06,17.0,4.0,9.0,1.0,1.0,1.0,14.22,5.67,1.0,0,1,0
49.0,0,20.64,4.0,8.0,7.0,0.0,0.0,0.0,18.56,87.89,1.0,1,0,0
51.0,0,18.92,8.0,3.0,1.0,1.0,1.0,0.0,14.27,56.44,1.0,0,1,0
45.0,1,21.46,13.0,7.0,3.0,1.0,1.0,0.0,24.0,19.83,1.0,0,1,0
48.0,0,25.04,14.0,7.0,4.0,0.0,1.0,0.0,26.24,31.75,1.0,0,0,1
25.0,1,26.45,18.0,10.0,4.0,0.0,0.0,0.0,38.54,56.94,1.0,1,0,0
56.0,1,19.64,17.0,14.0,3.0,0.0,0.0,1.0,25.44,37.42,1.0,0,1,0
43.0,0,26.81,18.0,6.0,2.0,1.0,0.0,1.0,15.57,23.34,1.0,0,1,0
51.0,1,16.53,14.0,11.0,2.0,0.0,1.0,0.0,19.91,47.93,1.0,0,1,0
20.0,1,9.04,11.0,7.0,4.0,0.0,1.0,1.0,5.49,18.5,1.0,0,1,0
29.0,0,26.52,10.0,4.0,9.0,0.0,0.0,1.0,21.83,24.54,1.0,0,1,0
18.0,1,16.7,13.0,1.0,5.0,0.0,0.0,1.0,17.62,82.67,1.0,0,1,0
22.0,1,27.28,16.0,6.0,0.0,1.0,1.0,0.0,27.16,22.85,1.0,0,0,1
47.0,0,2.16,14.0,2.0,3.0,1.0,0.0,0.0,2.58,69.54,1.0,0,1,0
47.0,1,12.53,3.0,14.0,9.0,0.0,0.0,0.0,16.41,25.05,1.0,1,0,0
34.0,0,28.49,18.0,12.0,9.0,1.0,0.0,1.0,37.87,21.24,1.0,1,0,0
40.0,1,8.24,6.0,9.0,5.0,0.0,1.0,1.0,4.6,25.12,1.0,0,1,0
32.0,0,28.3,3.0,9.0,1.0,0.0,0.0,1.0,32.31,46.83,1.0,1,0,0
54.0,0,28.66,19.0,9.0,9.0,0.0,1.0,1.0,41.88,14.63,1.0,0,1,0
38.0,0,26.58,10.0,14.0,4.0,0.0,0.0,1.0,33.36,10.66,1.0,1,0,0
31.0,1,17.35,12.0,11.0,8.0,0.0,0.0,0.0,17.7,75.67,1.0,0,1,0
19.0,1,19.76,8.0,10.0,2.0,0.0,1.0,1.0,29.61,2.33,1.0,0,1,0
28.0,0,15.74,5.0,9.0,2.0,0.0,1.0,1.0,14.26,38.55,1.0,1,0,0
56.0,1,23.5,17.0,12.0,8.0,1.0,1.0,1.0,13.82,39.6,1.0,0,1,0
55.0,1,19.27,10.0,1.0,2.0,1.0,0.0,0.0,24.44,89.3,1.0,1,0,0
51.0,0,29.49,17.0,2.0,3.0,0.0,0.0,0.0,30.96,77.45,1.0,0,0,1
55.0,1,20.88,9.0,13.0,8.0,0.0,0.0,1.0,13.04,51.07,1.0,0,1,0
51.0,0,29.29,13.0,13.0,3.0,1.0,0.0,1.0,25.64,47.98,1.0,0,1,0
35.0,1,2.66,10.0,3.0,4.0,0.0,0.0,1.0,1.5,56.56,1.0,0,1,0
47.0,0,5.03,8.0,9.0,1.0,1.0,0.0,1.0,5.16,35.78,1.0,1,0,0
32.0,1,14.09,7.0,12.0,7.0,1.0,1.0,1.0,8.51,70.08,1.0,1,0,0
44.0,1,12.16,2.0,10.0,8.0,0.0,1.0,1.0,6.16,68.61,1.0,0,1,0
51.0,1,23.7,2.0,6.0,9.0,1.0,0.0,1.0,19.49,57.47,1.0,0,1,0
55.0,0,5.66,4.0,9.0,3.0,1.0,1.0,1.0,4.15,5.77,1.0,1,0,0
50.0,1,29.31,9.0,14.0,2.0,0.0,1.0,0.0,25.27,12.68,1.0,0,1,0
41.0,1,10.14,14.0,11.0,3.0,0.0,0.0,0.0,8.62,3.93,1.0,1,0,0
32.0,0,13.44,11.0,0.0,6.0,0.0,1.0,1.0,15.19,71.85,1.0,1,0,0
47.0,0,8.97,7.0,5.0,0.0,0.0,0.0,1.0,10.58,47.76,1.0,0,0,1
59.0,1,17.8,19.0,12.0,1.0,0.0,1.0,1.0,11.17,95.5,1.0,0,1,0
34.0,1,2.7,4.0,5.0,9.0,0.0,0.0,0.0,2.67,95.23,1.0,0,1,0
22.0,1,5.34,2.0,7.0,4.0,0.0,1.0,1.0,7.42,79.82,1.0,0,1,0
46.0,1,22.63,19.0,1.0,8.0,0.0,1.0,1.0,14.67,44.3,1.0,0,1,0
21.0,0,6.41,18.0,1.0,5.0,0.0,0.0,1.0,9.4,31.64,1.0,0,0,1
27.0,1,7.83,7.0,0.0,2.0,0.0,0.0,0.0,4.07,49.5,1.0,0,1,0
34.0,1,24.0,11.0,2.0,2.0,0.0,1.0,0.0,14.39,23.25,1.0,1,0,0
27.0,0,3.71,10.0,6.0,6.0,1.0,0.0,1.0,2.51,49.5,1.0,0,1,0
34.0,1,13.69,11.0,14.0,2.0,1.0,1.0,1.0,13.28,53.03,1.0,0,1,0
37.0,1,1.67,9.0,7.0,9.0,1.0,0.0,1.0,1.33,1.23,1.0,0,1,0
41.0,1,11.06,3.0,6.0,2.0,0.0,1.0,0.0,10.15,4.43,1.0,1,0,0
22.0,0,21.27,5.0,8.0,9.0,0.0,1.0,0.0,30.65,45.88,1.0,0,1,0
51.0,0,3.61,1.0,14.0,6.0,1.0,0.0,1.0,3.04,44.35,1.0,0,1,0
23.0,1,26.76,1.0,7.0,8.0,1.0,0.0,1.0,36.08,40.56,1.0,0,0,1
19.0,1,27.38,5.0,7.0,8.0,1.0,1.0,0.0,15.68,82.36,1.0,0,1,0
30.0,0,4.04,19.0,10.0,2.0,1.0,0.0,0.0,5.3,70.32,1.0,0,1,0
28.0,1,29.73,6.0,1.0,7.0,1.0,1.0,0.0,41.67,10.74,1.0,0,1,0
40.0,1,9.63,3.0,0.0,0.0,1.0,0.0,1.0,7.56,49.5,1.0,0,1,0
33.0,0,3.44,13.0,5.0,7.0,0.0,0.0,0.0,3.6,59.67,1.0,0,0,1
48.0,0,1.15,17.0,6.0,1.0,1.0,0.0,0.0,0.79,38.25,1.0,0,1,0
28.0,0,12.85,3.0,5.0,3.0,1.0,0.0,0.0,7.59,20.83,1.0,0,1,0
33.0,1,19.26,3.0,6.0,6.0,0.0,1.0,1.0,24.47,62.81,1.0,0,1,0
25.0,1,10.63,10.0,7.0,5.0,0.0,0.0,1.0,12.01,60.22,1.0,1,0,0
21.0,1,25.26,2.0,1.0,8.0,1.0,1.0,1.0,31.63,97.46,1.0,0,1,0
57.0,1,21.78,3.0,7.0,7.0,0.0,1.0,0.0,20.47,56.11,1.0,1,0,0
21.0,0,11.15,16.0,9.0,1.0,1.0,1.0,0.0,8.36,87.43,1.0,0,1,0
42.0,1,22.29,12.0,7.0,3.0,1.0,0.0,1.0,20.66,94.92,1.0,0,1,0
20.0,1,28.27,9.0,7.0,0.0,0.0,1.0,0.0,15.97,43.48,1.0,1,0,0
49.0,0,3.7,16.0,13.0,6.0,0.0,1.0,1.0,2.9,5.29,1.0,0,1,0
20.0,0,9.88,4.0,7.0,3.0,1.0,0.0,0.0,7.88,14.35,1.0,1,0,0
44.0,1,14.44,18.0,13.0,7.0,1.0,0.0,1.0,17.54,50.4,1.0,0,1,0
46.0,0,15.44,10.0,9.0,1.0,1.0,1.0,1.0,8.54,89.3,1.0,1,0,0
49.0,0,16.72,7.0,6.0,7.0,0.0,0.0,1.0,12.46,65.41,1.0,0,1,0
39.0,1,9.72,12.0,1.0,1.0,1.0,1.0,0.0,7.55,20.15,1.0,1,0,0
38.0,1,20.35,8.0,3.0,5.0,1.0,1.0,1.0,21.4,70.1,1.0,0,1,0
22.0,1,15.74,8.0,8.0,0.0,0.0,1.0,1.0,14.68,89.42,1.0,0,1,0
35.0,1,17.76,9.0,7.0,1.0,0.0,1.0,0.0,11.23,3.02,1.0,0,1,0
45.0,0,4.3,14.0,3.0,4.0,1.0,0.0,0.0,3.26,49.5,1.0,0,1,0
59.0,0,14.83,5.0,7.0,0.0,1.0,1.0,0.0,13.67,15.32,1.0,0,1,0
39.0,1,11.33,2.0,9.0,4.0,0.0,0.0,0.0,11.62,78.41,1.0,0,1,0
38.0,1,15.24,10.0,12.0,4.0,0.0,0.0,1.0,8.18,89.15,1.0,0,1,0
23.0,0,27.73,9.0,5.0,6.0,0.0,1.0,1.0,22.46,55.46,1.0,1,0,0
18.0,1,14.94,7.0,10.0,1.0,1.0,1.0,1.0,18.89,84.82,1.0,1,0,0
22.0,1,1.41,18.0,8.0,1.0,0.0,1.0,0.0,1.55,49.5,1.0,1,0,0
58.0,1,13.73,12.0,0.0,5.0,1.0,0.0,1.0,13.13,65.67,1.0,0,1,0
29.0,1,24.8,11.0,5.0,9.0,0.0,0.0,0.0,23.63,57.97,1.0,0,1,0
43.0,0,23.62,10.0,10.0,2.0,1.0,0.0,1.0,20.52,5.0,1.0,0,1,0
51.0,1,15.89,13.0,3.0,7.0,1.0,1.0,0.0,13.38,93.7,1.0,1,0,0
31.0,0,8.24,9.0,2.0,2.0,1.0,1.0,0.0,7.42,35.58,1.0,0,1,0
43.0,1,14.49,16.0,4.0,9.0,1.0,1.0,0.0,19.84,80.26,1.0,0,1,0
44.0,1,17.35,17.0,9.0,3.0,0.0,0.0,0.0,16.81,81.0,1.0,1,0,0
26.0,0,30.0,5.0,10.0,6.0,1.0,0.0,0.0,35.08,96.58,1.0,0,1,0
43.0,1,19.68,6.0,7.0,0.0,1.0,1.0,1.0,25.74,32.67,1.0,1,0,0
39.0,0,21.13,10.0,14.0,0.0,0.0,1.0,0.0,19.69,99.74,1.0,1,0,0
47.0,1,15.25,11.0,10.0,8.0,1.0,0.0,0.0,20.42,30.06,1.0,0,1,0
34.0,1,11.28,2.0,9.0,5.0,0.0,1.0,1.0,16.84,45.14,1.0,0,1,0
43.0,1,24.58,7.0,5.0,4.0,0.0,1.0,0.0,24.68,70.63,1.0,0,1,0
39.0,1,15.35,14.0,0.0,1.0,0.0,1.0,1.0,13.86,15.5,1.0,1,0,0
18.0,1,29.85,4.0,5.0,1.0,1.0,0.0,1.0,38.98,26.64,1.0,0,1,0
25.0,0,14.26,5.0,6.0,6.0,1.0,0.0,0.0,16.39,72.81,1.0,1,0,0
52.0,0,2.97,19.0,12.0,5.0,1.0,1.0,1.0,3.31,97.44,1.0,0,1,0
32.0,1,20.79,10.0,5.0,7.0,1.0,0.0,0.0,28.82,73.28,1.0,0,1,0
39.0,1,2.35,6.0,2.0,2.0,1.0,0.0,0.0,2.7,86.23,1.0,0,1,0
31.0,0,8.26,2.0,10.0,2.0,0.0,1.0,0.0,9.43,3.75,1.0,1,0,0
43.0,0,11.26,3.0,8.0,4.0,0.0,1.0,1.0,7.96,57.7,1.0,0,1,0
45.0,1,22.45,15.0,12.0,9.0,1.0,1.0,0.0,26.68,91.41,1.0,1,0,0
40.0,1,15.33,10.0,9.0,3.0,1.0,1.0,1.0,21.66,68.24,1.0,0,1,0
31.0,0,1.83,17.0,9.0,7.0,1.0,1.0,0.0,1.97,67.65,1.0,0,1,0
41.0,1,18.89,7.0,3.0,5.0,1.0,0.0,0.0,26.51,20.3,1.0,1,0,0
19.0,0,12.93,2.0,4.0,7.0,0.0,0.0,0.0,10.86,86.11,1.0,1,0,0
43.0,1,27.73,7.0,4.0,6.0,1.0,0.0,0.0,15.05,86.5,1.0,0,1,0
31.0,0,15.74,15.0,2.0,1.0,1.0,0.0,1.0,14.64,61.4,1.0,0,1,0
39.0,0,21.56,3.0,11.0,8.0,1.0,0.0,0.0,10.87,42.66,1.0,1,0,0
20.0,1,7.35,5.0,1.0,5.0,1.0,1.0,0.0,4.81,82.43,1.0,0,1,0
40.0,0,23.07,8.0,7.0,5.0,1.0,1.0,0.0,15.93,46.5,1.0,0,1,0
35.0,1,21.91,4.0,6.0,1.0,0.0,1.0,0.0,22.65,82.26,1.0,0,0,1
55.0,1,27.22,18.0,4.0,8.0,0.0,1.0,0.0,39.47,48.49,1.0,0,1,0
52.0,1,1.98,19.0,12.0,5.0,0.0,0.0,0.0,1.03,57.98,1.0,0,1,0
32.0,1,13.98,8.0,0.0,5.0,1.0,1.0,1.0,10.3,74.8,1.0,0,1,0
42.0,0,20.7,6.0,9.0,7.0,1.0,1.0,1.0,30.42,26.5,1.0,1,0,0
54.0,1,15.74,5.0,0.0,1.0,0.0,1.0,1.0,5.2,24.68,1.0,1,0,0
45.0,1,12.91,5.0,7.0,2.0,0.0,1.0,0.0,17.23,66.78,1.0,0,1,0
27.0,1,28.32,17.0,3.0,9.0,1.0,1.0,0.0,16.76,95.39,1.0,0,1,0
56.0,1,13.64,6.0,12.0,9.0,1.0,0.0,0.0,15.61,44.6,1.0,0,1,0
34.0,0,29.58,13.0,3.0,6.0,0.0,1.0,1.0,20.8,89.82,1.0,0,1,0
56.0,1,2.65,9.0,13.0,0.0,0.0,0.0,1.0,3.05,51.82,1.0,0,1,0
39.0,0,21.82,12.0,8.0,4.0,0.0,0.0,0.0,20.24,97.39,1.0,0,0,1
43.0,0,17.85,10.0,1.0,5.0,0.0,1.0,1.0,20.27,79.2,1.0,0,1,0
42.0,0,15.52,1.0,4.0,9.0,1.0,0.0,1.0,14.42,85.96,1.0,0,0,1
34.0,1,15.74,11.0,5.0,6.0,0.0,0.0,0.0,41.03,67.96,1.0,0,1,0
30.0,1,4.76,6.0,5.0,9.0,0.0,1.0,0.0,2.5,86.85,1.0,1,0,0
37.0,1,26.98,3.0,9.0,9.0,1.0,0.0,1.0,18.66,59.28,1.0,0,1,0
42.0,1,21.05,6.0,11.0,5.0,0.0,0.0,1.0,28.06,56.73,1.0,0,1,0
21.0,0,8.51,9.0,13.0,2.0,1.0,1.0,0.0,10.52,87.37,1.0,1,0,0
27.0,0,27.15,8.0,2.0,6.0,0.0,1.0,1.0,18.63,1.51,1.0,1,0,0
20.0,1,13.45,15.0,9.0,0.0,0.0,1.0,1.0,8.36,47.88,1.0,0,1,0
58.0,1,24.61,10.0,5.0,3.0,1.0,0.0,0.0,19.97,49.5,1.0,1,0,0
35.0,1,12.28,11.0,9.0,6.0,0.0,0.0,0.0,12.06,19.61,1.0,0,1,0
53.0,1,25.68,10.0,9.0,6.0,1.0,0.0,1.0,14.05,95.8,1.0,1,0,0
39.0,1,19.46,11.0,4.0,3.0,1.0,0.0,1.0,26.19,74.06,1.0,0,1,0
51.0,1,5.09,4.0,11.0,0.0,0.0,1.0,0.0,5.2,76.24,1.0,0,1,0
25.0,1,19.84,13.0,7.0,7.0,1.0,1.0,0.0,28.16,66.55,1.0,0,1,0
57.0,0,6.55,8.0,3.0,3.0,1.0,0.0,1.0,5.41,44.75,1.0,0,1,0
36.0,0,12.95,15.0,12.0,1.0,1.0,0.0,1.0,7.11,46.1,1.0,1,0,0
59.0,0,5.94,7.0,9.0,3.0,0.0,0.0,1.0,8.15,83.91,1.0,0,1,0
58.0,0,1.64,1.0,9.0,7.0,1.0,0.0,0.0,1.07,13.91,1.0,0,1,0
54.0,1,7.14,9.0,2.0,7.0,0.0,1.0,1.0,5.97,52.21,1.0,0,1,0
23.0,1,16.55,8.0,5.0,4.0,1.0,0.0,1.0,15.96,30.99,1.0,1,0,0
43.0,1,14.97,2.0,9.0,1.0,1.0,1.0,0.0,14.85,98.43,1.0,0,1,0
51.0,1,15.54,14.0,13.0,6.0,1.0,1.0,1.0,8.13,0.37,1.0,0,1,0
23.0,1,8.18,12.0,8.0,2.0,1.0,1.0,1.0,8.4,6.37,1.0,0,0,1
54.0,0,20.87,17.0,13.0,5.0,1.0,0.0,1.0,12.04,96.74,1.0,0,1,0
50.0,1,21.42,19.0,7.0,8.0,1.0,1.0,1.0,17.71,54.38,1.0,1,0,0
39.0,0,11.38,6.0,9.0,4.0,0.0,1.0,0.0,16.79,13.85,1.0,1,0,0
38.0,1,26.55,5.0,7.0,8.0,0.0,0.0,1.0,20.72,44.86,1.0,0,1,0
23.0,0,19.68,6.0,2.0,3.0,0.0,0.0,0.0,25.84,32.27,1.0,0,0,1
23.0,1,21.68,3.0,0.0,8.0,1.0,1.0,1.0,21.9,91.12,1.0,1,0,0
21.0,0,9.04,16.0,2.0,0.0,0.0,0.0,1.0,6.35,68.76,1.0,0,1,0
47.0,1,1.02,18.0,13.0,3.0,1.0,0.0,0.0,1.25,49.5,1.0,0,1,0
28.0,1,26.1,10.0,2.0,0.0,0.0,0.0,1.0,27.54,49.5,1.0,1,0,0
47.0,1,24.85,15.0,13.0,8.0,1.0,0.0,1.0,25.67,13.45,1.0,0,1,0
48.0,1,4.57,4.0,11.0,7.0,0.0,1.0,1.0,2.42,66.52,1.0,1,0,0
41.0,0,11.85,11.0,5.0,7.0,0.0,1.0,1.0,9.88,72.72,1.0,0,1,0
26.0,1,20.18,5.0,12.0,6.0,0.0,0.0,1.0,24.92,56.22,1.0,0,1,0
20.0,0,19.91,9.0,2.0,8.0,0.0,1.0,1.0,25.81,49.5,1.0,0,1,0
48.0,1,25.95,5.0,1.0,2.0,1.0,1.0,1.0,34.12,94.43,1.0,0,1,0
57.0,0,5.07,7.0,11.0,6.0,1.0,1.0,0.0,2.72,20.59,1.0,0,1,0
54.0,1,13.47,18.0,14.0,5.0,1.0,1.0,0.0,8.93,0.03,1.0,1,0,0
53.0,1,3.82,18.0,8.0,4.0,0.0,0.0,0.0,5.67,66.27,1.0,1,0,0
41.0,0,12.3,2.0,5.0,8.0,1.0,0.0,1.0,8.06,47.56,1.0,0,1,0
48.0,1,1.44,13.0,4.0,3.0,1.0,0.0,0.0,1.03,33.47,1.0,1,0,0
23.0,1,27.05,13.0,11.0,2.0,0.0,1.0,1.0,35.24,91.69,1.0,1,0,0
39.0,0,16.28,17.0,2.0,2.0,0.0,0.0,1.0,14.55,97.85,1.0,0,1,0
37.0,1,25.64,17.0,6.0,1.0,0.0,0.0,0.0,15.8,93.06,1.0,1,0,0
45.0,0,2.74,6.0,7.0,0.0,0.0,0.0,1.0,1.71,50.02,1.0,0,1,0
28.0,1,7.6,14.0,3.0,2.0,1.0,1.0,0.0,4.44,70.34,1.0,0,0,1
21.0,0,8.52,14.0,9.0,7.0,0.0,1.0,0.0,5.8,17.16,1.0,1,0,0
32.0,0,12.21,12.0,1.0,5.0,1.0,1.0,0.0,12.17,95.09,1.0,0,1,0
23.0,0,24.28,5.0,1.0,1.0,0.0,1.0,0.0,12.51,28.37,1.0,0,1,0
47.0,0,12.21,5.0,12.0,7.0,0.0,1.0,1.0,7.54,19.27,1.0,0,1,0
55.0,1,6.93,4.0,7.0,4.0,0.0,0.0,0.0,9.75,6.02,1.0,0,1,0
19.0,1,2.88,13.0,11.0,3.0,0.0,0.0,0.0,3.96,55.04,1.0,0,1,0
32.0,0,3.31,4.0,7.0,0.0,1.0,1.0,1.0,4.41,94.85,1.0,0,1,0
28.0,1,23.04,18.0,3.0,0.0,0.0,0.0,0.0,27.79,13.56,1.0,0,1,0
25.0,1,13.9,16.0,6.0,3.0,0.0,0.0,1.0,16.15,12.08,1.0,0,0,1
43.0,1,22.06,18.0,2.0,8.0,1.0,0.0,0.0,17.11,27.26,1.0,1,0,0
22.0,0,20.79,2.0,8.0,9.0,0.0,0.0,0.0,17.36,66.54,1.0,1,0,0
23.0,1,4.93,4.0,9.0,9.0,1.0,1.0,1.0,3.63,54.78,1.0,1,0,0
43.0,1,5.14,17.0,8.0,5.0,1.0,0.0,0.0,7.61,9.62,1.0,0,1,0
21.0,0,22.9,6.0,6.0,0.0,1.0,1.0,0.0,25.98,44.23,1.0,0,1,0
36.0,1,15.74,18.0,6.0,7.0,0.0,1.0,1.0,32.13,6.69,1.0,1,0,0
37.0,0,11.96,7.0,0.0,8.0,1.0,1.0,0.0,9.23,85.19,1.0,0,0,1
50.0,0,3.25,13.0,9.0,1.0,0.0,1.0,0.0,3.64,10.71,1.0,0,1,0
37.0,0,1.35,9.0,7.0,5.0,1.0,0.0,1.0,1.7,47.13,1.0,1,0,0
29.0,1,9.36,2.0,1.0,6.0,1.0,1.0,0.0,5.57,51.05,1.0,0,0,1
18.0,1,1.27,8.0,7.0,0.0,0.0,0.0,1.0,1.48,53.01,1.0,1,0,0
43.0,0,7.67,14.0,10.0,4.0,1.0,0.0,1.0,5.13,60.92,1.0,0,0,1
39.0,0,13.17,18.0,12.0,4.0,0.0,1.0,0.0,10.91,70.16,1.0,0,1,0
55.0,0,4.52,1.0,1.0,2.0,1.0,1.0,1.0,5.5,0.44,1.0,0,0,1
54.0,0,4.02,9.0,0.0,1.0,0.0,1.0,0.0,3.78,3.09,1.0,1,0,0
28.0,0,27.0,9.0,14.0,0.0,0.0,1.0,1.0,38.37,61.16,1.0,0,1,0
53.0,0,17.98,2.0,10.0,5.0,1.0,1.0,0.0,13.33,18.21,1.0,0,0,1
39.0,1,28.1,16.0,7.0,6.0,1.0,0.0,0.0,18.37,83.18,1.0,0,1,0
20.0,0,11.03,4.0,3.0,1.0,0.0,0.0,1.0,9.23,62.75,1.0,0,1,0
50.0,0,20.64,13.0,14.0,1.0,1.0,1.0,1.0,27.9,98.04,1.0,0,1,0
23.0,0,6.94,17.0,10.0,4.0,0.0,1.0,0.0,9.35,72.8,1.0,0,1,0
27.0,1,18.93,11.0,9.0,4.0,1.0,1.0,0.0,16.46,9.07,1.0,0,1,0
22.0,1,4.76,2.0,14.0,2.0,0.0,1.0,0.0,6.23,17.1,1.0,1,0,0
40.0,1,15.74,4.0,5.0,2.0,0.0,1.0,0.0,0.61,4.65,1.0,0,1,0
27.0,1,28.01,12.0,9.0,0.0,1.0,1.0,1.0,14.22,74.12,1.0,0,1,0
19.0,0,17.09,2.0,12.0,2.0,0.0,0.0,1.0,23.32,12.68,1.0,0,1,0
30.0,1,27.88,1.0,10.0,8.0,0.0,0.0,0.0,38.31,66.38,1.0,0,1,0
57.0,0,10.68,6.0,9.0,1.0,1.0,1.0,0.0,6.87,55.54,1.0,1,0,0
19.0,0,10.51,16.0,0.0,0.0,1.0,1.0,0.0,8.38,63.33,1.0,1,0,0
37.0,0,12.62,2.0,8.0,8.0,0.0,1.0,1.0,17.04,50.87,1.0,0,0,1
18.0,0,21.48,14.0,10.0,4.0,1.0,1.0,0.0,12.54,1.3,1.0,1,0,0
54.0,0,17.41,12.0,6.0,7.0,0.0,0.0,0.0,23.73,25.32,1.0,0,1,0
26.0,0,27.84,19.0,4.0,3.0,0.0,0.0,1.0,29.92,88.5,1.0,0,0,1
34.0,1,1.74,3.0,5.0,7.0,1.0,1.0,0.0,2.01,92.93,1.0,1,0,0
26.0,1,21.54,19.0,2.0,4.0,1.0,0.0,0.0,23.58,9.72,1.0,0,1,0
28.0,1,10.58,11.0,12.0,5.0,1.0,1.0,1.0,11.45,95.26,1.0,1,0,0
32.0,1,6.23,4.0,8.0,5.0,0.0,0.0,0.0,14.3,67.05,1.0,0,0,1
41.0,1,15.8,17.0,1.0,5.0,1.0,0.0,0.0,11.63,92.26,1.0,1,0,0
39.0,0,15.65,17.0,11.0,1.0,0.0,1.0,1.0,14.3,40.12,1.0,0,1,0
52.0,1,4.97,10.0,9.0,9.0,1.0,1.0,0.0,4.48,10.17,1.0,1,0,0
47.0,1,6.85,5.0,0.0,9.0,0.0,0.0,1.0,7.13,30.25,1.0,0,1,0
48.0,1,12.84,19.0,13.0,8.0,0.0,0.0,1.0,9.67,68.97,1.0,0,1,0
22.0,0,12.86,19.0,14.0,6.0,1.0,0.0,1.0,12.39,79.52,1.0,0,1,0
31.0,0,10.21,9.0,0.0,2.0,0.0,0.0,0.0,6.57,5.01,1.0,0,1,0
28.0,0,5.31,17.0,9.0,1.0,0.0,0.0,1.0,2.86,48.7,1.0,0,1,0
26.0,1,1.13,9.0,1.0,3.0,0.0,1.0,1.0,1.64,6.44,1.0,0,1,0
51.0,1,29.14,14.0,5.0,7.0,1.0,1.0,0.0,35.64,86.36,1.0,1,0,0
29.0,1,28.36,5.0,5.0,8.0,0.0,0.0,0.0,28.31,47.63,1.0,1,0,0
52.0,1,15.03,2.0,8.0,9.0,1.0,0.0,0.0,15.8,91.48,1.0,0,1,0
52.0,1,29.86,15.0,9.0,1.0,0.0,0.0,1.0,30.19,7.86,1.0,0,1,0
18.0,0,20.54,16.0,7.0,5.0,0.0,1.0,0.0,28.73,33.05,1.0,0,1,0
57.0,1,3.0,19.0,3.0,7.0,1.0,1.0,0.0,3.82,67.65,1.0,0,0,1
39.0,0,4.41,1.0,7.0,2.0,0.0,1.0,1.0,3.64,29.36,1.0,0,1,0
46.0,1,27.57,12.0,3.0,8.0,0.0,0.0,1.0,19.8,84.16,1.0,1,0,0
25.0,0,19.27,19.0,2.0,3.0,0.0,0.0,1.0,10.92,98.68,1.0,1,0,0
28.0,0,25.45,15.0,3.0,4.0,1.0,1.0,0.0,16.49,28.12,1.0,0,1,0
58.0,0,27.05,5.0,0.0,6.0,1.0,1.0,1.0,26.78,36.11,1.0,1,0,0
54.0,0,13.99,1.0,8.0,4.0,1.0,1.0,0.0,9.83,96.73,1.0,1,0,0
31.0,1,2.41,11.0,10.0,3.0,0.0,1.0,1.0,1.96,35.81,1.0,0,1,0
47.0,1,6.46,9.0,14.0,3.0,1.0,0.0,0.0,4.09,55.6,1.0,0,1,0
52.0,1,2.93,7.0,4.0,4.0,0.0,1.0,1.0,4.17,76.92,1.0,0,1,0
38.0,0,6.47,2.0,6.0,2.0,0.0,0.0,1.0,3.45,43.83,1.0,0,1,0
54.0,1,12.91,17.0,2.0,8.0,0.0,0.0,0.0,11.0,37.26,1.0,0,1,0
22.0,1,4.43,16.0,4.0,1.0,1.0,0.0,1.0,3.36,49.56,1.0,0,1,0
36.0,1,5.84,16.0,12.0,6.0,1.0,0.0,1.0,2.97,77.95,1.0,0,1,0
31.0,1,13.93,14.0,9.0,3.0,1.0,0.0,1.0,19.9,31.22,1.0,0,0,1
43.0,0,10.86,2.0,13.0,7.0,0.0,0.0,1.0,8.84,35.08,1.0,0,1,0
21.0,0,14.56,19.0,3.0,6.0,1.0,0.0,1.0,14.59,18.91,1.0,0,1,0
42.0,1,13.45,3.0,7.0,7.0,1.0,1.0,0.0,14.56,70.16,1.0,0,1,0
59.0,1,19.69,8.0,4.0,3.0,0.0,1.0,1.0,21.87,89.95,1.0,0,1,0
42.0,1,28.18,19.0,1.0,1.0,1.0,1.0,1.0,27.06,18.57,1.0,0,1,0
35.0,0,4.13,16.0,2.0,6.0,1.0,1.0,1.0,4.52,3.46,1.0,0,1,0
57.0,0,3.88,4.0,7.0,8.0,1.0,0.0,1.0,4.86,38.13,1.0,0,1,0
25.0,0,25.73,8.0,2.0,5.0,1.0,0.0,0.0,37.36,41.02,1.0,1,0,0
56.0,1,15.69,1.0,14.0,6.0,1.0,0.0,0.0,18.15,64.59,1.0,0,0,1
57.0,0,23.23,4.0,6.0,5.0,1.0,0.0,0.0,22.35,8.56,1.0,0,1,0
31.0,0,7.25,10.0,4.0,1.0,0.0,1.0,0.0,6.85,82.15,1.0,0,1,0
49.0,0,25.04,1.0,6.0,8.0,0.0,0.0,0.0,30.29,57.4,1.0,1,0,0
55.0,1,27.79,18.0,9.0,4.0,0.0,1.0,0.0,31.32,54.6,1.0,1,0,0
50.0,0,19.43,4.0,8.0,2.0,1.0,0.0,1.0,17.88,31.64,1.0,0,1,0
40.0,1,4.07,14.0,6.0,3.0,1.0,1.0,1.0,3.4,36.53,1.0,0,0,1
32.0,1,26.96,8.0,13.0,3.0,0.0,1.0,1.0,40.26,5.54,1.0,0,1,0
50.0,1,23.98,18.0,5.0,8.0,0.0,1.0,1.0,30.38,75.38,1.0,0,1,0
42.0,1,22.78,7.0,11.0,4.0,1.0,0.0,0.0,16.1,60.47,1.0,1,0,0
34.0,0,2.07,3.0,12.0,1.0,1.0,1.0,0.0,1.64,97.64,1.0,0,0,1
50.0,1,24.17,14.0,0.0,5.0,1.0,1.0,0.0,33.69,35.36,1.0,1,0,0
19.0,1,5.0,12.0,3.0,6.0,1.0,0.0,0.0,5.8,66.62,1.0,0,1,0
31.0,1,7.45,15.0,7.0,7.0,1.0,0.0,0.0,6.04,91.95,1.0,0,1,0
57.0,0,17.74,8.0,0.0,4.0,1.0,1.0,0.0,15.33,71.17,1.0,0,1,0
57.0,1,8.68,5.0,5.0,7.0,0.0,0.0,0.0,7.63,4.03,1.0,0,1,0
56.0,0,20.18,17.0,1.0,7.0,0.0,1.0,1.0,13.85,63.22,1.0,1,0,0
23.0,0,18.63,10.0,14.0,3.0,1.0,0.0,0.0,18.84,54.54,1.0,1,0,0
23.0,0,4.14,11.0,12.0,6.0,0.0,1.0,0.0,5.24,49.93,1.0,1,0,0
20.0,1,20.02,16.0,8.0,8.0,0.0,1.0,1.0,21.3,55.3,1.0,0,0,1
24.0,0,27.79,16.0,7.0,9.0,1.0,0.0,0.0,32.12,46.06,1.0,0,1,0
25.0,1,5.67,4.0,8.0,3.0,0.0,1.0,1.0,6.21,69.18,1.0,1,0,0
59.0,1,18.31,5.0,8.0,8.0,1.0,1.0,0.0,10.23,1.49,1.0,1,0,0
39.0,1,10.91,10.0,13.0,3.0,1.0,0.0,1.0,7.51,18.86,1.0,0,1,0
46.0,0,14.33,14.0,12.0,0.0,0.0,0.0,1.0,12.19,36.54,1.0,1,0,0
50.0,0,9.32,9.0,1.0,3.0,0.0,1.0,0.0,12.95,45.27,1.0,0,1,0
47.0,1,11.27,18.0,1.0,1.0,0.0,0.0,1.0,9.56,13.05,1.0,1,0,0
56.0,0,1.84,6.0,8.0,5.0,1.0,0.0,1.0,1.52,82.01,1.0,0,1,0
44.0,0,29.47,11.0,1.0,7.0,1.0,1.0,1.0,17.11,92.94,1.0,0,1,0
53.0,0,19.12,10.0,3.0,5.0,1.0,0.0,1.0,28.15,75.12,1.0,1,0,0
46.0,1,15.52,9.0,1.0,8.0,1.0,0.0,0.0,19.84,92.88,1.0,1,0,0
55.0,0,12.13,3.0,0.0,5.0,0.0,1.0,1.0,15.36,74.32,1.0,0,1,0
50.0,0,16.64,16.0,11.0,6.0,0.0,1.0,1.0,14.7,44.11,1.0,0,1,0
54.0,1,12.02,4.0,12.0,4.0,0.0,1.0,0.0,6.95,39.31,1.0,0,1,0
44.0,0,11.44,15.0,10.0,7.0,1.0,0.0,0.0,8.73,16.64,1.0,0,1,0
50.0,1,14.45,2.0,13.0,1.0,1.0,1.0,1.0,19.55,8.64,1.0,1,0,0
21.0,0,9.0,17.0,9.0,1.0,0.0,1.0,1.0,6.12,21.96,1.0,0,0,1
39.0,0,6.22,19.0,6.0,7.0,1.0,1.0,0.0,8.67,53.21,1.0,0,1,0
19.0,0,17.14,16.0,11.0,5.0,1.0,1.0,0.0,17.75,13.49,1.0,1,0,0
27.0,0,25.44,19.0,10.0,1.0,0.0,1.0,1.0,30.9,95.12,1.0,0,1,0
22.0,0,5.43,17.0,4.0,5.0,0.0,0.0,0.0,5.18,21.85,1.0,1,0,0
27.0,0,1.95,4.0,2.0,7.0,1.0,0.0,1.0,2.79,83.36,1.0,0,1,0
50.0,1,8.16,18.0,7.0,5.0,1.0,0.0,1.0,6.04,49.5,1.0,0,1,0
55.0,0,29.41,4.0,4.0,8.0,0.0,1.0,0.0,31.54,14.12,1.0,1,0,0
30.0,0,25.03,3.0,0.0,5.0,1.0,1.0,1.0,14.24,71.07,1.0,0,1,0
48.0,0,18.28,18.0,8.0,2.0,0.0,1.0,0.0,17.92,82.41,1.0,1,0,0
53.0,1,27.95,10.0,13.0,8.0,0.0,0.0,0.0,41.16,88.43,1.0,1,0,0
41.0,1,13.91,9.0,13.0,9.0,0.0,0.0,0.0,8.18,95.4,1.0,0,1,0
32.0,1,29.52,15.0,4.0,4.0,1.0,1.0,0.0,29.72,93.01,1.0,0,1,0
46.0,0,9.59,9.0,2.0,5.0,0.0,0.0,1.0,10.57,31.11,1.0,1,0,0
25.0,1,7.97,14.0,5.0,3.0,0.0,1.0,1.0,11.41,26.77,1.0,1,0,0
22.0,1,19.5,2.0,7.0,2.0,0.0,0.0,1.0,15.55,39.75,1.0,0,1,0
46.0,1,11.97,18.0,1.0,9.0,0.0,0.0,1.0,12.01,46.5,1.0,0,1,0
21.0,1,19.16,13.0,10.0,4.0,1.0,1.0,1.0,28.49,23.39,1.0,1,0,0
29.0,0,9.84,16.0,13.0,2.0,0.0,1.0,0.0,12.49,8.61,1.0,0,1,0
19.0,1,18.92,6.0,2.0,1.0,0.0,1.0,1.0,24.79,65.66,1.0,0,1,0
44.0,0,9.0,16.0,6.0,5.0,0.0,1.0,1.0,11.52,17.42,1.0,0,1,0
48.0,0,2.48,4.0,1.0,7.0,1.0,1.0,0.0,2.52,91.49,1.0,1,0,0
53.0,0,27.45,10.0,10.0,2.0,1.0,0.0,1.0,25.65,28.77,1.0,1,0,0
53.0,1,26.61,19.0,10.0,5.0,0.0,0.0,0.0,20.09,19.77,1.0,0,0,1
43.0,0,29.15,11.0,7.0,8.0,0.0,0.0,0.0,28.16,19.42,1.0,1,0,0
44.0,1,21.78,5.0,4.0,0.0,0.0,1.0,1.0,11.34,28.95,1.0,0,0,1
22.0,1,20.8,18.0,8.0,2.0,0.0,1.0,0.0,12.42,61.22,1.0,0,1,0
37.0,1,17.21,3.0,13.0,1.0,1.0,1.0,1.0,13.55,97.83,1.0,1,0,0
28.0,1,4.65,8.0,6.0,7.0,0.0,0.0,0.0,3.88,48.63,1.0,0,1,0
27.0,0,6.49,11.0,13.0,8.0,1.0,1.0,1.0,7.84,59.97,1.0,1,0,0
57.0,0,9.39,19.0,13.0,9.0,0.0,1.0,0.0,6.31,49.5,1.0,0,1,0
55.0,0,26.81,3.0,12.0,5.0,1.0,0.0,1.0,34.74,33.4,1.0,0,1,0
23.0,0,6.02,12.0,2.0,2.0,1.0,0.0,1.0,7.83,17.99,1.0,1,0,0
25.0,1,27.76,15.0,1.0,9.0,1.0,1.0,1.0,30.18,49.5,1.0,1,0,0
40.0,1,16.16,16.0,9.0,7.0,1.0,0.0,0.0,16.02,31.87,1.0,0,1,0
43.0,1,21.75,5.0,8.0,9.0,1.0,0.0,1.0,21.04,86.61,1.0,1,0,0
29.0,1,4.2,19.0,8.0,6.0,1.0,1.0,0.0,3.87,97.79,1.0,0,1,0
43.0,0,8.8,6.0,8.0,1.0,0.0,0.0,1.0,5.18,68.83,1.0,0,1,0
30.0,1,28.8,12.0,7.0,6.0,1.0,0.0,0.0,33.28,65.38,1.0,1,0,0
57.0,0,8.72,19.0,2.0,5.0,1.0,1.0,1.0,9.39,71.42,1.0,0,1,0
35.0,1,9.6,9.0,0.0,7.0,0.0,0.0,1.0,4.95,46.77,1.0,0,0,1
42.0,1,6.73,18.0,8.0,4.0,1.0,0.0,0.0,4.73,62.88,1.0,0,1,0
50.0,1,4.74,3.0,6.0,8.0,0.0,0.0,0.0,4.44,7.13,1.0,1,0,0
57.0,1,7.76,14.0,1.0,2.0,1.0,1.0,1.0,10.87,49.34,1.0,1,0,0
29.0,0,19.63,5.0,5.0,6.0,1.0,1.0,1.0,29.25,33.24,1.0,0,1,0
53.0,0,14.21,5.0,10.0,7.0,1.0,0.0,1.0,17.78,5.32,1.0,0,1,0
21.0,0,17.06,4.0,8.0,0.0,0.0,1.0,0.0,21.31,54.48,1.0,1,0,0
22.0,0,4.55,16.0,7.0,5.0,1.0,0.0,0.0,4.16,36.03,1.0,1,0,0
54.0,1,24.26,13.0,10.0,1.0,1.0,0.0,1.0,25.98,59.06,1.0,0,1,0
25.0,1,23.74,8.0,11.0,5.0,0.0,1.0,1.0,17.4,51.32,1.0,0,1,0
59.0,0,1.63,16.0,5.0,5.0,1.0,1.0,1.0,2.02,27.62,1.0,0,1,0
45.0,0,12.12,2.0,5.0,2.0,1.0,1.0,0.0,6.78,54.0,1.0,0,1,0
48.0,1,2.99,8.0,7.0,5.0,1.0,1.0,0.0,2.74,37.88,1.0,0,1,0
26.0,1,23.97,3.0,8.0,6.0,0.0,0.0,0.0,31.91,92.11,1.0,0,1,0
46.0,0,22.38,9.0,7.0,8.0,1.0,0.0,0.0,33.12,37.56,1.0,1,0,0
31.0,0,27.16,11.0,0.0,9.0,1.0,0.0,0.0,32.5,4.01,1.0,1,0,0
57.0,0,7.86,1.0,14.0,1.0,1.0,1.0,0.0,5.48,76.36,1.0,0,0,1
58.0,1,14.23,1.0,1.0,8.0,1.0,1.0,0.0,15.24,96.37,1.0,1,0,0
39.0,0,6.35,8.0,5.0,5.0,0.0,1.0,0.0,6.73,16.94,1.0,0,0,1
28.0,0,11.77,16.0,7.0,1.0,1.0,1.0,1.0,17.25,97.28,1.0,0,1,0
39.0,0,16.15,10.0,14.0,7.0,1.0,0.0,1.0,21.64,61.72,1.0,1,0,0
18.0,0,2.55,2.0,3.0,3.0,0.0,0.0,0.0,1.4,84.74,1.0,0,0,1
54.0,0,21.73,16.0,11.0,7.0,1.0,1.0,0.0,15.65,47.29,1.0,1,0,0
38.0,1,16.76,4.0,3.0,6.0,0.0,1.0,0.0,22.49,62.25,1.0,0,1,0
43.0,0,25.04,19.0,12.0,6.0,0.0,0.0,0.0,36.87,84.11,1.0,1,0,0
53.0,1,8.88,9.0,1.0,6.0,0.0,1.0,1.0,7.06,98.28,1.0,0,0,1
40.0,0,27.2,3.0,9.0,1.0,0.0,1.0,1.0,32.39,18.48,1.0,1,0,0
18.0,0,29.96,11.0,0.0,5.0,1.0,0.0,1.0,24.2,89.87,1.0,0,1,0
57.0,0,27.66,8.0,9.0,1.0,1.0,0.0,1.0,14.97,66.73,1.0,1,0,0
32.0,1,23.56,7.0,8.0,2.0,1.0,0.0,1.0,31.32,94.69,1.0,0,0,1
38.0,1,24.56,1.0,6.0,9.0,1.0,1.0,0.0,30.43,31.81,1.0,0,1,0
26.0,1,17.64,8.0,8.0,6.0,0.0,1.0,0.0,9.76,24.26,1.0,1,0,0
26.0,0,6.51,17.0,12.0,6.0,1.0,1.0,0.0,4.2,36.55,1.0,0,1,0
27.0,0,20.63,11.0,14.0,6.0,0.0,1.0,0.0,30.94,88.45,1.0,1,0,0
43.0,1,21.67,7.0,1.0,3.0,1.0,1.0,1.0,24.94,45.96,1.0,1,0,0
58.0,1,29.58,9.0,9.0,4.0,1.0,0.0,1.0,38.47,49.5,1.0,0,1,0
52.0,0,16.7,14.0,12.0,6.0,0.0,0.0,1.0,14.3,24.23,1.0,0,1,0
42.0,1,8.87,5.0,4.0,7.0,1.0,0.0,0.0,9.03,22.05,1.0,0,1,0
43.0,0,20.83,18.0,14.0,2.0,1.0,0.0,1.0,23.33,67.84,1.0,0,1,0
28.0,1,29.4,13.0,14.0,5.0,0.0,1.0,0.0,38.4,29.17,1.0,0,1,0
55.0,1,6.14,5.0,1.0,8.0,1.0,0.0,1.0,5.15,12.92,1.0,1,0,0
19.0,1,10.45,8.0,9.0,9.0,1.0,0.0,1.0,12.25,37.59,1.0,0,1,0
24.0,0,16.71,15.0,6.0,4.0,1.0,0.0,1.0,21.32,26.62,1.0,0,1,0
35.0,0,5.94,4.0,8.0,3.0,0.0,0.0,0.0,7.75,41.3,1.0,0,0,1
44.0,1,1.64,1.0,2.0,8.0,1.0,1.0,1.0,1.64,18.65,1.0,0,1,0
51.0,0,10.77,6.0,13.0,3.0,0.0,1.0,0.0,10.48,95.7,1.0,0,1,0
39.0,0,26.1,19.0,0.0,2.0,0.0,0.0,0.0,15.78,80.16,1.0,1,0,0
34.0,0,2.26,12.0,3.0,6.0,1.0,1.0,0.0,2.25,84.09,1.0,1,0,0
41.0,0,13.44,7.0,3.0,4.0,1.0,0.0,1.0,16.15,29.78,1.0,0,0,1
42.0,1,23.1,13.0,10.0,0.0,0.0,1.0,1.0,32.82,85.68,1.0,0,0,1
24.0,0,28.64,7.0,5.0,7.0,1.0,0.0,1.0,17.91,59.08,1.0,1,0,0
23.0,0,29.58,9.0,4.0,0.0,1.0,1.0,1.0,43.45,5.67,1.0,0,1,0
41.0,1,13.24,1.0,11.0,8.0,0.0,0.0,0.0,14.3,15.33,1.0,0,1,0
50.0,0,28.56,13.0,12.0,0.0,1.0,1.0,1.0,19.3,44.6,1.0,0,1,0
46.0,0,2.03,19.0,4.0,3.0,1.0,1.0,0.0,1.25,39.38,1.0,0,1,0
39.0,0,22.63,1.0,8.0,9.0,0.0,1.0,0.0,33.72,79.53,1.0,1,0,0
43.0,1,19.64,19.0,12.0,3.0,0.0,1.0,1.0,20.84,49.5,1.0,1,0,0
45.0,1,8.24,18.0,10.0,8.0,1.0,0.0,0.0,6.35,86.49,1.0,0,1,0
38.0,0,15.71,5.0,0.0,0.0,1.0,1.0,0.0,12.84,37.53,1.0,1,0,0
24.0,0,4.76,3.0,7.0,9.0,0.0,0.0,1.0,6.9,63.58,1.0,0,1,0
34.0,1,26.28,2.0,7.0,8.0,1.0,1.0,0.0,36.79,49.71,1.0,0,1,0
37.0,1,11.38,10.0,10.0,3.0,1.0,1.0,1.0,9.67,88.89,1.0,1,0,0
58.0,1,19.16,6.0,7.0,6.0,1.0,0.0,1.0,10.8,88.9,1.0,0,1,0
37.0,0,5.6,19.0,12.0,8.0,1.0,0.0,0.0,7.47,5.39,1.0,0,1,0
39.0,0,6.98,17.0,11.0,6.0,0.0,1.0,1.0,9.87,57.21,1.0,0,1,0
45.0,1,29.77,19.0,13.0,1.0,1.0,1.0,0.0,39.82,49.5,1.0,0,1,0
39.0,0,22.84,13.0,12.0,5.0,0.0,1.0,1.0,32.27,77.04,1.0,0,1,0
24.0,0,28.9,17.0,2.0,5.0,1.0,1.0,1.0,31.09,19.58,1.0,0,0,1
18.0,0,9.58,18.0,9.0,2.0,1.0,0.0,1.0,12.83,69.5,1.0,0,1,0
49.0,0,5.77,11.0,7.0,3.0,0.0,0.0,1.0,8.33,73.86,1.0,0,1,0
30.0,0,15.59,10.0,1.0,5.0,0.0,1.0,1.0,21.67,2.67,1.0,1,0,0
47.0,0,15.35,11.0,7.0,5.0,0.0,1.0,0.0,16.69,43.13,1.0,0,0,1
40.0,0,6.07,19.0,11.0,0.0,0.0,0.0,1.0,7.57,97.89,1.0,0,1,0
36.0,1,22.26,10.0,7.0,9.0,1.0,0.0,0.0,27.19,30.06,1.0,0,1,0
49.0,1,11.49,3.0,14.0,7.0,0.0,1.0,1.0,14.97,88.45,1.0,1,0,0
47.0,1,6.4,6.0,13.0,8.0,0.0,1.0,0.0,4.66,58.69,1.0,1,0,0
46.0,1,10.63,7.0,2.0,1.0,0.0,1.0,0.0,5.34,29.65,1.0,0,1,0
46.0,1,17.35,5.0,3.0,3.0,0.0,1.0,0.0,17.52,83.6,1.0,1,0,0
47.0,1,22.07,9.0,8.0,5.0,1.0,1.0,0.0,27.93,99.07,1.0,0,1,0
33.0,1,14.97,10.0,7.0,1.0,0.0,1.0,0.0,9.36,74.2,1.0,0,1,0
57.0,1,16.24,14.0,14.0,6.0,0.0,1.0,1.0,16.77,6.13,1.0,0,1,0
36.0,1,5.03,11.0,8.0,5.0,1.0,0.0,0.0,4.1,5.24,1.0,1,0,0
35.0,0,27.53,17.0,9.0,7.0,1.0,0.0,0.0,36.84,49.16,1.0,0,1,0
18.0,0,27.93,11.0,12.0,6.0,0.0,0.0,0.0,16.77,0.61,1.0,0,1,0
31.0,1,20.82,7.0,8.0,9.0,1.0,0.0,1.0,28.06,67.59,1.0,0,1,0
19.0,0,1.51,11.0,9.0,0.0,1.0,0.0,1.0,1.68,1.63,1.0,1,0,0
45.0,0,16.58,13.0,5.0,9.0,0.0,0.0,1.0,23.53,97.31,1.0,0,1,0
47.0,1,19.25,19.0,0.0,9.0,1.0,1.0,1.0,27.64,88.06,1.0,0,1,0
55.0,1,29.84,6.0,7.0,4.0,0.0,1.0,0.0,39.06,81.54,1.0,0,1,0
21.0,1,29.89,2.0,12.0,5.0,0.0,1.0,1.0,30.79,81.24,1.0,1,0,0
18.0,0,25.87,14.0,8.0,6.0,0.0,1.0,1.0,16.62,83.44,1.0,0,1,0
25.0,0,2.85,16.0,14.0,3.0,1.0,1.0,1.0,2.07,43.43,1.0,0,1,0
46.0,1,28.65,7.0,7.0,8.0,0.0,0.0,0.0,26.29,79.19,1.0,0,1,0
56.0,0,18.77,1.0,14.0,0.0,1.0,0.0,1.0,23.07,36.72,1.0,1,0,0
20.0,0,24.23,2.0,12.0,2.0,1.0,0.0,0.0,25.32,84.84,1.0,0,1,0
49.0,0,12.81,9.0,0.0,9.0,1.0,0.0,1.0,12.02,61.8,1.0,1,0,0
27.0,1,10.27,18.0,11.0,1.0,0.0,0.0,0.0,10.04,35.83,1.0,1,0,0
27.0,0,14.43,18.0,5.0,1.0,1.0,0.0,1.0,17.91,74.55,1.0,0,0,1
36.0,0,5.26,18.0,8.0,0.0,0.0,0.0,0.0,2.81,24.28,1.0,0,1,0
51.0,0,11.35,10.0,8.0,2.0,0.0,0.0,0.0,10.7,96.47,1.0,0,0,1
50.0,0,25.87,8.0,6.0,9.0,0.0,1.0,0.0,27.75,66.47,1.0,0,1,0
40.0,0,2.1,8.0,6.0,4.0,1.0,0.0,1.0,2.29,40.12,1.0,0,1,0
45.0,0,5.38,2.0,3.0,5.0,1.0,1.0,0.0,6.02,55.07,1.0,1,0,0
49.0,0,4.63,18.0,6.0,7.0,1.0,1.0,1.0,2.56,73.76,1.0,0,1,0
24.0,1,12.69,11.0,9.0,3.0,0.0,1.0,1.0,13.43,79.73,1.0,0,1,0
46.0,1,29.91,11.0,4.0,0.0,1.0,0.0,0.0,31.42,97.5,1.0,0,1,0
25.0,0,6.03,19.0,10.0,8.0,1.0,0.0,0.0,8.17,20.9,1.0,1,0,0
18.0,1,5.22,11.0,9.0,2.0,0.0,0.0,1.0,6.58,50.44,1.0,0,1,0
20.0,0,27.54,10.0,4.0,7.0,0.0,0.0,1.0,14.63,9.15,1.0,0,1,0
41.0,0,26.58,8.0,7.0,3.0,0.0,0.0,0.0,28.07,8.23,1.0,1,0,0
39.0,0,1.93,15.0,1.0,2.0,1.0,0.0,1.0,2.3,10.43,1.0,1,0,0
25.0,1,22.8,8.0,8.0,2.0,0.0,1.0,0.0,24.63,25.95,1.0,0,1,0
54.0,0,20.01,19.0,1.0,3.0,1.0,0.0,0.0,23.54,69.63,1.0,0,0,1
20.0,0,23.26,1.0,9.0,3.0,0.0,0.0,1.0,14.34,86.11,1.0,0,1,0
50.0,1,15.34,3.0,10.0,6.0,1.0,0.0,1.0,10.27,43.6,1.0,0,1,0
45.0,1,29.75,12.0,11.0,1.0,1.0,0.0,1.0,32.21,55.52,1.0,0,1,0
25.0,0,2.27,16.0,1.0,7.0,1.0,0.0,0.0,2.95,20.64,1.0,0,1,0
51.0,1,7.8,16.0,14.0,1.0,1.0,0.0,1.0,4.1,79.11,1.0,0,1,0
52.0,1,12.5,17.0,8.0,0.0,0.0,1.0,0.0,11.7,88.84,1.0,0,1,0
49.0,0,14.04,16.0,2.0,7.0,1.0,0.0,0.0,20.95,48.56,1.0,0,1,0
41.0,0,27.72,9.0,1.0,3.0,1.0,0.0,0.0,35.09,16.09,1.0,0,1,0
31.0,0,17.24,19.0,6.0,5.0,0.0,0.0,1.0,16.38,0.51,1.0,1,0,0
49.0,1,2.31,1.0,11.0,0.0,0.0,1.0,1.0,1.38,53.64,1.0,1,0,0
33.0,1,12.83,18.0,8.0,2.0,0.0,1.0,1.0,11.02,49.76,1.0,1,0,0
21.0,1,13.08,6.0,10.0,6.0,1.0,1.0,0.0,8.56,92.58,1.0,0,1,0
54.0,0,29.0,6.0,12.0,6.0,1.0,1.0,1.0,41.2,3.65,1.0,0,1,0
38.0,1,18.38,12.0,5.0,7.0,0.0,0.0,0.0,21.79,14.9,1.0,0,0,1
31.0,1,19.43,3.0,11.0,5.0,0.0,0.0,1.0,26.34,19.77,1.0,0,1,0
48.0,0,21.68,11.0,6.0,6.0,0.0,0.0,1.0,30.3,54.71,1.0,1,0,0
35.0,0,23.33,6.0,12.0,3.0,1.0,1.0,0.0,25.82,28.47,1.0,0,1,0
24.0,0,19.42,14.0,12.0,5.0,1.0,0.0,0.0,9.84,20.57,1.0,0,0,1
27.0,1,7.88,18.0,2.0,3.0,0.0,0.0,0.0,8.32,51.44,1.0,0,1,0
24.0,0,26.35,16.0,10.0,8.0,1.0,1.0,1.0,34.32,4.07,1.0,0,1,0
50.0,1,22.23,13.0,2.0,0.0,1.0,0.0,0.0,18.11,97.52,1.0,1,0,0
40.0,1,22.51,1.0,14.0,0.0,0.0,1.0,1.0,32.14,86.1,1.0,0,1,0
38.0,0,29.9,6.0,7.0,4.0,1.0,0.0,1.0,44.75,27.2,1.0,0,1,0
36.0,0,15.74,14.0,6.0,4.0,1.0,1.0,1.0,25.47,33.62,1.0,0,1,0
36.0,0,15.74,17.0,4.0,7.0,0.0,0.0,1.0,25.83,49.5,1.0,1,0,0
53.0,0,28.59,13.0,5.0,6.0,0.0,1.0,0.0,33.03,92.84,1.0,0,1,0
46.0,0,5.38,13.0,8.0,2.0,0.0,1.0,1.0,5.74,65.32,1.0,0,1,0
35.0,1,15.43,9.0,2.0,7.0,0.0,1.0,0.0,10.19,52.12,1.0,0,1,0
19.0,1,17.84,6.0,11.0,3.0,0.0,1.0,1.0,13.76,50.86,1.0,0,1,0
18.0,1,10.55,6.0,2.0,2.0,1.0,1.0,0.0,7.4,16.59,1.0,1,0,0
22.0,0,25.34,5.0,13.0,1.0,1.0,0.0,1.0,14.5,96.26,1.0,0,1,0
37.0,1,23.11,14.0,10.0,8.0,1.0,0.0,1.0,14.8,91.46,1.0,0,1,0
28.0,0,21.91,14.0,7.0,6.0,1.0,0.0,1.0,32.26,49.5,1.0,0,1,0
59.0,0,29.92,4.0,10.0,4.0,0.0,1.0,0.0,31.57,29.09,1.0,0,1,0
19.0,1,8.52,2.0,7.0,8.0,1.0,1.0,1.0,5.33,47.66,1.0,0,1,0
20.0,1,22.33,2.0,4.0,2.0,1.0,0.0,0.0,27.09,51.89,1.0,0,1,0
40.0,0,16.99,17.0,13.0,5.0,0.0,1.0,0.0,16.6,48.97,1.0,0,1,0
29.0,1,10.08,10.0,0.0,7.0,0.0,0.0,0.0,7.3,49.5,1.0,0,0,1
37.0,0,5.66,14.0,2.0,8.0,1.0,0.0,0.0,8.17,83.31,1.0,0,1,0
22.0,1,26.98,19.0,12.0,3.0,1.0,1.0,0.0,19.55,74.65,1.0,1,0,0
54.0,1,18.27,17.0,7.0,0.0,1.0,0.0,1.0,10.92,47.48,1.0,0,1,0
55.0,1,24.92,11.0,3.0,7.0,0.0,1.0,1.0,17.59,26.74,1.0,0,1,0
47.0,1,16.82,7.0,8.0,9.0,1.0,1.0,0.0,14.3,63.5,1.0,0,1,0
26.0,1,15.74,9.0,12.0,2.0,1.0,1.0,1.0,10.02,13.83,1.0,0,1,0
51.0,0,10.79,14.0,5.0,5.0,0.0,0.0,1.0,15.04,99.73,1.0,0,0,1
52.0,1,12.06,4.0,9.0,3.0,1.0,0.0,0.0,17.08,12.53,1.0,0,0,1
39.0,1,29.22,14.0,3.0,5.0,0.0,1.0,0.0,16.87,5.85,1.0,1,0,0
41.0,1,1.16,17.0,3.0,2.0,1.0,0.0,0.0,1.41,61.24,1.0,1,0,0
34.0,0,29.58,19.0,9.0,6.0,0.0,1.0,0.0,34.45,46.34,1.0,0,1,0
27.0,0,29.43,17.0,4.0,1.0,0.0,0.0,1.0,43.94,71.9,1.0,0,1,0
47.0,0,29.89,14.0,12.0,4.0,0.0,1.0,1.0,36.31,12.8,1.0,0,0,1
40.0,0,14.82,13.0,6.0,2.0,0.0,1.0,1.0,19.15,36.37,1.0,1,0,0
49.0,0,28.95,10.0,13.0,4.0,0.0,0.0,1.0,35.17,50.1,1.0,0,1,0
34.0,1,12.47,16.0,11.0,2.0,1.0,1.0,0.0,13.97,44.7,1.0,0,1,0
34.0,1,1.76,15.0,6.0,8.0,0.0,1.0,0.0,1.85,58.3,1.0,0,1,0
31.0,1,7.51,19.0,7.0,7.0,1.0,0.0,1.0,11.03,10.18,1.0,0,0,1
26.0,0,28.41,11.0,9.0,1.0,0.0,1.0,0.0,40.81,50.37,1.0,0,1,0
57.0,0,1.4,12.0,6.0,7.0,1.0,0.0,1.0,1.31,55.48,1.0,0,1,0
19.0,1,16.83,11.0,4.0,7.0,1.0,0.0,1.0,14.3,88.1,1.0,0,1,0
42.0,0,3.19,5.0,11.0,5.0,1.0,1.0,1.0,3.22,57.11,1.0,1,0,0
56.0,0,9.31,8.0,12.0,2.0,0.0,0.0,1.0,11.6,54.73,1.0,0,1,0
26.0,0,3.55,6.0,8.0,9.0,1.0,0.0,1.0,3.2,49.5,1.0,1,0,0
39.0,1,25.93,16.0,1.0,4.0,1.0,0.0,1.0,26.9,6.5,1.0,0,1,0
21.0,1,18.14,12.0,7.0,1.0,0.0,0.0,0.0,14.49,64.8,1.0,1,0,0
43.0,0,27.16,6.0,9.0,9.0,1.0,0.0,1.0,25.2,81.18,1.0,1,0,0
46.0,0,20.96,13.0,7.0,5.0,1.0,1.0,1.0,30.54,9.46,1.0,0,1,0
51.0,0,15.74,7.0,2.0,1.0,0.0,1.0,1.0,14.3,81.16,1.0,0,1,0
40.0,0,15.79,8.0,4.0,3.0,0.0,0.0,0.0,23.51,78.72,1.0,0,1,0
54.0,1,19.52,12.0,13.0,2.0,0.0,0.0,1.0,13.97,0.09,1.0,0,1,0
28.0,0,17.71,2.0,7.0,0.0,0.0,1.0,0.0,14.51,24.62,1.0,1,0,0
23.0,1,15.04,9.0,9.0,7.0,1.0,0.0,1.0,8.83,15.13,1.0,0,1,0
35.0,1,25.53,13.0,12.0,7.0,1.0,1.0,1.0,31.97,51.13,1.0,0,1,0
38.0,1,19.69,17.0,8.0,0.0,0.0,0.0,0.0,10.19,91.4,1.0,0,1,0
59.0,0,24.24,13.0,6.0,5.0,1.0,0.0,0.0,31.22,60.27,1.0,0,1,0
53.0,1,23.8,16.0,3.0,0.0,1.0,1.0,1.0,25.64,60.18,1.0,1,0,0
58.0,1,6.54,1.0,3.0,8.0,0.0,1.0,1.0,8.17,12.28,1.0,0,1,0
55.0,0,19.85,7.0,2.0,0.0,1.0,0.0,1.0,25.47,66.64,1.0,0,0,1
51.0,0,6.79,13.0,10.0,2.0,1.0,1.0,0.0,4.24,88.83,1.0,0,0,1
34.0,0,17.92,14.0,7.0,8.0,0.0,0.0,1.0,9.34,42.93,1.0,0,1,0
54.0,1,20.65,17.0,5.0,0.0,1.0,0.0,1.0,13.81,68.18,1.0,0,1,0
42.0,0,29.92,16.0,9.0,1.0,0.0,1.0,1.0,14.3,29.49,1.0,1,0,0
55.0,1,1.89,15.0,5.0,3.0,1.0,0.0,1.0,1.08,26.89,1.0,0,1,0
29.0,1,3.65,17.0,9.0,6.0,1.0,1.0,1.0,3.49,18.51,1.0,0,1,0
40.0,0,3.23,2.0,9.0,7.0,0.0,0.0,0.0,2.54,24.15,1.0,0,1,0
59.0,1,12.55,12.0,8.0,0.0,1.0,1.0,0.0,10.84,34.28,1.0,0,1,0
39.0,1,24.83,3.0,10.0,0.0,0.0,1.0,1.0,35.76,56.67,1.0,1,0,0
38.0,1,25.48,9.0,2.0,4.0,0.0,1.0,1.0,31.19,78.07,1.0,0,1,0
44.0,1,22.37,6.0,3.0,7.0,0.0,0.0,0.0,25.91,28.96,1.0,0,1,0
48.0,0,27.01,6.0,2.0,0.0,1.0,1.0,0.0,31.16,16.81,1.0,0,0,1
23.0,1,10.36,7.0,2.0,2.0,1.0,1.0,1.0,10.93,44.98,1.0,1,0,0
44.0,0,3.56,8.0,0.0,5.0,0.0,0.0,0.0,3.61,78.95,1.0,0,1,0
57.0,1,2.69,3.0,13.0,0.0,0.0,1.0,1.0,3.72,38.93,1.0,1,0,0
51.0,1,25.71,15.0,9.0,2.0,0.0,0.0,1.0,14.78,91.33,1.0,0,1,0
29.0,0,22.18,6.0,5.0,0.0,1.0,1.0,1.0,17.49,24.79,1.0,1,0,0
24.0,1,21.26,11.0,14.0,3.0,0.0,1.0,0.0,12.84,75.83,1.0,0,1,0
27.0,1,10.85,3.0,14.0,8.0,1.0,1.0,1.0,5.54,46.78,1.0,0,1,0
34.0,1,12.02,16.0,8.0,4.0,0.0,1.0,0.0,6.18,10.71,1.0,1,0,0
43.0,1,28.79,6.0,4.0,2.0,1.0,1.0,0.0,15.09,28.11,1.0,0,1,0
38.0,1,2.85,11.0,11.0,9.0,1.0,1.0,0.0,3.37,85.82,1.0,0,0,1
45.0,1,23.44,8.0,11.0,6.0,1.0,0.0,0.0,14.33,0.59,1.0,0,1,0
19.0,0,9.98,10.0,11.0,5.0,1.0,0.0,0.0,14.3,75.63,1.0,0,0,1
18.0,0,2.13,10.0,13.0,8.0,1.0,0.0,0.0,1.96,81.14,1.0,0,0,1
53.0,0,22.53,3.0,9.0,3.0,1.0,0.0,0.0,17.33,11.98,1.0,0,1,0
43.0,1,10.6,14.0,1.0,3.0,0.0,0.0,0.0,13.96,96.22,1.0,1,0,0
46.0,1,21.94,19.0,9.0,8.0,0.0,0.0,0.0,24.65,87.23,1.0,0,1,0
38.0,1,21.52,9.0,3.0,1.0,0.0,1.0,0.0,17.93,17.85,1.0,0,0,1
28.0,0,16.51,13.0,11.0,9.0,1.0,1.0,0.0,13.5,24.15,1.0,0,1,0
57.0,1,23.54,9.0,5.0,1.0,1.0,1.0,0.0,27.86,81.85,1.0,1,0,0
28.0,0,17.85,12.0,13.0,8.0,1.0,0.0,1.0,11.97,54.64,1.0,0,1,0
53.0,1,9.31,14.0,6.0,6.0,0.0,0.0,0.0,7.27,92.26,1.0,0,1,0
56.0,1,22.29,5.0,11.0,4.0,1.0,1.0,1.0,19.02,97.91,1.0,0,1,0
57.0,1,18.09,6.0,12.0,4.0,0.0,1.0,0.0,17.27,34.34,1.0,0,1,0
52.0,0,1.37,13.0,12.0,8.0,0.0,0.0,1.0,0.95,9.7,1.0,0,1,0
51.0,1,27.15,13.0,6.0,9.0,0.0,0.0,0.0,17.84,70.35,1.0,1,0,0
41.0,0,16.82,10.0,13.0,4.0,1.0,1.0,0.0,25.06,92.31,1.0,1,0,0
39.0,1,26.19,14.0,3.0,8.0,0.0,0.0,1.0,37.01,16.49,1.0,0,1,0
22.0,1,26.6,11.0,9.0,7.0,0.0,0.0,0.0,27.23,98.54,1.0,0,1,0
50.0,0,13.9,13.0,9.0,5.0,1.0,0.0,1.0,17.59,19.59,1.0,0,1,0
53.0,1,15.72,12.0,4.0,4.0,0.0,1.0,0.0,18.46,8.63,1.0,1,0,0
37.0,1,13.06,16.0,12.0,4.0,0.0,0.0,0.0,7.51,49.57,1.0,0,0,1
36.0,1,14.03,6.0,3.0,4.0,0.0,1.0,0.0,14.28,80.56,1.0,0,1,0
52.0,1,26.96,9.0,11.0,0.0,1.0,1.0,1.0,18.44,35.44,1.0,0,1,0
34.0,0,23.86,17.0,9.0,4.0,1.0,1.0,1.0,25.87,33.18,1.0,0,1,0
51.0,0,4.67,16.0,5.0,2.0,1.0,1.0,1.0,2.62,19.71,1.0,1,0,0
26.0,1,18.7,12.0,10.0,5.0,1.0,1.0,0.0,12.4,98.61,1.0,1,0,0
43.0,1,29.88,18.0,13.0,8.0,0.0,1.0,1.0,38.3,34.19,1.0,1,0,0
19.0,0,18.27,9.0,6.0,2.0,1.0,1.0,0.0,24.54,66.65,1.0,0,1,0
26.0,1,23.79,3.0,1.0,0.0,1.0,1.0,0.0,33.48,13.24,1.0,1,0,0
26.0,0,23.3,10.0,13.0,7.0,0.0,1.0,1.0,32.54,44.98,1.0,1,0,0
57.0,1,11.16,11.0,9.0,8.0,0.0,0.0,1.0,15.7,79.58,1.0,0,1,0
34.0,0,11.78,2.0,11.0,9.0,1.0,0.0,0.0,7.01,97.03,1.0,0,1,0
18.0,0,22.0,8.0,2.0,3.0,0.0,0.0,0.0,14.3,17.73,1.0,0,1,0
42.0,0,15.5,11.0,10.0,9.0,0.0,1.0,0.0,14.3,9.47,1.0,0,1,0
57.0,0,17.55,18.0,7.0,4.0,1.0,0.0,1.0,13.48,98.75,1.0,1,0,0
59.0,1,21.67,7.0,6.0,2.0,1.0,0.0,1.0,32.35,55.42,1.0,0,1,0
42.0,1,23.55,14.0,7.0,7.0,0.0,1.0,1.0,18.51,34.54,1.0,1,0,0
56.0,0,8.87,7.0,0.0,2.0,0.0,1.0,1.0,9.53,96.03,1.0,0,1,0
52.0,0,5.26,1.0,3.0,3.0,1.0,0.0,1.0,7.22,39.02,1.0,0,1,0
20.0,0,9.46,12.0,4.0,9.0,1.0,0.0,1.0,7.47,49.5,1.0,0,1,0
54.0,0,15.72,1.0,13.0,6.0,1.0,0.0,0.0,17.39,80.35,1.0,0,1,0
47.0,1,10.92,3.0,2.0,1.0,0.0,1.0,1.0,14.3,31.4,1.0,0,1,0
55.0,0,17.48,2.0,14.0,0.0,0.0,0.0,1.0,19.69,32.2,1.0,0,1,0
51.0,0,2.55,3.0,3.0,3.0,0.0,0.0,0.0,2.31,44.5,1.0,0,1,0
29.0,0,15.78,4.0,9.0,7.0,1.0,1.0,0.0,14.3,69.3,1.0,0,1,0
36.0,0,11.67,14.0,9.0,0.0,1.0,1.0,0.0,12.98,84.18,1.0,0,1,0
54.0,0,15.74,18.0,13.0,9.0,1.0,1.0,1.0,11.96,22.62,1.0,0,1,0
34.0,0,13.25,5.0,9.0,2.0,1.0,0.0,0.0,17.31,36.25,1.0,0,1,0
27.0,0,9.24,15.0,6.0,3.0,1.0,1.0,1.0,10.68,49.62,1.0,0,0,1
29.0,1,27.22,16.0,7.0,3.0,0.0,1.0,1.0,16.59,2.56,1.0,0,1,0
33.0,0,6.36,8.0,11.0,2.0,0.0,1.0,0.0,4.95,69.71,1.0,1,0,0
41.0,0,20.76,8.0,8.0,2.0,0.0,1.0,1.0,13.66,56.6,1.0,0,1,0
36.0,0,27.81,7.0,14.0,6.0,0.0,1.0,0.0,15.93,13.36,1.0,1,0,0
25.0,1,16.62,6.0,12.0,7.0,0.0,0.0,1.0,12.14,13.03,1.0,0,1,0
39.0,1,26.42,7.0,1.0,9.0,0.0,0.0,0.0,20.56,89.52,1.0,0,0,1
38.0,1,4.62,19.0,3.0,3.0,1.0,0.0,1.0,4.47,68.33,1.0,0,1,0
34.0,0,15.32,1.0,0.0,7.0,1.0,0.0,1.0,22.51,38.81,1.0,1,0,0
40.0,0,14.25,13.0,2.0,7.0,1.0,0.0,0.0,20.57,33.81,1.0,0,1,0
54.0,0,1.24,7.0,7.0,5.0,1.0,1.0,0.0,1.55,49.5,1.0,0,1,0
33.0,1,13.85,1.0,6.0,0.0,0.0,0.0,1.0,15.88,65.47,1.0,1,0,0
23.0,0,11.7,10.0,14.0,6.0,0.0,1.0,1.0,16.93,17.87,1.0,0,1,0
25.0,1,20.42,13.0,14.0,6.0,0.0,0.0,1.0,13.12,98.74,1.0,0,1,0
42.0,1,28.21,4.0,7.0,4.0,1.0,0.0,0.0,23.42,68.71,1.0,0,1,0
35.0,1,3.49,7.0,14.0,5.0,1.0,0.0,1.0,3.68,12.71,1.0,1,0,0
42.0,1,10.5,6.0,10.0,8.0,1.0,1.0,0.0,13.8,13.8,1.0,0,0,1
29.0,1,13.88,6.0,5.0,2.0,0.0,0.0,0.0,15.6,64.83,1.0,0,1,0
32.0,0,14.2,11.0,4.0,3.0,0.0,1.0,1.0,14.3,38.32,1.0,1,0,0
43.0,0,23.47,9.0,11.0,8.0,1.0,0.0,1.0,15.33,66.0,1.0,0,1,0
58.0,1,15.74,7.0,11.0,9.0,1.0,1.0,1.0,9.6,72.25,1.0,0,1,0
39.0,1,1.79,9.0,9.0,1.0,1.0,0.0,1.0,2.22,53.79,1.0,0,0,1
49.0,0,21.59,6.0,8.0,8.0,1.0,1.0,0.0,18.32,25.66,1.0,1,0,0
27.0,1,26.66,19.0,4.0,4.0,1.0,1.0,0.0,24.96,55.12,1.0,1,0,0
33.0,1,15.9,14.0,8.0,2.0,1.0,0.0,0.0,20.54,42.19,1.0,0,1,0
24.0,0,17.85,1.0,14.0,7.0,0.0,0.0,0.0,10.18,89.03,1.0,0,1,0
34.0,0,5.73,16.0,14.0,8.0,1.0,0.0,1.0,3.83,74.02,1.0,0,1,0
40.0,0,7.4,9.0,14.0,0.0,0.0,0.0,1.0,5.89,61.9,1.0,0,1,0
43.0,0,7.82,15.0,12.0,4.0,0.0,0.0,0.0,10.82,3.97,1.0,0,1,0
38.0,1,13.49,19.0,3.0,8.0,1.0,1.0,1.0,12.21,99.02,1.0,1,0,0
39.0,0,27.92,10.0,11.0,1.0,0.0,0.0,1.0,21.0,56.63,1.0,1,0,0
24.0,1,16.13,10.0,4.0,0.0,1.0,0.0,1.0,19.01,25.9,1.0,0,1,0
31.0,1,6.57,3.0,0.0,7.0,1.0,0.0,0.0,3.48,59.15,1.0,0,1,0
32.0,0,8.72,19.0,5.0,5.0,1.0,0.0,1.0,11.12,81.79,1.0,1,0,0
24.0,0,12.14,13.0,2.0,1.0,1.0,1.0,0.0,14.54,53.86,1.0,0,1,0
26.0,0,19.07,14.0,10.0,2.0,0.0,1.0,0.0,10.59,77.69,1.0,1,0,0
25.0,1,13.76,7.0,14.0,4.0,0.0,1.0,1.0,13.73,41.3,1.0,0,1,0
40.0,1,12.38,2.0,9.0,5.0,1.0,1.0,0.0,11.19,59.0,1.0,0,1,0
46.0,1,17.38,14.0,1.0,1.0,0.0,1.0,0.0,11.44,42.23,1.0,0,0,1
35.0,1,8.01,17.0,5.0,0.0,1.0,1.0,0.0,5.24,52.78,1.0,0,1,0
48.0,0,3.29,13.0,0.0,6.0,1.0,1.0,0.0,2.17,16.75,1.0,0,1,0
47.0,1,1.71,2.0,13.0,6.0,1.0,1.0,0.0,1.88,59.86,1.0,0,1,0
56.0,1,8.29,5.0,11.0,9.0,1.0,0.0,0.0,5.56,97.9,1.0,0,0,1
52.0,0,3.66,4.0,8.0,4.0,1.0,0.0,0.0,2.05,76.48,1.0,1,0,0
35.0,1,10.75,3.0,4.0,9.0,0.0,0.0,0.0,15.67,32.0,1.0,0,1,0
39.0,1,23.42,14.0,6.0,5.0,0.0,1.0,1.0,12.63,86.39,1.0,0,1,0
56.0,0,15.74,11.0,10.0,2.0,0.0,1.0,0.0,25.34,89.57,1.0,1,0,0
34.0,1,18.72,8.0,9.0,1.0,1.0,0.0,1.0,26.88,17.68,1.0,0,1,0
39.0,1,25.72,9.0,8.0,9.0,1.0,0.0,1.0,13.84,5.31,1.0,1,0,0
48.0,1,9.18,16.0,8.0,8.0,0.0,0.0,0.0,13.46,57.25,1.0,0,1,0
41.0,1,26.67,3.0,12.0,1.0,0.0,1.0,0.0,26.73,47.59,1.0,0,1,0
52.0,0,12.58,10.0,6.0,0.0,1.0,1.0,1.0,16.17,71.47,1.0,1,0,0
51.0,1,12.63,1.0,14.0,5.0,1.0,1.0,0.0,14.21,29.31,1.0,0,1,0
20.0,0,12.76,9.0,3.0,7.0,1.0,1.0,0.0,14.25,38.02,1.0,1,0,0
54.0,1,3.84,16.0,14.0,7.0,1.0,1.0,1.0,4.95,26.39,1.0,0,1,0
57.0,0,29.29,9.0,3.0,6.0,0.0,0.0,1.0,16.56,29.21,1.0,0,1,0
43.0,0,5.02,12.0,6.0,8.0,0.0,1.0,1.0,4.48,0.93,1.0,0,0,1
40.0,0,10.89,1.0,7.0,2.0,1.0,1.0,0.0,16.0,51.08,1.0,0,1,0
56.0,1,10.26,16.0,6.0,7.0,0.0,1.0,1.0,5.69,47.32,1.0,1,0,0
32.0,1,3.17,8.0,10.0,0.0,0.0,1.0,1.0,2.42,35.59,1.0,0,1,0
21.0,1,5.42,14.0,13.0,0.0,1.0,0.0,1.0,6.35,54.02,1.0,1,0,0
46.0,0,2.3,14.0,13.0,5.0,0.0,1.0,0.0,1.38,39.18,1.0,1,0,0
39.0,1,9.48,10.0,9.0,7.0,1.0,0.0,1.0,9.83,43.26,1.0,0,1,0
42.0,1,26.13,1.0,3.0,7.0,0.0,0.0,1.0,31.71,0.2,1.0,1,0,0
30.0,1,10.84,6.0,3.0,9.0,1.0,0.0,0.0,13.63,6.63,1.0,1,0,0
35.0,1,4.59,9.0,7.0,0.0,1.0,1.0,0.0,14.3,15.07,1.0,0,1,0
50.0,0,19.73,19.0,11.0,0.0,1.0,0.0,0.0,19.74,18.4,1.0,0,1,0
33.0,0,29.9,16.0,13.0,8.0,1.0,0.0,0.0,14.3,45.22,1.0,0,1,0
59.0,1,7.74,19.0,8.0,8.0,1.0,1.0,0.0,14.3,87.49,1.0,0,1,0
19.0,1,9.11,11.0,7.0,6.0,1.0,0.0,0.0,10.75,40.6,1.0,0,1,0
52.0,1,29.18,11.0,14.0,0.0,1.0,1.0,0.0,41.41,62.72,1.0,0,1,0
59.0,0,6.18,10.0,11.0,9.0,0.0,0.0,1.0,7.31,2.58,1.0,0,1,0
51.0,1,15.83,7.0,13.0,1.0,1.0,0.0,1.0,8.65,85.48,1.0,1,0,0
47.0,0,7.95,12.0,12.0,7.0,0.0,1.0,0.0,8.0,49.5,1.0,0,1,0
30.0,0,28.04,5.0,13.0,7.0,0.0,1.0,1.0,34.38,28.43,1.0,0,0,1
30.0,1,29.46,1.0,2.0,4.0,0.0,1.0,1.0,16.0,81.67,1.0,0,1,0
35.0,1,24.63,11.0,11.0,1.0,1.0,1.0,0.0,31.09,26.49,1.0,0,1,0
49.0,1,10.13,15.0,9.0,2.0,0.0,0.0,1.0,7.92,25.8,1.0,1,0,0
49.0,0,12.7,10.0,0.0,4.0,1.0,0.0,1.0,13.83,60.3,1.0,0,1,0
52.0,0,8.03,15.0,14.0,2.0,1.0,0.0,1.0,11.77,90.32,1.0,0,1,0
56.0,1,26.83,13.0,4.0,9.0,1.0,1.0,1.0,40.11,21.36,1.0,0,1,0
46.0,0,27.52,15.0,5.0,0.0,0.0,1.0,1.0,31.22,62.08,1.0,0,1,0
46.0,1,13.15,2.0,10.0,5.0,1.0,1.0,1.0,13.04,60.02,1.0,0,1,0
33.0,1,20.04,13.0,8.0,4.0,0.0,0.0,1.0,13.58,65.95,1.0,0,0,1
27.0,0,5.8,12.0,4.0,2.0,1.0,0.0,0.0,4.11,94.68,1.0,0,1,0
47.0,0,13.61,4.0,0.0,8.0,1.0,1.0,0.0,12.65,16.59,1.0,1,0,0
42.0,0,19.31,12.0,10.0,9.0,0.0,0.0,1.0,23.22,65.44,1.0,1,0,0
56.0,0,12.18,15.0,10.0,7.0,1.0,1.0,1.0,15.46,18.24,1.0,0,1,0
37.0,1,11.37,13.0,3.0,6.0,1.0,1.0,0.0,8.21,31.43,1.0,0,1,0
22.0,1,1.03,2.0,1.0,1.0,0.0,1.0,1.0,1.07,39.0,1.0,1,0,0
18.0,1,24.32,16.0,3.0,5.0,0.0,0.0,0.0,26.55,83.54,1.0,1,0,0
47.0,0,26.79,14.0,13.0,4.0,0.0,0.0,1.0,37.32,5.37,1.0,0,1,0
20.0,1,29.11,2.0,6.0,4.0,0.0,0.0,1.0,40.07,73.37,1.0,0,1,0
31.0,0,21.86,17.0,8.0,5.0,0.0,1.0,0.0,28.8,91.26,1.0,0,1,0
47.0,0,16.91,16.0,11.0,5.0,1.0,0.0,0.0,17.19,7.92,1.0,0,1,0
21.0,0,8.81,10.0,2.0,2.0,1.0,0.0,1.0,4.98,79.07,1.0,0,1,0
35.0,1,29.98,11.0,2.0,3.0,0.0,1.0,1.0,25.02,10.76,1.0,1,0,0
54.0,0,18.1,13.0,10.0,0.0,0.0,0.0,0.0,20.3,96.29,1.0,0,1,0
42.0,0,20.75,6.0,3.0,0.0,1.0,0.0,1.0,23.61,81.54,1.0,1,0,0
18.0,0,20.79,17.0,6.0,4.0,0.0,1.0,1.0,28.05,69.5,1.0,1,0,0
32.0,0,25.51,1.0,5.0,3.0,1.0,1.0,1.0,22.43,55.01,1.0,0,1,0
26.0,0,1.28,10.0,13.0,6.0,0.0,0.0,0.0,1.84,92.08,1.0,0,1,0
32.0,0,7.39,18.0,4.0,6.0,1.0,1.0,1.0,4.9,11.91,1.0,1,0,0
41.0,0,20.3,11.0,3.0,3.0,1.0,0.0,0.0,11.16,12.18,1.0,1,0,0
21.0,0,26.96,14.0,11.0,9.0,0.0,0.0,1.0,18.24,82.25,1.0,0,1,0
29.0,0,20.87,2.0,7.0,1.0,0.0,1.0,1.0,20.08,48.23,1.0,0,1,0
54.0,0,12.99,11.0,11.0,9.0,1.0,0.0,1.0,17.18,84.51,1.0,0,1,0
54.0,0,11.49,2.0,3.0,3.0,1.0,0.0,1.0,7.51,39.07,1.0,0,1,0
23.0,0,22.4,4.0,2.0,7.0,0.0,0.0,1.0,23.48,45.19,1.0,0,1,0
56.0,1,22.5,13.0,6.0,1.0,0.0,0.0,1.0,28.72,33.21,1.0,1,0,0
41.0,1,18.6,6.0,1.0,4.0,1.0,1.0,1.0,9.95,95.07,1.0,0,1,0
28.0,0,9.45,7.0,3.0,6.0,1.0,0.0,1.0,5.12,46.5,1.0,1,0,0
30.0,0,27.83,3.0,7.0,9.0,1.0,1.0,1.0,27.57,75.51,1.0,0,1,0
51.0,0,17.0,4.0,3.0,5.0,0.0,1.0,0.0,11.6,69.59,1.0,1,0,0
42.0,1,23.92,3.0,9.0,8.0,0.0,0.0,1.0,22.74,23.51,1.0,0,0,1
24.0,1,7.21,1.0,11.0,5.0,0.0,0.0,0.0,3.92,91.4,1.0,0,1,0
21.0,1,10.98,19.0,6.0,3.0,0.0,0.0,0.0,16.22,54.47,1.0,0,0,1
25.0,0,26.36,13.0,1.0,6.0,0.0,1.0,1.0,30.42,85.58,1.0,0,1,0
37.0,0,2.45,14.0,10.0,7.0,1.0,0.0,0.0,2.91,83.22,1.0,0,1,0
46.0,0,15.86,16.0,4.0,4.0,1.0,1.0,1.0,16.01,5.87,1.0,1,0,0
27.0,0,14.97,4.0,11.0,4.0,0.0,0.0,0.0,19.83,61.98,1.0,0,0,1
51.0,1,22.79,17.0,12.0,3.0,1.0,1.0,1.0,30.39,78.9,1.0,0,1,0
43.0,0,9.17,10.0,3.0,8.0,1.0,0.0,0.0,6.04,90.65,1.0,0,1,0
58.0,1,7.35,7.0,8.0,9.0,1.0,1.0,1.0,9.32,50.63,1.0,1,0,0
20.0,1,27.86,10.0,6.0,3.0,1.0,0.0,0.0,29.72,75.07,1.0,1,0,0
23.0,0,17.58,13.0,13.0,2.0,1.0,1.0,0.0,22.19,96.96,1.0,0,1,0
22.0,1,4.04,14.0,8.0,8.0,0.0,0.0,1.0,5.73,82.78,1.0,1,0,0
22.0,1,6.6,6.0,10.0,6.0,1.0,0.0,1.0,5.51,85.44,1.0,0,1,0
40.0,1,29.97,10.0,12.0,8.0,0.0,0.0,0.0,32.1,40.73,1.0,0,1,0
26.0,1,6.67,9.0,12.0,3.0,0.0,0.0,0.0,8.59,9.17,1.0,0,1,0
52.0,0,18.7,16.0,9.0,2.0,1.0,1.0,0.0,27.8,96.6,1.0,0,1,0
37.0,0,13.18,12.0,6.0,9.0,1.0,0.0,0.0,14.66,69.58,1.0,0,1,0
59.0,1,26.68,16.0,1.0,7.0,1.0,1.0,1.0,14.3,17.12,1.0,0,1,0
52.0,0,22.9,5.0,11.0,3.0,1.0,1.0,1.0,30.83,97.38,1.0,0,0,1
35.0,1,18.31,11.0,1.0,9.0,0.0,1.0,0.0,22.91,71.58,1.0,0,1,0
34.0,0,1.31,1.0,1.0,2.0,1.0,0.0,0.0,1.89,9.04,1.0,1,0,0
41.0,0,26.51,10.0,4.0,3.0,0.0,0.0,0.0,19.34,17.08,1.0,1,0,0
20.0,0,13.9,11.0,0.0,1.0,0.0,1.0,0.0,19.57,49.5,1.0,1,0,0
49.0,0,28.02,15.0,12.0,3.0,1.0,0.0,1.0,19.81,95.38,1.0,1,0,0
52.0,0,15.37,3.0,6.0,6.0,0.0,1.0,1.0,16.37,36.48,1.0,0,1,0
55.0,1,21.13,15.0,1.0,2.0,0.0,1.0,0.0,21.61,41.33,1.0,1,0,0
30.0,0,3.01,11.0,3.0,0.0,0.0,1.0,0.0,14.3,39.55,1.0,1,0,0
42.0,1,22.61,9.0,8.0,9.0,1.0,1.0,0.0,20.32,83.54,1.0,0,1,0
26.0,1,10.8,2.0,7.0,7.0,0.0,1.0,0.0,6.95,45.33,1.0,1,0,0
21.0,0,11.19,12.0,9.0,5.0,1.0,0.0,1.0,13.5,37.53,1.0,0,1,0
31.0,1,4.44,16.0,1.0,2.0,0.0,1.0,1.0,4.91,62.19,1.0,0,1,0
54.0,0,5.26,16.0,13.0,7.0,0.0,1.0,1.0,6.98,49.05,1.0,1,0,0
51.0,1,6.39,1.0,3.0,5.0,1.0,1.0,0.0,8.04,53.34,1.0,0,1,0
28.0,1,10.52,16.0,3.0,0.0,0.0,0.0,0.0,14.67,40.7,1.0,1,0,0
58.0,0,26.87,6.0,1.0,8.0,1.0,1.0,0.0,35.98,46.05,1.0,0,1,0
20.0,0,11.68,14.0,1.0,8.0,0.0,0.0,0.0,13.85,3.6,1.0,0,1,0
45.0,0,22.01,11.0,4.0,8.0,0.0,0.0,1.0,21.26,92.58,1.0,0,1,0
46.0,0,3.4,1.0,10.0,5.0,1.0,0.0,0.0,14.3,3.06,1.0,0,1,0
39.0,1,18.14,17.0,3.0,5.0,0.0,1.0,0.0,14.65,77.28,1.0,1,0,0
20.0,0,14.97,19.0,14.0,3.0,1.0,1.0,1.0,18.38,29.83,1.0,0,1,0
42.0,1,29.36,2.0,7.0,7.0,0.0,1.0,0.0,16.43,11.23,1.0,0,1,0
51.0,1,25.54,14.0,3.0,8.0,1.0,0.0,0.0,32.09,60.97,1.0,0,1,0
29.0,1,14.19,8.0,14.0,6.0,0.0,0.0,0.0,14.42,70.7,1.0,0,1,0
59.0,1,23.48,6.0,14.0,6.0,1.0,0.0,0.0,32.12,63.02,1.0,1,0,0
26.0,1,6.6,9.0,7.0,1.0,1.0,1.0,1.0,7.65,57.61,1.0,0,1,0
32.0,1,17.31,5.0,13.0,1.0,1.0,1.0,1.0,22.48,53.62,1.0,0,1,0
57.0,0,3.16,5.0,4.0,9.0,0.0,1.0,0.0,2.12,54.11,1.0,0,0,1
42.0,1,11.09,18.0,0.0,1.0,1.0,1.0,1.0,7.46,86.54,1.0,1,0,0
22.0,1,7.55,14.0,13.0,3.0,0.0,1.0,0.0,5.37,9.02,1.0,1,0,0
28.0,1,21.85,12.0,13.0,8.0,1.0,1.0,1.0,18.21,15.74,1.0,0,1,0
51.0,0,15.21,12.0,8.0,4.0,1.0,1.0,1.0,21.36,81.27,1.0,0,1,0
41.0,0,22.78,6.0,7.0,5.0,1.0,1.0,1.0,29.03,30.3,1.0,1,0,0
32.0,1,15.94,4.0,0.0,5.0,0.0,1.0,0.0,13.78,77.16,1.0,1,0,0
55.0,0,3.51,15.0,11.0,6.0,1.0,0.0,0.0,4.98,35.27,1.0,1,0,0
25.0,1,22.33,15.0,2.0,4.0,0.0,0.0,0.0,28.56,92.54,1.0,1,0,0
39.0,0,25.16,17.0,2.0,7.0,1.0,1.0,0.0,29.09,28.13,1.0,0,1,0
43.0,1,27.2,3.0,14.0,0.0,1.0,1.0,1.0,25.47,42.69,1.0,0,1,0
35.0,0,17.59,10.0,7.0,4.0,1.0,0.0,1.0,20.26,15.88,1.0,1,0,0
23.0,0,22.85,8.0,6.0,3.0,0.0,1.0,0.0,24.98,66.67,1.0,1,0,0
54.0,0,22.81,9.0,0.0,2.0,1.0,0.0,1.0,29.24,40.29,1.0,0,1,0
30.0,1,5.52,3.0,0.0,6.0,0.0,0.0,1.0,4.01,94.12,1.0,1,0,0
45.0,1,5.76,1.0,9.0,9.0,1.0,0.0,1.0,7.98,1.57,1.0,0,1,0
22.0,1,3.06,11.0,12.0,0.0,0.0,0.0,0.0,3.34,38.77,1.0,0,1,0
30.0,0,10.28,13.0,7.0,5.0,0.0,1.0,0.0,13.43,2.36,1.0,1,0,0
34.0,0,14.73,12.0,13.0,7.0,1.0,1.0,1.0,12.48,32.9,1.0,1,0,0
57.0,1,29.94,7.0,4.0,5.0,1.0,1.0,0.0,26.7,38.02,1.0,0,1,0
49.0,0,13.5,2.0,11.0,5.0,0.0,1.0,0.0,19.4,25.81,1.0,0,1,0
46.0,1,22.06,1.0,11.0,0.0,0.0,1.0,1.0,24.75,25.55,1.0,0,1,0
20.0,1,21.11,3.0,12.0,5.0,0.0,1.0,0.0,17.26,26.01,1.0,1,0,0
57.0,1,6.93,4.0,2.0,5.0,1.0,1.0,1.0,4.03,26.63,1.0,0,1,0
51.0,1,2.7,17.0,12.0,4.0,0.0,0.0,0.0,2.52,28.23,1.0,1,0,0
57.0,0,16.83,18.0,2.0,6.0,1.0,0.0,0.0,22.71,85.13,1.0,0,0,1
44.0,0,21.31,17.0,3.0,4.0,1.0,0.0,1.0,16.01,3.91,1.0,0,1,0
30.0,0,29.95,19.0,14.0,7.0,0.0,1.0,0.0,40.74,98.89,1.0,0,1,0
50.0,1,11.4,4.0,12.0,1.0,0.0,0.0,0.0,7.54,28.15,1.0,1,0,0
23.0,0,26.99,17.0,10.0,5.0,0.0,1.0,1.0,17.0,2.79,1.0,0,1,0
41.0,1,12.08,2.0,9.0,4.0,0.0,1.0,0.0,13.36,17.52,1.0,0,1,0
36.0,1,20.99,10.0,1.0,9.0,0.0,1.0,0.0,27.38,94.19,1.0,0,1,0
33.0,1,18.35,12.0,12.0,1.0,0.0,0.0,1.0,23.49,99.75,1.0,0,1,0
57.0,1,2.54,13.0,8.0,6.0,0.0,0.0,1.0,2.65,24.68,1.0,0,0,1
45.0,1,3.27,11.0,12.0,3.0,1.0,1.0,1.0,3.72,22.54,1.0,0,1,0
50.0,1,1.6,8.0,11.0,5.0,0.0,0.0,1.0,1.21,83.61,1.0,0,1,0
58.0,0,11.75,5.0,3.0,4.0,0.0,0.0,1.0,12.35,91.42,1.0,0,0,1
30.0,0,22.63,2.0,9.0,3.0,0.0,0.0,1.0,16.02,65.04,1.0,0,1,0
42.0,0,6.01,12.0,2.0,1.0,1.0,0.0,1.0,8.58,93.58,1.0,1,0,0
59.0,0,18.57,2.0,9.0,6.0,1.0,1.0,1.0,21.88,95.0,1.0,0,1,0
53.0,1,9.38,6.0,10.0,4.0,0.0,1.0,0.0,9.99,75.97,1.0,0,1,0
44.0,1,24.11,19.0,6.0,2.0,1.0,0.0,0.0,18.01,34.87,1.0,0,0,1
55.0,0,24.15,12.0,12.0,5.0,0.0,1.0,1.0,21.95,14.95,1.0,0,1,0
24.0,0,23.49,13.0,8.0,7.0,0.0,1.0,0.0,30.07,51.77,1.0,0,1,0
22.0,0,16.22,17.0,11.0,9.0,0.0,1.0,1.0,11.99,28.96,1.0,0,1,0
48.0,0,9.25,12.0,12.0,9.0,1.0,1.0,1.0,5.82,11.85,1.0,0,1,0
40.0,0,24.47,3.0,1.0,1.0,1.0,1.0,0.0,19.76,39.4,1.0,0,1,0
59.0,0,6.4,8.0,13.0,9.0,1.0,1.0,1.0,8.28,47.98,1.0,0,1,0
27.0,0,9.4,16.0,5.0,3.0,1.0,0.0,0.0,13.0,66.2,1.0,0,1,0
49.0,0,6.33,4.0,4.0,2.0,1.0,1.0,1.0,5.79,22.11,1.0,1,0,0
47.0,1,20.55,13.0,0.0,6.0,1.0,1.0,1.0,26.33,86.85,1.0,0,1,0
56.0,1,20.9,8.0,10.0,9.0,0.0,0.0,0.0,17.39,18.54,1.0,0,1,0
48.0,1,19.92,1.0,6.0,7.0,1.0,0.0,1.0,20.1,99.72,1.0,0,1,0
35.0,1,13.05,3.0,0.0,7.0,0.0,0.0,1.0,6.79,55.69,1.0,0,0,1
53.0,0,3.9,1.0,9.0,3.0,1.0,1.0,0.0,4.73,14.68,1.0,0,0,1
19.0,1,27.42,15.0,8.0,9.0,0.0,0.0,1.0,33.42,83.44,1.0,1,0,0
31.0,0,15.72,18.0,3.0,1.0,0.0,1.0,1.0,9.44,25.37,1.0,1,0,0
30.0,1,12.8,3.0,13.0,5.0,1.0,1.0,0.0,10.99,18.83,1.0,0,1,0
46.0,0,18.08,15.0,7.0,2.0,0.0,1.0,1.0,17.78,13.48,1.0,0,1,0
29.0,0,6.59,5.0,7.0,7.0,1.0,0.0,1.0,8.4,55.09,1.0,1,0,0
56.0,1,4.84,10.0,4.0,2.0,0.0,1.0,0.0,6.41,87.93,1.0,1,0,0
19.0,1,12.76,7.0,2.0,1.0,0.0,0.0,1.0,15.56,89.71,1.0,0,1,0
49.0,0,7.59,8.0,3.0,8.0,1.0,1.0,1.0,5.43,78.56,1.0,0,1,0
30.0,0,8.08,3.0,11.0,8.0,0.0,1.0,1.0,6.92,58.14,1.0,0,0,1
44.0,0,26.88,18.0,3.0,8.0,0.0,0.0,1.0,20.09,52.99,1.0,1,0,0
58.0,1,16.39,17.0,7.0,2.0,0.0,1.0,1.0,18.64,37.38,1.0,0,1,0
34.0,1,15.02,16.0,9.0,1.0,1.0,1.0,0.0,17.23,4.41,1.0,1,0,0
57.0,0,20.99,13.0,9.0,3.0,0.0,1.0,0.0,10.83,83.66,1.0,0,1,0
48.0,1,28.59,4.0,12.0,1.0,0.0,1.0,1.0,35.21,99.95,1.0,0,1,0
51.0,0,4.25,3.0,2.0,7.0,1.0,0.0,1.0,3.1,92.08,1.0,0,1,0
41.0,1,25.17,11.0,0.0,9.0,0.0,1.0,1.0,32.76,93.3,1.0,0,1,0
52.0,1,17.94,2.0,4.0,0.0,0.0,0.0,1.0,23.91,33.32,1.0,0,1,0
23.0,1,15.74,18.0,1.0,1.0,1.0,1.0,0.0,6.8,9.93,1.0,1,0,0
36.0,1,9.62,4.0,12.0,5.0,0.0,1.0,1.0,8.74,87.16,1.0,0,1,0
47.0,1,14.99,17.0,10.0,8.0,0.0,0.0,0.0,12.72,76.38,1.0,0,1,0
24.0,0,21.04,6.0,12.0,9.0,1.0,0.0,1.0,19.67,39.04,1.0,0,1,0
27.0,0,8.04,10.0,14.0,4.0,1.0,1.0,1.0,8.26,83.36,1.0,0,1,0
58.0,1,15.74,11.0,13.0,4.0,1.0,0.0,1.0,12.38,13.87,1.0,1,0,0
49.0,0,20.86,5.0,5.0,2.0,0.0,0.0,1.0,29.86,65.11,1.0,1,0,0
39.0,0,14.01,18.0,3.0,7.0,0.0,1.0,1.0,14.07,95.34,1.0,0,0,1
45.0,1,26.03,10.0,8.0,5.0,0.0,1.0,1.0,14.92,91.04,1.0,0,0,1
32.0,0,26.21,9.0,6.0,9.0,0.0,0.0,0.0,39.24,76.08,1.0,0,1,0
39.0,1,14.65,16.0,1.0,1.0,0.0,0.0,0.0,14.42,49.5,1.0,0,1,0
54.0,0,29.21,10.0,6.0,4.0,0.0,0.0,0.0,42.27,10.26,1.0,1,0,0
46.0,0,3.19,10.0,9.0,3.0,0.0,0.0,1.0,2.84,32.47,1.0,0,0,1
39.0,0,1.1,4.0,13.0,9.0,0.0,1.0,1.0,0.8,61.74,1.0,1,0,0
21.0,0,12.04,14.0,7.0,8.0,0.0,1.0,0.0,14.89,31.65,1.0,1,0,0
37.0,0,18.43,8.0,2.0,3.0,0.0,1.0,0.0,17.19,41.31,1.0,1,0,0
49.0,0,19.25,1.0,2.0,7.0,1.0,1.0,0.0,26.59,40.36,1.0,0,1,0
53.0,0,14.82,16.0,10.0,0.0,0.0,1.0,1.0,14.29,33.58,1.0,0,1,0
21.0,1,4.62,17.0,1.0,4.0,1.0,1.0,1.0,3.87,92.35,1.0,1,0,0
44.0,1,5.94,10.0,11.0,8.0,0.0,0.0,1.0,8.71,32.0,1.0,1,0,0
34.0,1,25.71,6.0,14.0,2.0,1.0,0.0,0.0,14.3,99.35,1.0,0,1,0
29.0,1,26.17,7.0,0.0,5.0,1.0,1.0,1.0,18.47,20.93,1.0,0,1,0
39.0,0,20.54,18.0,2.0,9.0,1.0,1.0,1.0,20.31,87.26,1.0,0,1,0
34.0,0,20.26,2.0,9.0,5.0,0.0,1.0,0.0,12.43,73.23,1.0,0,1,0
27.0,0,18.33,9.0,11.0,5.0,0.0,0.0,0.0,11.14,66.88,1.0,0,0,1
18.0,1,6.88,5.0,10.0,3.0,1.0,0.0,0.0,9.31,44.53,1.0,0,1,0
39.0,1,13.42,8.0,6.0,6.0,0.0,0.0,1.0,19.22,81.66,1.0,0,1,0
43.0,1,21.18,5.0,10.0,2.0,1.0,0.0,0.0,26.24,49.22,1.0,0,1,0
35.0,0,16.58,15.0,8.0,5.0,0.0,0.0,1.0,24.69,13.55,1.0,1,0,0
31.0,1,1.54,8.0,13.0,9.0,1.0,1.0,1.0,0.84,28.05,1.0,0,1,0
46.0,0,28.65,5.0,8.0,4.0,1.0,1.0,1.0,23.82,18.24,1.0,0,1,0
29.0,1,25.5,5.0,12.0,2.0,1.0,1.0,1.0,16.12,56.96,1.0,0,1,0
53.0,0,8.56,17.0,5.0,1.0,1.0,0.0,1.0,10.97,65.54,1.0,0,1,0
52.0,1,18.88,9.0,13.0,0.0,1.0,0.0,0.0,26.25,33.59,1.0,0,1,0
29.0,0,27.77,2.0,14.0,7.0,0.0,0.0,0.0,26.3,49.5,1.0,0,1,0
24.0,1,3.78,1.0,5.0,0.0,0.0,0.0,0.0,5.02,65.87,1.0,0,0,1
46.0,1,15.59,11.0,10.0,4.0,1.0,0.0,0.0,21.01,6.2,1.0,0,1,0
28.0,0,14.23,15.0,4.0,4.0,0.0,1.0,1.0,9.1,96.57,1.0,0,1,0
50.0,0,12.9,1.0,14.0,0.0,0.0,1.0,0.0,11.31,88.73,1.0,1,0,0
23.0,1,25.23,7.0,1.0,8.0,1.0,0.0,1.0,17.36,83.09,1.0,0,1,0
32.0,0,12.04,19.0,6.0,4.0,0.0,1.0,0.0,14.09,36.75,1.0,1,0,0
49.0,1,2.85,15.0,0.0,8.0,0.0,0.0,1.0,2.53,74.5,1.0,0,1,0
28.0,0,2.91,6.0,5.0,5.0,1.0,1.0,1.0,3.4,4.59,1.0,0,1,0
40.0,1,2.24,10.0,13.0,6.0,0.0,0.0,1.0,3.08,8.96,1.0,1,0,0
43.0,0,12.87,12.0,3.0,6.0,1.0,0.0,0.0,11.75,49.45,1.0,0,0,1
51.0,1,21.83,13.0,2.0,1.0,1.0,0.0,1.0,32.13,58.68,1.0,0,1,0
51.0,1,6.91,15.0,14.0,4.0,0.0,1.0,0.0,6.28,76.7,1.0,0,1,0
46.0,1,19.75,19.0,10.0,1.0,1.0,1.0,1.0,14.1,29.77,1.0,0,1,0
21.0,0,20.93,17.0,12.0,3.0,0.0,1.0,1.0,21.54,54.26,1.0,0,0,1
34.0,1,8.4,13.0,0.0,2.0,1.0,1.0,1.0,7.55,6.25,1.0,0,0,1
52.0,1,18.42,2.0,13.0,5.0,1.0,0.0,0.0,11.51,47.09,1.0,0,1,0
30.0,0,20.86,18.0,5.0,4.0,1.0,1.0,1.0,10.91,67.13,1.0,0,1,0
58.0,1,14.53,11.0,12.0,0.0,1.0,0.0,0.0,18.08,98.96,1.0,0,1,0
56.0,1,10.76,5.0,6.0,1.0,0.0,0.0,0.0,15.42,76.8,1.0,0,1,0
32.0,0,18.96,4.0,10.0,6.0,0.0,0.0,0.0,17.83,99.55,1.0,0,1,0
39.0,0,29.36,2.0,0.0,8.0,0.0,1.0,1.0,16.6,49.79,1.0,0,1,0
46.0,0,13.38,16.0,10.0,0.0,1.0,0.0,1.0,16.6,43.3,1.0,1,0,0
28.0,1,12.36,7.0,0.0,3.0,0.0,1.0,0.0,16.9,83.42,1.0,0,0,1
49.0,0,14.46,8.0,6.0,2.0,0.0,0.0,0.0,11.91,46.24,1.0,0,0,1
19.0,0,3.21,8.0,10.0,4.0,1.0,0.0,1.0,2.32,75.61,1.0,0,1,0
31.0,0,17.04,2.0,11.0,4.0,0.0,0.0,1.0,14.26,99.45,1.0,0,1,0
37.0,0,10.53,15.0,5.0,9.0,0.0,1.0,1.0,14.83,72.46,1.0,1,0,0
39.0,1,4.52,5.0,6.0,9.0,0.0,0.0,1.0,4.15,1.43,1.0,0,1,0
28.0,1,14.52,19.0,14.0,1.0,0.0,1.0,1.0,16.76,18.03,1.0,1,0,0
44.0,0,1.1,10.0,12.0,4.0,0.0,1.0,0.0,0.63,27.63,1.0,0,1,0
20.0,0,12.65,9.0,7.0,3.0,0.0,0.0,1.0,9.89,82.21,1.0,0,1,0
34.0,0,4.07,8.0,7.0,0.0,0.0,0.0,0.0,2.96,93.21,1.0,0,1,0
45.0,0,1.7,5.0,8.0,0.0,0.0,1.0,1.0,0.96,64.97,1.0,0,1,0
46.0,1,24.91,19.0,12.0,0.0,1.0,1.0,1.0,15.46,8.8,1.0,1,0,0
38.0,1,27.57,13.0,8.0,7.0,0.0,0.0,1.0,25.27,49.95,1.0,0,1,0
33.0,1,7.02,14.0,6.0,2.0,1.0,1.0,0.0,7.43,85.9,1.0,0,1,0
54.0,1,16.64,8.0,8.0,8.0,0.0,0.0,0.0,13.51,36.22,1.0,0,1,0
37.0,0,9.06,16.0,5.0,9.0,0.0,0.0,0.0,8.33,6.53,1.0,1,0,0
23.0,0,15.31,5.0,8.0,1.0,0.0,0.0,0.0,19.28,77.96,1.0,0,1,0
36.0,1,13.66,1.0,10.0,8.0,0.0,0.0,1.0,10.21,65.71,1.0,0,1,0
22.0,1,8.8,19.0,1.0,8.0,0.0,0.0,1.0,4.7,46.7,1.0,0,1,0
20.0,0,21.31,19.0,10.0,3.0,0.0,1.0,1.0,16.13,84.98,1.0,0,1,0
18.0,0,4.67,17.0,1.0,3.0,0.0,0.0,1.0,6.64,84.97,1.0,0,1,0
55.0,0,2.54,10.0,13.0,3.0,0.0,1.0,1.0,1.32,70.1,1.0,1,0,0
32.0,0,23.26,5.0,5.0,0.0,1.0,0.0,0.0,14.63,94.23,1.0,0,1,0
51.0,0,20.31,7.0,2.0,4.0,1.0,0.0,1.0,11.48,45.39,1.0,0,1,0
52.0,1,15.46,16.0,1.0,5.0,1.0,1.0,0.0,13.56,72.89,1.0,1,0,0
42.0,1,14.57,3.0,7.0,3.0,0.0,1.0,0.0,16.72,83.07,1.0,0,1,0
41.0,0,15.42,12.0,6.0,7.0,0.0,1.0,0.0,21.75,63.56,1.0,0,1,0
39.0,0,13.67,14.0,7.0,2.0,0.0,0.0,0.0,17.69,55.31,1.0,0,1,0
35.0,1,12.39,1.0,5.0,8.0,1.0,1.0,0.0,9.3,73.2,1.0,0,1,0
32.0,0,15.49,7.0,8.0,6.0,1.0,1.0,0.0,17.58,35.45,1.0,1,0,0
33.0,1,16.33,18.0,8.0,7.0,0.0,1.0,1.0,19.01,36.64,1.0,1,0,0
44.0,1,21.07,4.0,1.0,6.0,1.0,1.0,1.0,12.44,97.66,1.0,1,0,0
25.0,1,21.63,16.0,9.0,8.0,1.0,1.0,1.0,20.05,11.88,1.0,1,0,0
42.0,1,11.95,11.0,4.0,1.0,0.0,0.0,1.0,9.69,84.2,1.0,0,1,0
34.0,0,12.99,18.0,8.0,3.0,1.0,1.0,0.0,8.54,78.87,1.0,0,1,0
46.0,0,11.84,16.0,2.0,1.0,1.0,0.0,1.0,6.61,5.42,1.0,0,1,0
25.0,1,15.74,7.0,4.0,7.0,0.0,0.0,0.0,8.73,70.35,1.0,0,1,0
32.0,0,14.15,3.0,14.0,1.0,1.0,1.0,0.0,19.23,9.39,1.0,0,0,1
44.0,0,26.8,5.0,7.0,7.0,0.0,1.0,1.0,22.26,21.05,1.0,1,0,0
24.0,0,21.19,18.0,1.0,5.0,0.0,0.0,0.0,21.04,95.82,1.0,0,1,0
20.0,0,27.06,17.0,14.0,6.0,1.0,0.0,1.0,21.42,36.22,1.0,0,1,0
46.0,1,21.56,1.0,5.0,5.0,0.0,1.0,1.0,14.36,5.68,1.0,0,1,0
41.0,0,29.16,16.0,10.0,8.0,1.0,0.0,1.0,22.2,52.12,1.0,0,1,0
20.0,1,19.44,15.0,3.0,3.0,1.0,0.0,1.0,13.02,20.64,1.0,0,1,0
37.0,1,28.94,13.0,11.0,0.0,0.0,0.0,1.0,36.4,42.63,1.0,0,1,0
32.0,0,5.59,7.0,14.0,8.0,1.0,0.0,1.0,7.87,10.17,1.0,1,0,0
42.0,1,2.52,3.0,14.0,9.0,0.0,0.0,1.0,2.35,9.6,1.0,1,0,0
39.0,0,17.79,13.0,13.0,7.0,1.0,1.0,1.0,23.53,50.41,1.0,0,1,0
31.0,0,29.52,16.0,11.0,0.0,0.0,0.0,0.0,14.3,33.59,1.0,0,1,0
24.0,1,13.11,1.0,5.0,9.0,0.0,0.0,1.0,12.41,15.53,1.0,0,1,0
34.0,0,7.15,1.0,2.0,5.0,0.0,1.0,0.0,7.04,58.04,1.0,1,0,0
37.0,1,16.12,16.0,5.0,9.0,0.0,1.0,0.0,21.28,6.22,1.0,1,0,0
53.0,1,19.82,2.0,6.0,3.0,0.0,0.0,1.0,28.47,75.27,1.0,0,0,1
26.0,0,10.14,18.0,9.0,1.0,0.0,0.0,1.0,12.62,5.13,1.0,0,1,0
55.0,0,21.73,18.0,2.0,2.0,0.0,0.0,1.0,30.17,97.04,1.0,1,0,0
39.0,0,29.28,5.0,4.0,8.0,0.0,1.0,1.0,33.46,73.56,1.0,0,1,0
19.0,1,27.01,5.0,12.0,4.0,1.0,0.0,1.0,36.17,89.72,1.0,0,1,0
41.0,0,9.46,8.0,11.0,6.0,1.0,0.0,0.0,10.0,43.99,1.0,0,1,0
25.0,1,10.47,9.0,7.0,1.0,1.0,1.0,1.0,13.33,5.81,1.0,0,1,0
28.0,1,11.77,14.0,14.0,7.0,1.0,1.0,1.0,14.19,22.94,1.0,1,0,0
30.0,0,12.44,13.0,7.0,2.0,1.0,1.0,0.0,15.54,97.11,1.0,0,1,0
34.0,0,3.91,18.0,6.0,0.0,1.0,1.0,0.0,2.87,61.89,1.0,0,1,0
25.0,0,23.1,4.0,12.0,7.0,1.0,1.0,0.0,15.1,22.79,1.0,0,1,0
38.0,1,11.59,18.0,0.0,8.0,1.0,1.0,0.0,13.36,48.28,1.0,0,1,0
35.0,0,15.74,15.0,6.0,7.0,0.0,0.0,0.0,26.06,31.74,1.0,0,1,0
47.0,1,27.88,7.0,7.0,0.0,1.0,1.0,1.0,35.26,48.97,1.0,0,1,0
35.0,0,1.71,13.0,3.0,6.0,1.0,1.0,1.0,1.11,83.66,1.0,0,1,0
48.0,0,29.67,2.0,14.0,6.0,1.0,0.0,0.0,42.95,22.26,1.0,0,1,0
55.0,1,21.59,9.0,3.0,3.0,1.0,0.0,0.0,26.0,39.91,1.0,0,0,1
49.0,1,16.09,5.0,11.0,7.0,0.0,0.0,1.0,8.41,44.61,1.0,0,1,0
28.0,0,12.3,1.0,4.0,4.0,0.0,0.0,0.0,13.24,58.71,1.0,0,1,0
42.0,0,16.04,19.0,1.0,3.0,1.0,0.0,0.0,13.03,7.77,1.0,0,1,0
39.0,0,10.41,19.0,13.0,4.0,1.0,0.0,0.0,8.06,20.7,1.0,1,0,0
55.0,0,19.06,13.0,13.0,1.0,0.0,1.0,0.0,26.73,39.78,1.0,1,0,0
58.0,0,3.7,6.0,11.0,3.0,0.0,1.0,1.0,4.94,80.93,1.0,0,1,0
25.0,1,19.01,10.0,10.0,9.0,0.0,1.0,0.0,9.69,18.68,1.0,0,1,0
28.0,1,8.99,11.0,11.0,7.0,1.0,0.0,0.0,6.13,88.15,1.0,1,0,0
39.0,1,1.51,16.0,14.0,6.0,0.0,0.0,0.0,1.84,33.92,1.0,1,0,0
41.0,1,17.03,1.0,5.0,7.0,0.0,1.0,0.0,22.96,25.38,1.0,1,0,0
58.0,0,17.77,19.0,5.0,6.0,0.0,1.0,0.0,21.64,40.94,1.0,1,0,0
34.0,1,13.37,5.0,13.0,6.0,1.0,1.0,1.0,13.71,55.37,1.0,1,0,0
29.0,1,3.1,6.0,7.0,6.0,0.0,1.0,1.0,4.6,73.4,1.0,0,1,0
49.0,1,26.91,6.0,12.0,5.0,0.0,0.0,1.0,34.91,47.69,1.0,0,1,0
32.0,0,18.73,5.0,9.0,2.0,1.0,0.0,1.0,18.13,81.8,1.0,1,0,0
33.0,1,4.36,6.0,11.0,0.0,1.0,0.0,1.0,4.72,81.87,1.0,1,0,0
39.0,0,15.82,13.0,0.0,1.0,0.0,0.0,0.0,8.62,0.17,1.0,0,1,0
45.0,1,15.42,1.0,3.0,9.0,0.0,1.0,0.0,22.59,79.16,1.0,0,0,1
37.0,0,2.75,1.0,11.0,5.0,0.0,1.0,1.0,2.37,44.28,1.0,0,1,0
50.0,1,18.6,14.0,1.0,1.0,1.0,1.0,1.0,21.6,96.71,1.0,0,1,0
27.0,0,24.44,8.0,10.0,0.0,1.0,1.0,0.0,28.52,49.5,1.0,1,0,0
57.0,1,22.72,9.0,7.0,7.0,1.0,0.0,1.0,12.65,38.4,1.0,0,1,0
49.0,0,6.89,10.0,11.0,8.0,1.0,1.0,1.0,5.28,63.46,1.0,0,1,0
50.0,0,26.01,6.0,3.0,6.0,0.0,1.0,1.0,30.07,19.42,1.0,0,1,0
19.0,1,10.93,9.0,13.0,2.0,1.0,0.0,1.0,15.43,29.03,1.0,0,1,0
50.0,0,28.45,18.0,7.0,0.0,0.0,0.0,0.0,36.38,20.21,1.0,0,1,0
50.0,0,3.08,15.0,12.0,3.0,0.0,1.0,1.0,3.33,75.12,1.0,0,1,0
39.0,1,15.1,4.0,1.0,9.0,0.0,0.0,1.0,11.06,0.82,1.0,0,1,0
30.0,1,18.32,2.0,12.0,2.0,0.0,0.0,1.0,26.54,40.73,1.0,0,0,1
47.0,0,8.18,6.0,13.0,2.0,0.0,0.0,1.0,7.39,83.76,1.0,0,0,1
50.0,1,23.37,17.0,3.0,1.0,0.0,0.0,0.0,15.19,70.91,1.0,0,1,0
30.0,1,19.18,7.0,11.0,9.0,0.0,0.0,0.0,10.01,42.18,1.0,1,0,0
39.0,1,1.53,15.0,8.0,2.0,0.0,0.0,0.0,2.22,63.3,1.0,0,1,0
39.0,0,18.64,2.0,4.0,4.0,1.0,0.0,0.0,23.82,49.5,1.0,0,1,0
56.0,0,15.25,12.0,5.0,3.0,0.0,0.0,1.0,10.92,84.4,1.0,0,1,0
19.0,0,6.68,10.0,9.0,0.0,1.0,1.0,0.0,4.29,57.26,1.0,0,0,1
55.0,0,29.88,17.0,14.0,0.0,0.0,1.0,1.0,43.61,63.26,1.0,0,0,1
56.0,0,27.02,18.0,14.0,0.0,0.0,0.0,0.0,20.02,98.86,1.0,0,1,0
43.0,0,9.48,16.0,14.0,9.0,0.0,1.0,0.0,9.12,77.01,1.0,0,1,0
32.0,0,16.69,10.0,11.0,8.0,0.0,0.0,1.0,18.54,28.6,1.0,0,1,0
51.0,1,10.18,8.0,8.0,8.0,0.0,0.0,1.0,14.3,77.3,1.0,0,1,0
59.0,0,23.49,13.0,8.0,8.0,1.0,1.0,0.0,19.84,92.85,1.0,0,1,0
57.0,0,27.98,16.0,6.0,9.0,0.0,1.0,0.0,40.39,29.51,1.0,0,1,0
28.0,1,11.41,8.0,10.0,3.0,1.0,0.0,1.0,13.7,81.73,1.0,1,0,0
20.0,1,24.36,12.0,1.0,3.0,0.0,0.0,1.0,21.14,23.78,1.0,0,1,0
23.0,1,15.45,17.0,6.0,9.0,1.0,0.0,1.0,19.96,43.4,1.0,0,0,1
26.0,0,12.5,16.0,8.0,6.0,1.0,0.0,1.0,16.71,49.5,1.0,1,0,0
23.0,1,28.21,9.0,1.0,2.0,1.0,1.0,1.0,18.39,24.35,1.0,0,1,0
26.0,0,15.8,19.0,6.0,9.0,0.0,1.0,1.0,17.17,18.73,1.0,1,0,0
56.0,0,14.55,17.0,11.0,2.0,1.0,1.0,1.0,12.61,46.25,1.0,1,0,0
48.0,0,20.5,8.0,6.0,3.0,1.0,1.0,1.0,20.64,78.32,1.0,0,1,0
49.0,1,8.58,12.0,2.0,5.0,0.0,0.0,0.0,8.31,59.59,1.0,0,1,0
58.0,1,10.42,9.0,5.0,0.0,0.0,1.0,1.0,10.46,70.12,1.0,0,0,1
29.0,0,28.03,6.0,7.0,2.0,0.0,1.0,1.0,28.65,68.93,1.0,0,1,0
25.0,0,20.68,10.0,9.0,4.0,1.0,1.0,0.0,11.77,54.45,1.0,0,1,0
25.0,0,24.97,9.0,7.0,3.0,0.0,0.0,1.0,16.92,31.56,1.0,0,1,0
45.0,1,8.86,4.0,13.0,7.0,0.0,0.0,1.0,9.45,42.17,1.0,1,0,0
37.0,0,15.74,11.0,2.0,8.0,1.0,0.0,1.0,24.08,38.06,1.0,1,0,0
24.0,1,29.17,6.0,5.0,7.0,0.0,0.0,0.0,36.36,7.91,1.0,0,0,1
28.0,0,10.24,10.0,1.0,8.0,0.0,0.0,1.0,7.56,89.85,1.0,0,1,0
37.0,1,5.65,4.0,13.0,7.0,0.0,1.0,1.0,4.87,64.19,1.0,0,1,0
39.0,0,15.82,12.0,1.0,9.0,0.0,1.0,1.0,13.22,85.72,1.0,0,1,0
21.0,1,12.25,9.0,12.0,0.0,1.0,1.0,0.0,15.55,77.61,1.0,1,0,0
23.0,1,5.63,15.0,7.0,6.0,0.0,1.0,0.0,8.29,6.83,1.0,0,1,0
39.0,1,26.77,9.0,10.0,8.0,1.0,0.0,1.0,22.9,21.63,1.0,0,1,0
43.0,1,29.73,6.0,9.0,0.0,0.0,0.0,0.0,15.3,95.07,1.0,0,1,0
20.0,1,17.49,11.0,4.0,9.0,1.0,0.0,0.0,25.13,46.19,1.0,0,1,0
58.0,1,23.47,7.0,4.0,0.0,1.0,0.0,0.0,14.3,81.19,1.0,1,0,0
59.0,0,25.91,14.0,10.0,9.0,0.0,1.0,0.0,34.57,57.55,1.0,1,0,0
31.0,0,21.33,16.0,3.0,1.0,0.0,0.0,0.0,15.12,82.36,1.0,0,0,1
28.0,0,2.28,15.0,10.0,4.0,0.0,1.0,1.0,2.61,73.46,1.0,0,1,0
35.0,0,5.57,9.0,9.0,7.0,1.0,0.0,1.0,4.08,27.97,1.0,0,0,1
29.0,1,3.06,19.0,3.0,7.0,1.0,1.0,1.0,1.57,99.12,1.0,1,0,0
40.0,0,1.29,12.0,7.0,9.0,0.0,0.0,0.0,0.85,49.05,1.0,0,1,0
29.0,1,9.87,11.0,2.0,3.0,1.0,1.0,1.0,14.04,58.5,1.0,0,0,1
30.0,1,12.38,8.0,10.0,6.0,0.0,1.0,0.0,8.86,54.04,1.0,0,1,0
42.0,1,7.99,3.0,2.0,6.0,0.0,1.0,0.0,8.67,88.52,1.0,1,0,0
36.0,0,2.87,19.0,7.0,8.0,1.0,0.0,0.0,4.21,27.99,1.0,1,0,0
53.0,1,16.37,3.0,2.0,8.0,0.0,0.0,0.0,9.42,6.17,1.0,1,0,0
25.0,0,8.93,3.0,11.0,2.0,1.0,0.0,0.0,11.68,42.81,1.0,0,1,0
46.0,0,24.09,6.0,1.0,7.0,0.0,1.0,0.0,26.44,91.83,1.0,0,1,0
49.0,0,1.23,11.0,12.0,4.0,1.0,1.0,1.0,1.01,43.93,1.0,0,1,0
35.0,0,25.43,14.0,10.0,4.0,0.0,1.0,0.0,21.98,27.76,1.0,0,1,0
23.0,0,28.69,2.0,12.0,7.0,0.0,1.0,1.0,15.12,61.85,1.0,1,0,0
35.0,1,21.77,12.0,12.0,5.0,1.0,0.0,1.0,16.45,73.75,1.0,1,0,0
36.0,1,15.74,16.0,4.0,9.0,1.0,1.0,0.0,20.57,46.28,1.0,0,0,1
39.0,0,28.07,3.0,10.0,9.0,0.0,0.0,0.0,34.16,38.0,1.0,0,1,0
54.0,1,7.06,16.0,2.0,0.0,0.0,1.0,0.0,5.47,36.45,1.0,1,0,0
49.0,0,29.84,10.0,5.0,3.0,1.0,0.0,1.0,32.24,42.13,1.0,0,0,1
58.0,1,23.43,5.0,10.0,8.0,1.0,1.0,0.0,28.86,84.27,1.0,1,0,0
20.0,1,22.07,13.0,6.0,4.0,1.0,1.0,0.0,26.45,48.26,1.0,0,1,0
45.0,1,11.47,12.0,2.0,3.0,0.0,0.0,1.0,12.51,31.44,1.0,0,1,0
27.0,1,16.83,1.0,8.0,9.0,0.0,0.0,1.0,18.18,18.23,1.0,0,1,0
52.0,1,19.96,11.0,9.0,5.0,0.0,1.0,0.0,24.38,28.26,1.0,1,0,0
46.0,1,18.99,19.0,0.0,8.0,0.0,1.0,0.0,15.87,46.27,1.0,1,0,0
32.0,1,21.44,15.0,13.0,7.0,1.0,1.0,1.0,20.37,54.78,1.0,0,0,1
50.0,1,3.39,18.0,6.0,2.0,1.0,0.0,0.0,4.97,62.15,1.0,0,1,0
24.0,1,11.31,16.0,3.0,8.0,1.0,0.0,1.0,13.22,7.14,1.0,0,1,0
29.0,1,13.59,7.0,6.0,0.0,1.0,0.0,0.0,13.86,61.32,1.0,1,0,0
47.0,1,8.56,10.0,8.0,3.0,1.0,0.0,1.0,9.23,35.2,1.0,1,0,0
38.0,1,6.01,16.0,8.0,4.0,1.0,0.0,0.0,3.63,25.7,1.0,0,0,1
48.0,1,5.03,17.0,0.0,3.0,0.0,1.0,1.0,5.49,33.11,1.0,1,0,0
41.0,0,11.63,7.0,9.0,3.0,0.0,1.0,0.0,15.54,78.45,1.0,0,1,0
37.0,1,15.31,11.0,12.0,8.0,1.0,0.0,1.0,15.67,80.33,1.0,1,0,0
54.0,1,2.83,17.0,11.0,4.0,1.0,1.0,1.0,1.92,10.38,1.0,1,0,0
21.0,1,28.45,5.0,3.0,0.0,0.0,0.0,0.0,26.98,49.47,1.0,0,1,0
45.0,1,23.19,1.0,6.0,6.0,1.0,0.0,1.0,18.04,52.95,1.0,0,1,0
37.0,1,22.19,3.0,9.0,5.0,0.0,1.0,0.0,19.08,3.02,1.0,0,1,0
41.0,1,6.01,16.0,5.0,8.0,0.0,0.0,1.0,4.36,71.71,1.0,0,1,0
49.0,0,18.51,15.0,14.0,3.0,1.0,0.0,1.0,14.3,36.68,1.0,1,0,0
58.0,0,16.36,4.0,8.0,9.0,1.0,1.0,0.0,21.62,41.8,1.0,0,1,0
53.0,0,29.49,12.0,12.0,5.0,0.0,1.0,1.0,37.09,60.99,1.0,0,1,0
51.0,1,22.68,1.0,6.0,5.0,0.0,1.0,0.0,22.47,46.89,1.0,0,1,0
53.0,1,17.7,17.0,14.0,6.0,1.0,1.0,0.0,22.7,74.79,1.0,0,1,0
19.0,1,25.67,15.0,2.0,5.0,0.0,0.0,0.0,37.88,59.59,1.0,0,1,0
32.0,0,5.5,10.0,6.0,8.0,1.0,1.0,0.0,4.98,22.6,1.0,1,0,0
51.0,1,1.44,11.0,9.0,0.0,1.0,1.0,1.0,14.3,87.05,1.0,0,1,0
53.0,1,21.02,18.0,13.0,0.0,1.0,0.0,0.0,15.68,21.58,1.0,0,1,0
23.0,0,3.85,2.0,4.0,2.0,0.0,1.0,1.0,5.6,71.35,1.0,0,1,0
56.0,0,4.35,6.0,13.0,8.0,1.0,1.0,1.0,5.94,79.22,1.0,0,1,0
59.0,1,22.6,16.0,1.0,4.0,1.0,1.0,1.0,15.8,68.83,1.0,0,1,0
29.0,1,8.85,7.0,9.0,0.0,1.0,1.0,1.0,7.52,42.18,1.0,0,1,0
20.0,1,19.23,19.0,2.0,4.0,1.0,0.0,0.0,23.23,87.8,1.0,1,0,0
35.0,1,27.6,12.0,5.0,5.0,1.0,0.0,0.0,19.09,32.77,1.0,1,0,0
57.0,0,10.18,18.0,12.0,3.0,0.0,1.0,0.0,11.1,68.71,1.0,0,1,0
38.0,1,7.3,10.0,5.0,6.0,0.0,0.0,0.0,7.55,87.77,1.0,0,1,0
32.0,1,4.09,10.0,6.0,2.0,1.0,1.0,1.0,3.24,15.54,1.0,0,0,1
50.0,0,4.78,4.0,5.0,4.0,0.0,1.0,1.0,3.83,65.26,1.0,1,0,0
52.0,1,2.8,17.0,8.0,5.0,0.0,1.0,0.0,2.85,90.1,1.0,0,1,0
43.0,1,3.54,17.0,13.0,6.0,1.0,0.0,1.0,2.83,10.31,1.0,1,0,0
25.0,0,13.53,4.0,4.0,9.0,0.0,0.0,0.0,9.2,14.58,1.0,1,0,0
53.0,0,10.31,5.0,14.0,1.0,0.0,1.0,1.0,13.13,37.83,1.0,1,0,0
47.0,1,21.49,1.0,4.0,4.0,0.0,0.0,0.0,23.25,99.43,1.0,0,1,0
40.0,0,26.24,19.0,7.0,6.0,1.0,0.0,1.0,24.6,22.39,1.0,0,1,0
59.0,1,23.76,11.0,7.0,6.0,0.0,0.0,0.0,16.19,32.47,1.0,0,1,0
31.0,1,16.39,1.0,0.0,2.0,0.0,0.0,0.0,17.94,83.51,1.0,0,0,1
31.0,0,3.97,8.0,2.0,7.0,1.0,1.0,1.0,4.48,13.07,1.0,1,0,0
19.0,1,21.58,4.0,12.0,0.0,0.0,1.0,1.0,21.14,99.62,1.0,0,1,0
54.0,1,11.52,15.0,5.0,3.0,1.0,1.0,1.0,10.05,73.89,1.0,0,0,1
22.0,1,3.48,17.0,5.0,2.0,0.0,1.0,1.0,4.76,95.92,1.0,0,0,1
55.0,1,25.43,18.0,0.0,3.0,1.0,1.0,1.0,30.64,14.44,1.0,0,0,1
58.0,1,10.81,3.0,1.0,8.0,1.0,0.0,0.0,9.26,23.24,1.0,1,0,0
31.0,1,7.33,18.0,9.0,7.0,1.0,0.0,1.0,8.01,37.08,1.0,0,0,1
39.0,1,26.27,7.0,6.0,3.0,0.0,1.0,0.0,19.28,5.1,1.0,0,1,0
42.0,1,27.16,17.0,7.0,7.0,1.0,1.0,1.0,13.89,6.07,1.0,1,0,0
37.0,1,10.83,18.0,9.0,0.0,0.0,1.0,1.0,14.82,90.38,1.0,1,0,0
19.0,1,11.29,8.0,4.0,7.0,0.0,1.0,1.0,14.89,4.27,1.0,0,1,0
56.0,0,17.81,11.0,0.0,9.0,0.0,0.0,1.0,20.29,75.0,1.0,0,1,0
23.0,0,22.27,3.0,5.0,1.0,0.0,0.0,0.0,29.2,71.76,1.0,0,0,1
34.0,1,2.83,7.0,14.0,5.0,1.0,1.0,1.0,3.62,7.28,1.0,0,1,0
42.0,0,18.21,15.0,6.0,5.0,1.0,1.0,1.0,24.77,18.76,1.0,1,0,0
45.0,0,28.63,10.0,7.0,2.0,1.0,0.0,0.0,39.85,45.48,1.0,0,1,0
19.0,1,8.6,12.0,12.0,4.0,0.0,1.0,0.0,11.34,64.17,1.0,0,1,0
52.0,0,27.36,12.0,11.0,5.0,1.0,1.0,0.0,36.98,89.58,1.0,0,1,0
54.0,1,28.55,19.0,2.0,7.0,0.0,1.0,0.0,28.6,52.68,1.0,0,1,0
22.0,0,8.81,19.0,13.0,7.0,0.0,1.0,0.0,10.64,93.64,1.0,1,0,0
18.0,0,22.87,15.0,13.0,4.0,1.0,0.0,0.0,19.06,19.03,1.0,0,1,0
57.0,0,7.92,5.0,2.0,6.0,1.0,1.0,0.0,10.78,49.5,1.0,0,1,0
29.0,0,22.39,13.0,10.0,7.0,0.0,0.0,0.0,30.42,84.46,1.0,0,1,0
53.0,1,24.13,9.0,0.0,5.0,0.0,0.0,1.0,13.66,23.33,1.0,0,1,0
39.0,1,8.17,10.0,11.0,1.0,1.0,1.0,0.0,6.92,78.85,1.0,0,1,0
48.0,0,21.76,8.0,2.0,4.0,1.0,1.0,1.0,14.61,40.03,1.0,1,0,0
28.0,1,24.55,9.0,4.0,6.0,1.0,1.0,1.0,15.61,99.96,1.0,0,1,0
27.0,0,11.4,6.0,5.0,3.0,0.0,1.0,0.0,10.43,9.16,1.0,0,1,0
20.0,0,5.86,10.0,2.0,3.0,0.0,0.0,1.0,6.6,55.33,1.0,0,1,0
31.0,0,3.67,10.0,3.0,3.0,1.0,1.0,1.0,3.1,78.3,1.0,0,1,0
33.0,0,17.69,15.0,4.0,8.0,0.0,1.0,1.0,14.32,67.62,1.0,0,1,0
27.0,0,29.36,13.0,4.0,8.0,0.0,0.0,1.0,17.45,50.56,1.0,0,1,0
46.0,0,24.87,11.0,8.0,9.0,1.0,1.0,1.0,21.96,51.31,1.0,1,0,0
27.0,1,13.64,10.0,7.0,7.0,1.0,1.0,1.0,13.24,40.54,1.0,0,0,1
29.0,1,16.56,8.0,0.0,7.0,0.0,0.0,0.0,14.88,34.23,1.0,1,0,0
47.0,0,9.11,18.0,1.0,6.0,0.0,1.0,1.0,10.75,59.37,1.0,0,1,0
58.0,1,5.73,3.0,11.0,0.0,1.0,0.0,1.0,4.52,74.84,1.0,0,1,0
18.0,0,14.98,3.0,14.0,7.0,1.0,1.0,1.0,18.22,27.93,1.0,0,1,0
22.0,1,14.44,7.0,4.0,3.0,1.0,0.0,0.0,19.97,94.66,1.0,1,0,0
37.0,1,16.14,18.0,11.0,0.0,1.0,0.0,1.0,17.61,36.48,1.0,0,0,1
25.0,1,28.63,9.0,2.0,0.0,1.0,1.0,0.0,25.44,43.4,1.0,0,1,0
29.0,0,18.51,18.0,6.0,2.0,0.0,0.0,0.0,12.58,41.11,1.0,0,1,0
18.0,1,18.57,1.0,13.0,2.0,1.0,1.0,1.0,26.6,11.13,1.0,1,0,0
37.0,0,4.71,4.0,10.0,9.0,1.0,1.0,1.0,5.9,11.59,1.0,1,0,0
45.0,0,29.9,4.0,5.0,0.0,0.0,1.0,0.0,22.32,79.53,1.0,1,0,0
54.0,0,23.41,17.0,1.0,7.0,1.0,1.0,0.0,15.23,38.13,1.0,1,0,0
54.0,1,26.44,2.0,7.0,3.0,0.0,1.0,1.0,14.52,21.6,1.0,0,0,1
29.0,1,13.01,15.0,4.0,3.0,1.0,1.0,0.0,8.98,70.77,1.0,0,1,0
54.0,1,15.56,13.0,5.0,5.0,0.0,1.0,0.0,19.18,95.97,1.0,0,0,1
45.0,0,16.14,9.0,7.0,8.0,0.0,1.0,0.0,18.23,93.68,1.0,0,0,1
32.0,0,6.63,7.0,12.0,8.0,1.0,0.0,1.0,9.73,72.34,1.0,1,0,0
23.0,1,21.0,12.0,5.0,7.0,1.0,1.0,1.0,17.26,19.16,1.0,0,1,0
37.0,0,27.19,12.0,9.0,0.0,0.0,0.0,1.0,34.98,15.41,1.0,0,1,0
31.0,1,5.75,14.0,2.0,9.0,0.0,0.0,1.0,3.57,87.1,1.0,0,1,0
19.0,1,3.5,15.0,12.0,9.0,1.0,0.0,1.0,3.72,96.28,1.0,0,1,0
26.0,1,22.41,1.0,6.0,1.0,0.0,0.0,0.0,21.67,62.23,1.0,1,0,0
54.0,1,8.92,9.0,13.0,2.0,1.0,1.0,1.0,11.94,90.13,1.0,0,1,0
37.0,0,19.09,16.0,3.0,4.0,0.0,1.0,0.0,22.94,81.49,1.0,0,1,0
43.0,1,21.18,9.0,12.0,4.0,1.0,0.0,1.0,14.71,15.4,1.0,1,0,0
46.0,1,10.34,16.0,5.0,9.0,0.0,0.0,0.0,15.34,22.3,1.0,0,1,0
18.0,1,24.64,2.0,5.0,7.0,1.0,0.0,0.0,32.6,6.78,1.0,0,1,0
52.0,1,16.95,10.0,10.0,1.0,0.0,1.0,1.0,14.49,47.41,1.0,0,1,0
23.0,1,26.2,18.0,4.0,1.0,0.0,1.0,1.0,34.74,32.39,1.0,1,0,0
54.0,1,23.14,13.0,12.0,5.0,1.0,1.0,0.0,33.71,42.6,1.0,0,1,0
22.0,1,26.19,2.0,0.0,0.0,1.0,1.0,1.0,36.41,0.87,1.0,1,0,0
50.0,0,1.58,13.0,13.0,8.0,1.0,1.0,0.0,1.67,72.12,1.0,0,1,0
31.0,0,8.06,3.0,7.0,1.0,0.0,0.0,0.0,8.68,20.06,1.0,0,0,1
29.0,0,3.61,15.0,12.0,4.0,0.0,1.0,0.0,2.19,36.83,1.0,0,1,0
59.0,0,13.82,3.0,13.0,2.0,1.0,0.0,1.0,9.19,40.24,1.0,0,1,0
37.0,1,26.81,10.0,9.0,5.0,0.0,0.0,0.0,39.75,6.62,1.0,0,1,0
41.0,0,14.56,6.0,1.0,7.0,1.0,0.0,0.0,18.49,36.55,1.0,0,1,0
51.0,0,25.64,14.0,3.0,7.0,0.0,0.0,1.0,13.47,89.98,1.0,0,1,0
42.0,0,10.49,9.0,12.0,5.0,1.0,1.0,0.0,10.99,89.32,1.0,0,1,0
46.0,1,10.85,18.0,11.0,8.0,1.0,1.0,0.0,9.17,2.46,1.0,0,1,0
56.0,0,26.97,8.0,2.0,6.0,0.0,1.0,0.0,21.89,49.5,1.0,0,1,0
48.0,0,13.35,6.0,5.0,1.0,1.0,1.0,1.0,14.11,59.4,1.0,0,1,0
40.0,1,23.9,15.0,10.0,0.0,1.0,1.0,1.0,19.6,20.48,1.0,0,1,0
55.0,0,7.86,14.0,0.0,7.0,1.0,0.0,1.0,5.91,89.85,1.0,1,0,0
37.0,1,28.52,15.0,8.0,0.0,1.0,1.0,0.0,41.01,48.29,1.0,0,0,1
40.0,0,17.66,6.0,4.0,7.0,1.0,1.0,1.0,9.53,32.58,1.0,0,1,0
33.0,1,23.02,12.0,4.0,8.0,0.0,1.0,1.0,21.55,95.33,1.0,0,1,0
59.0,0,3.6,10.0,3.0,0.0,1.0,0.0,1.0,3.64,31.79,1.0,0,0,1
25.0,0,15.29,19.0,3.0,6.0,0.0,0.0,1.0,14.37,32.08,1.0,0,1,0
38.0,0,27.13,8.0,12.0,4.0,1.0,1.0,0.0,31.4,13.31,1.0,0,0,1
18.0,1,26.43,5.0,14.0,7.0,0.0,0.0,1.0,13.89,22.23,1.0,0,1,0
25.0,0,2.36,10.0,12.0,3.0,1.0,0.0,0.0,3.27,76.05,1.0,1,0,0
39.0,1,9.81,11.0,0.0,1.0,0.0,0.0,0.0,9.81,75.97,1.0,0,1,0
49.0,1,13.86,14.0,8.0,6.0,1.0,0.0,1.0,14.6,38.66,1.0,0,0,1
55.0,1,6.0,14.0,8.0,6.0,1.0,1.0,1.0,5.78,34.94,1.0,0,1,0
22.0,1,22.17,2.0,12.0,7.0,0.0,1.0,1.0,20.94,41.84,1.0,1,0,0
39.0,0,6.35,17.0,3.0,8.0,0.0,0.0,0.0,4.36,30.08,1.0,0,1,0
51.0,0,11.05,15.0,9.0,5.0,0.0,0.0,0.0,11.1,60.78,1.0,0,1,0
18.0,0,20.24,3.0,9.0,2.0,1.0,0.0,0.0,18.65,83.66,1.0,1,0,0
43.0,1,14.98,3.0,3.0,4.0,0.0,0.0,1.0,14.5,0.94,1.0,0,1,0
27.0,0,22.42,3.0,11.0,2.0,1.0,0.0,1.0,11.52,93.6,1.0,0,0,1
47.0,1,28.88,3.0,6.0,9.0,0.0,0.0,0.0,18.22,11.8,1.0,0,1,0
35.0,1,4.38,18.0,3.0,8.0,1.0,1.0,0.0,5.53,89.97,1.0,1,0,0
34.0,1,15.74,6.0,0.0,4.0,1.0,0.0,1.0,19.83,23.36,1.0,0,1,0
43.0,0,7.68,14.0,10.0,6.0,1.0,1.0,1.0,9.55,91.7,1.0,0,0,1
25.0,0,13.02,3.0,14.0,9.0,1.0,1.0,0.0,8.74,78.73,1.0,0,0,1
57.0,1,1.95,1.0,12.0,6.0,1.0,1.0,0.0,2.34,26.92,1.0,0,1,0
29.0,0,4.94,10.0,8.0,6.0,0.0,0.0,0.0,3.9,2.83,1.0,1,0,0
44.0,0,10.27,13.0,1.0,9.0,0.0,0.0,1.0,12.38,71.58,1.0,1,0,0
25.0,1,10.92,9.0,4.0,3.0,0.0,1.0,1.0,6.41,82.18,1.0,0,1,0
39.0,1,27.09,10.0,7.0,3.0,0.0,1.0,0.0,22.58,67.98,1.0,1,0,0
39.0,0,22.51,10.0,7.0,2.0,0.0,0.0,1.0,13.94,38.17,1.0,0,1,0
50.0,1,29.19,12.0,5.0,3.0,1.0,0.0,0.0,32.97,12.74,1.0,1,0,0
18.0,1,18.37,19.0,14.0,8.0,1.0,0.0,0.0,16.4,34.7,1.0,0,1,0
36.0,0,8.01,3.0,6.0,4.0,1.0,0.0,0.0,4.6,26.86,1.0,0,1,0
48.0,0,10.5,19.0,1.0,5.0,1.0,0.0,0.0,10.78,72.31,1.0,0,1,0
33.0,1,10.28,1.0,3.0,5.0,0.0,1.0,0.0,14.3,15.94,1.0,0,1,0
31.0,0,10.47,15.0,13.0,0.0,0.0,0.0,0.0,13.8,81.95,1.0,1,0,0
22.0,1,20.52,13.0,3.0,6.0,1.0,1.0,0.0,29.51,61.19,1.0,0,0,1
58.0,1,16.39,7.0,11.0,6.0,1.0,1.0,1.0,21.47,48.26,1.0,0,1,0
43.0,0,12.18,2.0,12.0,5.0,1.0,1.0,0.0,17.68,36.02,1.0,0,1,0
45.0,1,5.32,11.0,1.0,3.0,1.0,1.0,1.0,7.43,50.75,1.0,1,0,0
19.0,1,1.64,16.0,9.0,9.0,1.0,0.0,0.0,2.29,54.01,1.0,0,1,0
23.0,1,7.35,14.0,3.0,7.0,0.0,1.0,0.0,5.48,23.7,1.0,0,1,0
26.0,0,4.12,15.0,8.0,7.0,1.0,1.0,0.0,14.3,98.88,1.0,0,1,0
50.0,0,23.78,19.0,7.0,0.0,1.0,0.0,0.0,31.14,90.95,1.0,0,1,0
58.0,0,4.26,7.0,10.0,8.0,1.0,0.0,0.0,4.22,39.08,1.0,0,1,0
42.0,1,22.0,9.0,13.0,7.0,1.0,1.0,0.0,31.73,25.4,1.0,1,0,0
30.0,1,12.18,4.0,0.0,1.0,0.0,0.0,1.0,17.02,30.7,1.0,0,1,0
26.0,0,3.13,6.0,12.0,8.0,0.0,0.0,1.0,4.36,98.02,1.0,1,0,0
30.0,0,24.57,10.0,7.0,3.0,1.0,0.0,0.0,20.3,40.71,1.0,0,1,0
48.0,0,17.81,3.0,13.0,9.0,1.0,0.0,1.0,11.27,91.19,1.0,0,1,0
58.0,1,7.84,1.0,10.0,5.0,0.0,0.0,1.0,9.24,5.9,1.0,1,0,0
28.0,0,26.95,6.0,7.0,1.0,0.0,1.0,1.0,25.35,77.68,1.0,0,1,0
21.0,1,15.74,5.0,7.0,9.0,0.0,0.0,0.0,3.31,76.21,1.0,0,1,0
51.0,0,6.85,15.0,13.0,3.0,1.0,0.0,0.0,9.27,65.1,1.0,1,0,0
55.0,1,22.81,11.0,14.0,1.0,1.0,0.0,1.0,32.59,12.11,1.0,0,1,0
21.0,1,21.57,13.0,9.0,8.0,1.0,0.0,1.0,23.03,98.14,1.0,1,0,0
55.0,0,9.39,6.0,0.0,8.0,1.0,1.0,0.0,9.64,21.28,1.0,0,1,0
36.0,1,2.8,5.0,7.0,4.0,1.0,0.0,1.0,3.77,70.97,1.0,1,0,0
23.0,0,25.88,2.0,11.0,2.0,1.0,1.0,0.0,26.19,75.15,1.0,0,1,0
51.0,1,10.1,17.0,4.0,2.0,1.0,0.0,1.0,14.14,75.99,1.0,0,1,0
35.0,1,6.68,12.0,8.0,0.0,1.0,1.0,0.0,3.57,82.6,1.0,0,0,1
30.0,0,15.97,12.0,13.0,7.0,1.0,0.0,0.0,13.71,98.91,1.0,1,0,0
58.0,1,27.4,14.0,8.0,2.0,1.0,0.0,1.0,36.57,9.6,1.0,0,1,0
40.0,0,2.26,7.0,5.0,3.0,1.0,1.0,0.0,1.6,47.22,1.0,0,1,0
36.0,0,23.21,14.0,7.0,1.0,0.0,0.0,1.0,20.87,97.48,1.0,0,1,0
28.0,0,17.6,7.0,11.0,7.0,0.0,1.0,0.0,8.98,88.21,1.0,0,1,0
18.0,1,13.34,9.0,6.0,2.0,1.0,0.0,1.0,10.69,99.06,1.0,1,0,0
41.0,1,22.58,14.0,2.0,1.0,1.0,1.0,1.0,18.48,58.24,1.0,1,0,0
24.0,1,29.01,17.0,6.0,0.0,1.0,1.0,1.0,35.76,67.28,1.0,0,1,0
42.0,0,7.65,17.0,7.0,9.0,0.0,0.0,1.0,9.01,26.38,1.0,1,0,0
38.0,0,5.17,13.0,4.0,1.0,1.0,1.0,1.0,4.89,45.83,1.0,0,1,0
32.0,1,27.47,18.0,4.0,1.0,1.0,0.0,0.0,33.75,2.09,1.0,0,1,0
18.0,1,20.4,19.0,13.0,5.0,1.0,1.0,1.0,18.94,71.97,1.0,0,1,0
29.0,1,13.7,17.0,3.0,0.0,0.0,0.0,0.0,12.8,92.59,1.0,0,0,1
24.0,1,17.62,6.0,2.0,0.0,1.0,1.0,0.0,20.18,11.21,1.0,1,0,0
39.0,0,22.62,12.0,11.0,5.0,0.0,1.0,1.0,27.66,45.44,1.0,0,1,0
38.0,1,23.42,6.0,7.0,4.0,1.0,0.0,0.0,31.54,62.32,1.0,1,0,0
36.0,0,27.68,3.0,10.0,0.0,0.0,1.0,1.0,34.64,63.22,1.0,0,0,1
46.0,1,15.74,15.0,5.0,5.0,0.0,0.0,0.0,15.66,30.65,1.0,0,1,0
42.0,1,9.51,3.0,13.0,7.0,1.0,0.0,1.0,10.09,1.98,1.0,0,1,0
50.0,0,19.55,15.0,5.0,4.0,1.0,0.0,0.0,15.8,88.78,1.0,0,0,1
49.0,0,13.06,1.0,1.0,2.0,0.0,0.0,0.0,9.94,49.5,1.0,1,0,0
52.0,0,18.24,3.0,3.0,2.0,1.0,0.0,0.0,24.5,17.77,1.0,0,1,0
55.0,1,13.18,5.0,14.0,1.0,0.0,0.0,1.0,16.04,96.28,1.0,0,1,0
43.0,0,5.44,14.0,4.0,8.0,0.0,0.0,1.0,6.34,49.5,1.0,0,1,0
28.0,0,14.61,4.0,10.0,8.0,1.0,0.0,1.0,11.09,87.4,1.0,0,1,0
52.0,1,21.04,9.0,9.0,6.0,0.0,0.0,1.0,30.92,89.69,1.0,0,0,1
25.0,0,24.18,18.0,4.0,0.0,0.0,0.0,1.0,14.06,98.94,1.0,0,1,0
31.0,0,15.31,10.0,2.0,0.0,0.0,0.0,1.0,20.49,4.07,1.0,1,0,0
27.0,0,5.79,8.0,9.0,3.0,1.0,1.0,1.0,4.12,5.3,1.0,0,1,0
19.0,1,13.03,13.0,4.0,1.0,1.0,0.0,1.0,11.63,19.07,1.0,0,1,0
26.0,1,23.8,2.0,4.0,2.0,0.0,0.0,1.0,22.08,65.64,1.0,0,1,0
20.0,1,12.97,7.0,1.0,1.0,1.0,0.0,1.0,15.08,26.2,1.0,1,0,0
38.0,0,21.2,11.0,4.0,0.0,1.0,1.0,0.0,22.19,49.56,1.0,0,1,0
43.0,1,15.71,5.0,2.0,2.0,1.0,0.0,1.0,10.78,78.64,1.0,1,0,0
25.0,0,8.0,18.0,14.0,6.0,0.0,0.0,0.0,4.24,18.58,1.0,0,1,0
19.0,1,24.09,8.0,2.0,9.0,1.0,0.0,0.0,29.32,28.59,1.0,0,1,0
23.0,0,3.44,10.0,4.0,8.0,1.0,1.0,0.0,3.46,72.75,1.0,0,1,0
45.0,1,16.22,2.0,8.0,9.0,1.0,0.0,0.0,13.98,0.77,1.0,0,1,0
46.0,1,7.06,3.0,13.0,8.0,0.0,1.0,0.0,5.54,75.74,1.0,1,0,0
43.0,0,2.94,5.0,1.0,7.0,1.0,0.0,0.0,3.89,67.63,1.0,0,1,0
42.0,0,15.59,16.0,8.0,5.0,1.0,0.0,1.0,20.2,12.96,1.0,1,0,0
29.0,1,15.49,10.0,2.0,0.0,0.0,1.0,0.0,20.54,24.39,1.0,0,1,0
22.0,1,21.5,11.0,12.0,7.0,1.0,1.0,0.0,15.46,1.54,1.0,0,1,0
51.0,1,22.6,10.0,11.0,7.0,1.0,1.0,1.0,30.55,58.14,1.0,0,1,0
54.0,0,22.11,16.0,6.0,8.0,1.0,0.0,0.0,32.85,39.71,1.0,0,1,0
32.0,1,12.88,12.0,11.0,9.0,0.0,1.0,0.0,14.16,42.34,1.0,1,0,0
53.0,1,19.32,2.0,13.0,5.0,1.0,1.0,1.0,10.57,10.32,1.0,1,0,0
32.0,1,17.73,11.0,0.0,2.0,0.0,0.0,0.0,21.32,35.23,1.0,0,1,0
40.0,0,13.23,1.0,0.0,5.0,1.0,0.0,1.0,13.73,91.9,1.0,0,1,0
23.0,1,18.32,5.0,7.0,7.0,0.0,0.0,1.0,22.2,6.47,1.0,1,0,0
38.0,0,28.47,14.0,8.0,6.0,1.0,1.0,0.0,19.59,97.5,1.0,0,1,0
40.0,0,6.59,18.0,2.0,7.0,0.0,0.0,0.0,7.29,84.8,1.0,1,0,0
33.0,0,27.27,7.0,5.0,5.0,0.0,0.0,0.0,28.34,20.3,1.0,0,1,0
32.0,1,2.55,5.0,14.0,7.0,1.0,1.0,0.0,2.81,70.54,1.0,0,1,0
42.0,1,9.94,8.0,13.0,4.0,0.0,0.0,1.0,12.2,9.09,1.0,0,0,1
53.0,1,9.36,15.0,2.0,6.0,1.0,0.0,1.0,9.77,15.97,1.0,1,0,0
28.0,0,19.16,5.0,5.0,3.0,0.0,1.0,1.0,15.75,48.8,1.0,0,1,0
32.0,1,4.81,13.0,6.0,2.0,1.0,1.0,0.0,3.89,40.05,1.0,1,0,0
21.0,0,26.59,19.0,4.0,5.0,0.0,1.0,0.0,31.78,81.5,1.0,1,0,0
38.0,1,25.03,2.0,2.0,8.0,1.0,1.0,0.0,29.13,93.93,1.0,0,1,0
30.0,1,19.91,5.0,7.0,3.0,0.0,1.0,0.0,18.36,49.5,1.0,0,1,0
39.0,1,14.29,5.0,12.0,8.0,0.0,0.0,0.0,12.2,14.7,1.0,0,1,0
36.0,1,28.06,6.0,4.0,2.0,1.0,1.0,1.0,31.43,68.62,1.0,0,1,0
51.0,0,25.09,16.0,0.0,5.0,1.0,1.0,1.0,20.38,57.08,1.0,1,0,0
31.0,0,15.48,2.0,11.0,4.0,0.0,0.0,1.0,22.65,37.02,1.0,0,1,0
21.0,0,21.35,5.0,14.0,8.0,0.0,1.0,1.0,23.41,99.48,1.0,1,0,0
44.0,0,17.44,15.0,8.0,5.0,0.0,1.0,1.0,19.04,45.6,1.0,0,0,1
46.0,1,18.05,1.0,2.0,1.0,0.0,0.0,0.0,11.49,66.53,1.0,0,1,0
45.0,0,10.6,19.0,1.0,3.0,1.0,0.0,1.0,11.76,50.28,1.0,0,1,0
52.0,0,14.4,3.0,2.0,4.0,1.0,0.0,1.0,11.45,10.29,1.0,1,0,0
25.0,0,3.27,19.0,6.0,8.0,0.0,0.0,1.0,3.11,14.11,1.0,1,0,0
33.0,1,11.36,15.0,11.0,0.0,1.0,0.0,0.0,11.79,49.5,1.0,1,0,0
59.0,0,21.18,3.0,10.0,8.0,1.0,0.0,0.0,20.71,80.17,1.0,0,1,0
53.0,0,28.64,8.0,11.0,9.0,0.0,1.0,1.0,37.5,36.38,1.0,0,1,0
47.0,1,28.93,15.0,9.0,0.0,0.0,0.0,0.0,17.34,6.7,1.0,0,1,0
35.0,1,17.12,1.0,7.0,0.0,0.0,0.0,0.0,11.42,95.7,1.0,0,0,1
19.0,0,18.59,6.0,1.0,3.0,1.0,0.0,1.0,12.21,49.71,1.0,0,1,0
30.0,0,6.39,17.0,13.0,5.0,1.0,0.0,0.0,8.41,13.41,1.0,0,0,1
21.0,1,21.16,16.0,12.0,1.0,0.0,1.0,0.0,13.08,19.85,1.0,0,1,0
39.0,0,3.05,13.0,6.0,0.0,0.0,0.0,0.0,4.49,4.54,1.0,0,0,1
42.0,1,9.26,1.0,10.0,3.0,0.0,1.0,1.0,13.6,70.99,1.0,1,0,0
47.0,0,20.38,3.0,4.0,7.0,1.0,1.0,1.0,30.4,70.41,1.0,0,1,0
28.0,0,10.0,6.0,8.0,5.0,0.0,0.0,1.0,14.8,60.25,1.0,1,0,0
24.0,0,2.45,3.0,6.0,4.0,1.0,1.0,0.0,1.59,54.63,1.0,0,1,0
48.0,0,25.12,15.0,0.0,5.0,1.0,0.0,1.0,29.07,38.15,1.0,0,1,0
27.0,0,10.0,15.0,0.0,2.0,1.0,1.0,0.0,9.0,95.06,1.0,0,1,0
56.0,1,2.83,11.0,5.0,6.0,0.0,1.0,0.0,3.49,80.05,1.0,0,1,0
30.0,1,3.17,6.0,8.0,9.0,1.0,1.0,1.0,2.87,90.76,1.0,0,1,0
48.0,0,8.3,6.0,0.0,2.0,1.0,1.0,1.0,7.33,31.17,1.0,1,0,0
24.0,0,6.16,9.0,2.0,4.0,1.0,0.0,1.0,8.65,97.83,1.0,1,0,0
59.0,0,23.45,14.0,12.0,5.0,0.0,1.0,0.0,23.32,16.54,1.0,0,1,0
59.0,1,10.33,11.0,4.0,8.0,0.0,0.0,1.0,12.81,5.63,1.0,1,0,0
53.0,1,24.34,6.0,3.0,2.0,1.0,1.0,1.0,27.99,31.98,1.0,1,0,0
37.0,1,6.04,18.0,0.0,5.0,1.0,0.0,0.0,6.99,20.13,1.0,0,0,1
21.0,1,15.29,15.0,9.0,1.0,1.0,1.0,0.0,12.98,51.75,1.0,1,0,0
24.0,1,20.95,9.0,3.0,8.0,1.0,0.0,1.0,15.76,35.02,1.0,0,1,0
18.0,1,19.91,11.0,3.0,8.0,1.0,1.0,0.0,27.58,17.17,1.0,0,1,0
59.0,1,18.43,2.0,10.0,6.0,0.0,0.0,0.0,9.67,84.43,1.0,1,0,0
30.0,1,27.82,6.0,11.0,8.0,1.0,0.0,0.0,18.72,50.8,1.0,0,1,0
39.0,0,7.63,14.0,9.0,3.0,0.0,1.0,0.0,4.83,10.95,1.0,0,1,0
38.0,1,15.32,14.0,12.0,9.0,0.0,1.0,1.0,22.2,7.53,1.0,0,1,0
39.0,1,26.64,13.0,3.0,0.0,1.0,1.0,1.0,13.45,38.32,1.0,0,1,0
45.0,1,3.26,5.0,2.0,0.0,1.0,1.0,1.0,1.66,90.8,1.0,0,1,0
39.0,1,2.62,9.0,6.0,1.0,1.0,1.0,0.0,1.9,50.8,1.0,0,1,0
43.0,0,7.77,11.0,0.0,9.0,0.0,0.0,0.0,6.05,13.91,1.0,0,1,0
26.0,1,19.36,7.0,1.0,2.0,1.0,0.0,1.0,20.52,24.66,1.0,1,0,0
32.0,0,8.54,2.0,0.0,1.0,0.0,1.0,0.0,12.48,4.95,1.0,0,1,0
27.0,0,6.52,12.0,13.0,3.0,1.0,1.0,0.0,6.29,83.18,1.0,0,1,0
41.0,0,14.31,5.0,3.0,7.0,1.0,1.0,0.0,11.29,94.61,1.0,0,1,0
59.0,1,18.79,2.0,4.0,2.0,0.0,1.0,1.0,24.75,7.78,1.0,0,1,0
25.0,1,8.21,14.0,10.0,3.0,1.0,1.0,0.0,7.27,17.3,1.0,0,1,0
41.0,1,9.72,7.0,14.0,1.0,0.0,0.0,0.0,6.24,17.11,1.0,0,1,0
33.0,0,15.74,5.0,9.0,0.0,1.0,0.0,1.0,24.33,80.37,1.0,0,1,0
43.0,0,28.43,4.0,4.0,7.0,0.0,0.0,1.0,14.28,83.93,1.0,1,0,0
44.0,0,20.57,10.0,1.0,6.0,0.0,1.0,1.0,14.5,41.93,1.0,0,1,0
54.0,0,23.7,16.0,10.0,9.0,1.0,1.0,0.0,26.9,96.93,1.0,0,1,0
21.0,1,11.64,6.0,2.0,1.0,1.0,1.0,1.0,7.01,25.95,1.0,0,1,0
41.0,1,8.9,10.0,3.0,7.0,1.0,0.0,0.0,6.73,52.51,1.0,1,0,0
36.0,1,14.17,9.0,9.0,9.0,0.0,1.0,1.0,12.66,99.63,1.0,1,0,0
53.0,0,24.41,1.0,5.0,2.0,1.0,1.0,1.0,21.88,82.71,1.0,1,0,0
56.0,0,14.23,16.0,5.0,6.0,1.0,1.0,1.0,20.96,48.72,1.0,0,1,0
27.0,1,25.56,17.0,11.0,0.0,1.0,0.0,1.0,30.05,10.85,1.0,0,1,0
42.0,1,29.67,13.0,1.0,2.0,0.0,0.0,0.0,15.93,90.44,1.0,0,1,0
35.0,0,3.09,6.0,1.0,8.0,0.0,0.0,0.0,2.23,54.21,1.0,1,0,0
36.0,1,2.32,2.0,8.0,3.0,0.0,0.0,0.0,2.59,30.83,1.0,0,1,0
53.0,1,5.34,8.0,11.0,0.0,1.0,0.0,1.0,6.48,45.12,1.0,0,0,1
27.0,0,12.15,4.0,1.0,5.0,0.0,0.0,0.0,10.7,31.09,1.0,0,1,0
50.0,0,4.8,9.0,1.0,5.0,0.0,1.0,1.0,6.51,55.11,1.0,1,0,0
22.0,0,26.25,7.0,2.0,9.0,1.0,1.0,1.0,37.89,49.5,1.0,0,1,0
52.0,1,1.67,1.0,14.0,0.0,1.0,1.0,0.0,1.86,44.6,1.0,1,0,0
51.0,0,10.16,14.0,8.0,1.0,1.0,0.0,1.0,10.79,42.63,1.0,0,1,0
50.0,1,6.36,2.0,13.0,2.0,1.0,0.0,1.0,7.96,61.61,1.0,0,1,0
38.0,1,28.01,8.0,5.0,1.0,0.0,0.0,1.0,35.91,1.42,1.0,0,1,0
34.0,0,20.41,11.0,10.0,7.0,0.0,0.0,1.0,14.6,59.88,1.0,1,0,0
39.0,1,27.45,5.0,14.0,5.0,0.0,1.0,1.0,27.0,59.31,1.0,0,1,0
54.0,0,29.2,18.0,14.0,0.0,0.0,1.0,0.0,27.67,39.23,1.0,0,1,0
32.0,0,15.42,12.0,11.0,5.0,1.0,0.0,0.0,22.23,24.69,1.0,0,1,0
52.0,1,7.8,19.0,7.0,0.0,0.0,0.0,1.0,4.77,83.93,1.0,1,0,0
45.0,1,6.62,5.0,11.0,8.0,1.0,0.0,1.0,9.56,34.48,1.0,1,0,0
24.0,0,7.46,7.0,9.0,2.0,1.0,1.0,0.0,8.0,31.17,1.0,1,0,0
49.0,0,21.55,2.0,4.0,0.0,0.0,0.0,1.0,16.98,46.32,1.0,0,1,0
28.0,0,2.17,17.0,14.0,0.0,1.0,1.0,0.0,2.97,27.8,1.0,0,1,0
27.0,1,2.49,13.0,6.0,1.0,1.0,1.0,0.0,1.37,83.08,1.0,0,1,0
26.0,0,18.64,11.0,10.0,5.0,1.0,0.0,1.0,15.27,56.49,1.0,0,1,0
31.0,0,19.62,5.0,14.0,0.0,1.0,0.0,1.0,24.57,75.44,1.0,0,0,1
30.0,1,20.29,13.0,3.0,6.0,1.0,0.0,1.0,26.94,74.54,1.0,0,1,0
42.0,1,11.78,13.0,14.0,3.0,0.0,1.0,0.0,7.86,78.82,1.0,0,1,0
19.0,1,24.37,8.0,9.0,6.0,1.0,1.0,0.0,35.14,86.92,1.0,0,1,0
52.0,1,16.48,11.0,9.0,3.0,0.0,1.0,1.0,9.13,91.95,1.0,1,0,0
24.0,0,4.06,8.0,2.0,3.0,1.0,1.0,1.0,3.79,38.36,1.0,0,1,0
38.0,1,24.12,10.0,6.0,5.0,1.0,1.0,0.0,14.41,44.37,1.0,0,1,0
35.0,1,28.64,11.0,13.0,9.0,0.0,1.0,0.0,17.12,5.01,1.0,1,0,0
20.0,0,2.74,1.0,9.0,9.0,0.0,0.0,0.0,3.87,92.57,1.0,0,1,0
59.0,1,12.35,7.0,0.0,7.0,1.0,0.0,0.0,17.34,58.71,1.0,1,0,0
56.0,0,15.14,8.0,5.0,1.0,0.0,0.0,1.0,16.89,71.23,1.0,0,1,0
58.0,0,5.25,6.0,12.0,7.0,0.0,1.0,0.0,7.7,43.6,1.0,1,0,0
28.0,0,26.16,14.0,10.0,9.0,0.0,0.0,1.0,25.93,47.38,1.0,0,1,0
56.0,0,9.24,7.0,10.0,0.0,1.0,0.0,0.0,11.85,54.32,1.0,0,1,0
41.0,0,23.71,3.0,10.0,6.0,0.0,0.0,0.0,14.16,49.5,1.0,1,0,0
36.0,1,20.46,2.0,1.0,6.0,0.0,1.0,0.0,18.32,61.3,1.0,0,1,0
21.0,1,18.34,18.0,1.0,5.0,0.0,0.0,0.0,18.62,81.12,1.0,0,1,0
43.0,1,6.57,3.0,10.0,3.0,1.0,0.0,1.0,8.4,21.67,1.0,0,1,0
55.0,0,7.4,14.0,7.0,4.0,0.0,1.0,1.0,6.18,20.58,1.0,1,0,0
59.0,1,2.37,18.0,2.0,0.0,0.0,0.0,1.0,3.51,20.68,1.0,0,1,0
49.0,1,7.98,13.0,8.0,1.0,1.0,0.0,0.0,9.85,0.48,1.0,0,0,1
56.0,1,11.02,8.0,3.0,9.0,0.0,1.0,1.0,11.38,17.91,1.0,0,0,1
39.0,1,25.16,4.0,13.0,6.0,1.0,0.0,1.0,20.9,11.87,1.0,1,0,0
57.0,0,11.63,15.0,5.0,1.0,1.0,1.0,1.0,13.28,45.38,1.0,0,1,0
54.0,1,22.88,12.0,0.0,7.0,1.0,1.0,1.0,26.84,12.72,1.0,0,1,0
50.0,0,13.74,14.0,10.0,6.0,0.0,0.0,0.0,16.2,41.59,1.0,1,0,0
53.0,0,23.76,7.0,14.0,9.0,0.0,1.0,0.0,25.81,99.95,1.0,0,1,0
20.0,1,29.31,12.0,9.0,7.0,1.0,0.0,0.0,26.39,50.34,1.0,0,1,0
26.0,0,7.96,9.0,9.0,3.0,0.0,0.0,0.0,10.48,92.46,1.0,0,1,0
25.0,0,26.01,10.0,2.0,0.0,0.0,0.0,1.0,19.72,70.19,1.0,0,1,0
50.0,0,19.03,8.0,3.0,6.0,1.0,0.0,0.0,21.42,89.43,1.0,0,1,0
23.0,0,24.7,2.0,4.0,0.0,0.0,0.0,0.0,24.0,62.56,1.0,0,1,0
58.0,0,19.9,16.0,12.0,6.0,0.0,1.0,0.0,27.72,81.01,1.0,1,0,0
56.0,0,15.74,18.0,0.0,8.0,0.0,1.0,1.0,14.49,30.28,1.0,0,1,0
21.0,0,7.61,10.0,13.0,4.0,0.0,0.0,0.0,10.32,37.19,1.0,0,1,0
30.0,1,3.03,10.0,3.0,1.0,1.0,1.0,0.0,4.4,96.03,1.0,0,1,0
19.0,1,16.53,6.0,4.0,0.0,0.0,0.0,0.0,10.36,26.75,1.0,0,1,0
22.0,0,29.72,13.0,3.0,7.0,1.0,0.0,0.0,31.36,42.14,1.0,0,1,0
44.0,0,22.4,19.0,9.0,3.0,1.0,0.0,1.0,31.0,65.12,1.0,1,0,0
49.0,1,10.49,17.0,9.0,7.0,1.0,0.0,1.0,14.39,39.24,1.0,0,0,1
38.0,1,24.99,2.0,6.0,1.0,1.0,1.0,1.0,14.3,2.09,1.0,0,1,0
25.0,1,23.3,18.0,7.0,2.0,1.0,0.0,0.0,22.87,79.22,1.0,0,1,0
55.0,1,9.17,7.0,11.0,2.0,0.0,0.0,0.0,6.63,33.56,1.0,0,1,0
25.0,0,1.41,14.0,7.0,3.0,1.0,0.0,1.0,1.97,22.77,1.0,0,0,1
20.0,0,4.43,15.0,2.0,8.0,0.0,0.0,0.0,2.23,50.56,1.0,1,0,0
20.0,1,26.44,8.0,12.0,8.0,1.0,1.0,1.0,18.99,0.84,1.0,1,0,0
39.0,1,25.26,9.0,4.0,4.0,1.0,0.0,1.0,22.96,86.39,1.0,0,1,0
23.0,1,9.56,11.0,9.0,6.0,1.0,1.0,0.0,6.89,26.13,1.0,0,0,1
19.0,1,9.27,3.0,14.0,8.0,1.0,1.0,1.0,13.66,92.27,1.0,0,1,0
40.0,0,23.99,14.0,7.0,0.0,1.0,1.0,1.0,17.85,67.78,1.0,0,1,0
19.0,1,28.19,8.0,6.0,1.0,1.0,1.0,0.0,24.31,54.86,1.0,1,0,0
55.0,1,23.59,3.0,13.0,5.0,1.0,0.0,0.0,15.9,80.63,1.0,0,0,1
34.0,1,18.56,18.0,8.0,2.0,1.0,1.0,0.0,26.48,99.33,1.0,0,1,0
52.0,0,8.04,14.0,12.0,6.0,1.0,1.0,1.0,14.3,25.12,1.0,0,1,0
51.0,0,16.25,8.0,9.0,4.0,0.0,1.0,0.0,12.38,35.51,1.0,0,1,0
40.0,0,7.77,17.0,6.0,9.0,0.0,1.0,0.0,5.8,48.44,1.0,0,1,0
47.0,1,24.43,8.0,1.0,7.0,0.0,1.0,0.0,26.52,53.95,1.0,0,1,0
25.0,1,12.22,5.0,3.0,0.0,1.0,0.0,0.0,18.06,55.3,1.0,0,0,1
39.0,1,25.18,12.0,11.0,8.0,0.0,0.0,0.0,37.12,54.9,1.0,1,0,0
53.0,0,12.07,2.0,13.0,9.0,1.0,1.0,0.0,17.88,82.82,1.0,1,0,0
22.0,0,24.9,17.0,11.0,5.0,0.0,1.0,0.0,22.08,40.46,1.0,1,0,0
30.0,1,10.67,13.0,7.0,4.0,0.0,0.0,0.0,15.09,1.1,1.0,0,1,0
46.0,1,13.76,14.0,8.0,7.0,1.0,1.0,0.0,12.99,87.57,1.0,1,0,0
48.0,0,18.85,10.0,6.0,3.0,0.0,0.0,0.0,19.05,66.23,1.0,0,1,0
33.0,1,3.04,9.0,4.0,8.0,1.0,1.0,1.0,3.1,18.95,1.0,0,1,0
59.0,1,28.5,9.0,0.0,4.0,0.0,1.0,1.0,16.06,2.96,1.0,0,1,0
47.0,1,17.63,6.0,14.0,5.0,0.0,0.0,1.0,11.94,31.58,1.0,0,1,0
33.0,0,15.73,12.0,8.0,7.0,0.0,1.0,1.0,21.8,12.44,1.0,1,0,0
29.0,1,25.34,10.0,11.0,8.0,1.0,1.0,0.0,35.38,89.68,1.0,0,0,1
34.0,1,26.11,5.0,5.0,4.0,0.0,0.0,0.0,18.33,27.79,1.0,0,1,0
33.0,1,16.15,18.0,1.0,4.0,1.0,1.0,1.0,12.96,70.57,1.0,1,0,0
29.0,1,27.89,7.0,10.0,5.0,0.0,0.0,0.0,37.09,65.8,1.0,0,1,0
25.0,0,2.88,13.0,9.0,8.0,0.0,1.0,0.0,2.03,71.4,1.0,1,0,0
37.0,0,4.28,1.0,9.0,4.0,1.0,0.0,0.0,5.91,53.0,1.0,0,1,0
20.0,0,18.31,6.0,1.0,1.0,1.0,1.0,0.0,24.23,49.5,1.0,0,1,0
33.0,1,11.27,8.0,9.0,2.0,0.0,0.0,0.0,14.74,49.5,1.0,0,1,0
47.0,0,14.46,9.0,0.0,9.0,0.0,0.0,1.0,20.12,37.76,1.0,1,0,0
40.0,1,10.51,7.0,11.0,2.0,1.0,0.0,1.0,14.58,85.84,1.0,0,1,0
45.0,0,12.74,10.0,3.0,8.0,1.0,1.0,1.0,18.06,45.87,1.0,0,0,1
57.0,1,24.86,8.0,9.0,7.0,0.0,1.0,1.0,14.3,56.8,1.0,0,1,0
22.0,0,18.21,2.0,10.0,5.0,1.0,0.0,1.0,20.16,46.5,1.0,0,0,1
37.0,0,29.92,18.0,12.0,4.0,0.0,1.0,1.0,19.68,77.55,1.0,1,0,0
57.0,0,23.82,15.0,1.0,9.0,1.0,0.0,1.0,26.42,53.98,1.0,0,1,0
18.0,1,8.94,6.0,9.0,1.0,1.0,1.0,1.0,12.89,47.08,1.0,0,1,0
47.0,1,8.67,14.0,10.0,8.0,0.0,0.0,1.0,12.72,25.78,1.0,1,0,0
38.0,1,10.74,18.0,8.0,9.0,0.0,1.0,0.0,13.19,91.15,1.0,1,0,0
37.0,0,25.45,10.0,1.0,7.0,0.0,1.0,0.0,30.38,86.32,1.0,1,0,0
39.0,1,1.79,1.0,10.0,4.0,0.0,1.0,0.0,2.57,43.15,1.0,0,1,0
39.0,1,7.68,1.0,8.0,5.0,1.0,1.0,1.0,6.08,65.97,1.0,0,1,0
35.0,1,27.24,14.0,0.0,8.0,1.0,1.0,1.0,17.73,50.81,1.0,0,0,1
25.0,1,19.56,1.0,13.0,0.0,1.0,1.0,1.0,15.45,17.62,1.0,0,1,0
56.0,1,7.58,1.0,6.0,3.0,1.0,1.0,1.0,10.98,37.6,1.0,0,1,0
49.0,1,7.36,4.0,14.0,4.0,1.0,1.0,1.0,14.3,85.32,1.0,0,1,0
50.0,0,26.02,12.0,5.0,8.0,0.0,0.0,1.0,18.86,79.74,1.0,1,0,0
33.0,0,26.92,15.0,5.0,4.0,0.0,0.0,1.0,18.65,10.25,1.0,1,0,0
29.0,1,8.43,4.0,1.0,4.0,1.0,0.0,0.0,8.3,7.53,1.0,0,1,0
55.0,0,13.19,10.0,14.0,2.0,1.0,1.0,0.0,17.1,85.35,1.0,0,1,0
51.0,0,25.2,11.0,0.0,7.0,0.0,1.0,1.0,22.22,89.93,1.0,0,1,0
31.0,1,23.36,6.0,9.0,6.0,1.0,0.0,1.0,14.02,29.42,1.0,0,1,0
53.0,1,24.6,10.0,7.0,7.0,0.0,0.0,0.0,30.51,34.93,1.0,0,1,0
50.0,0,16.03,12.0,7.0,3.0,1.0,0.0,1.0,17.79,33.58,1.0,0,0,1
40.0,1,27.43,3.0,1.0,7.0,1.0,0.0,0.0,26.86,12.7,1.0,0,1,0
19.0,0,10.45,15.0,3.0,9.0,1.0,0.0,1.0,15.3,74.5,1.0,0,1,0
58.0,0,5.54,16.0,12.0,3.0,0.0,0.0,0.0,5.38,37.01,1.0,1,0,0
38.0,0,21.55,10.0,12.0,0.0,0.0,0.0,0.0,26.56,83.62,1.0,0,1,0
19.0,1,16.64,11.0,3.0,3.0,1.0,0.0,1.0,10.96,87.85,1.0,0,1,0
44.0,0,25.78,16.0,14.0,4.0,1.0,0.0,1.0,23.63,91.28,1.0,0,1,0
26.0,1,3.35,17.0,1.0,9.0,0.0,0.0,1.0,2.39,81.79,1.0,0,1,0
18.0,1,25.47,14.0,10.0,7.0,0.0,1.0,1.0,21.6,78.89,1.0,0,0,1
28.0,1,9.51,16.0,8.0,9.0,1.0,1.0,0.0,9.32,44.95,1.0,0,1,0
20.0,1,19.99,14.0,11.0,5.0,0.0,1.0,0.0,13.48,2.69,1.0,0,1,0
40.0,1,2.16,6.0,13.0,9.0,1.0,0.0,0.0,2.81,11.21,1.0,1,0,0
43.0,0,18.68,10.0,3.0,4.0,1.0,0.0,1.0,16.36,53.09,1.0,0,0,1
21.0,1,21.8,17.0,3.0,2.0,1.0,1.0,0.0,30.45,36.0,1.0,0,1,0
35.0,1,11.69,10.0,14.0,3.0,0.0,1.0,0.0,13.73,82.91,1.0,0,1,0
23.0,1,7.25,10.0,14.0,5.0,0.0,0.0,1.0,4.91,56.31,1.0,0,0,1
52.0,1,16.59,14.0,3.0,5.0,1.0,1.0,1.0,18.95,9.88,1.0,0,1,0
39.0,1,25.16,17.0,4.0,5.0,1.0,1.0,0.0,13.16,47.85,1.0,1,0,0
32.0,0,15.74,9.0,9.0,1.0,1.0,1.0,0.0,13.57,82.2,1.0,1,0,0
39.0,1,8.32,15.0,11.0,7.0,1.0,1.0,0.0,12.27,86.31,1.0,1,0,0
54.0,1,9.09,7.0,11.0,7.0,0.0,1.0,1.0,10.71,16.61,1.0,0,1,0
59.0,0,28.52,2.0,7.0,5.0,1.0,1.0,0.0,40.68,10.03,1.0,0,1,0
29.0,1,11.42,4.0,3.0,3.0,0.0,1.0,1.0,9.08,38.7,1.0,1,0,0
59.0,0,1.1,18.0,2.0,1.0,1.0,1.0,1.0,1.02,6.55,1.0,0,1,0
55.0,0,23.67,11.0,10.0,5.0,1.0,1.0,1.0,21.89,72.64,1.0,0,1,0
35.0,0,21.28,5.0,0.0,5.0,0.0,0.0,0.0,13.02,44.75,1.0,0,1,0
39.0,0,4.73,8.0,1.0,9.0,0.0,1.0,1.0,6.13,19.82,1.0,0,1,0
47.0,1,29.56,5.0,3.0,2.0,0.0,0.0,0.0,29.41,10.25,1.0,0,0,1
41.0,1,18.63,2.0,8.0,1.0,0.0,0.0,1.0,18.45,92.74,1.0,0,1,0
59.0,0,15.74,5.0,14.0,3.0,0.0,0.0,0.0,18.13,4.31,1.0,0,0,1
47.0,0,12.08,3.0,13.0,7.0,0.0,1.0,0.0,8.11,9.79,1.0,0,1,0
31.0,1,27.06,12.0,0.0,4.0,1.0,1.0,0.0,35.45,23.42,1.0,0,1,0
23.0,0,8.07,19.0,5.0,2.0,0.0,1.0,0.0,6.99,9.47,1.0,0,1,0
20.0,0,9.29,7.0,5.0,4.0,1.0,1.0,1.0,5.38,64.43,1.0,1,0,0
33.0,0,4.55,19.0,9.0,8.0,0.0,1.0,0.0,3.14,21.82,1.0,1,0,0
24.0,1,23.01,4.0,2.0,7.0,0.0,1.0,1.0,17.32,47.99,1.0,0,1,0
31.0,0,18.27,14.0,9.0,9.0,0.0,1.0,1.0,12.39,86.02,1.0,0,0,1
26.0,1,18.66,19.0,8.0,6.0,1.0,1.0,1.0,13.85,82.48,1.0,0,1,0
32.0,1,7.34,18.0,13.0,3.0,1.0,1.0,1.0,10.98,14.62,1.0,1,0,0
38.0,1,19.88,7.0,9.0,1.0,0.0,0.0,1.0,20.63,8.87,1.0,0,0,1
52.0,0,23.2,15.0,2.0,8.0,0.0,1.0,0.0,25.59,66.43,1.0,1,0,0
19.0,0,11.38,1.0,0.0,2.0,1.0,1.0,1.0,7.58,21.03,1.0,0,0,1
44.0,1,24.24,12.0,1.0,5.0,0.0,1.0,0.0,13.19,78.15,1.0,0,1,0
19.0,1,11.11,19.0,14.0,6.0,1.0,0.0,0.0,9.0,43.45,1.0,0,1,0
52.0,1,22.99,6.0,14.0,2.0,0.0,1.0,0.0,29.19,15.45,1.0,0,1,0
35.0,0,1.98,13.0,3.0,2.0,1.0,1.0,0.0,2.1,97.42,1.0,0,1,0
31.0,0,16.98,6.0,3.0,2.0,1.0,0.0,1.0,8.67,5.56,1.0,1,0,0
37.0,1,29.12,13.0,1.0,2.0,0.0,1.0,1.0,37.53,12.43,1.0,0,1,0
35.0,1,29.46,15.0,9.0,2.0,0.0,0.0,1.0,17.79,81.2,1.0,1,0,0
27.0,0,9.17,16.0,5.0,6.0,1.0,0.0,0.0,8.62,45.27,1.0,0,1,0
42.0,1,13.8,8.0,14.0,4.0,0.0,1.0,0.0,20.69,93.81,1.0,0,1,0
19.0,0,2.83,13.0,5.0,3.0,0.0,1.0,1.0,1.76,11.3,1.0,0,1,0
42.0,1,26.33,13.0,2.0,5.0,0.0,0.0,1.0,34.62,15.7,1.0,0,1,0
50.0,1,17.49,12.0,0.0,7.0,0.0,1.0,0.0,22.72,0.18,1.0,1,0,0
53.0,1,12.17,19.0,9.0,1.0,1.0,0.0,1.0,11.5,21.71,1.0,0,1,0
48.0,0,4.27,17.0,8.0,2.0,1.0,1.0,0.0,6.35,65.73,1.0,1,0,0
31.0,0,28.46,3.0,3.0,1.0,1.0,0.0,0.0,22.99,72.33,1.0,0,1,0
18.0,0,15.74,15.0,8.0,6.0,1.0,1.0,1.0,13.36,42.99,1.0,0,1,0
33.0,0,9.2,17.0,4.0,1.0,1.0,0.0,1.0,6.0,25.74,1.0,1,0,0
20.0,0,11.16,6.0,6.0,4.0,0.0,0.0,0.0,9.71,71.63,1.0,1,0,0
52.0,1,8.85,19.0,2.0,9.0,1.0,0.0,0.0,7.05,17.26,1.0,0,1,0
58.0,0,18.45,12.0,14.0,8.0,1.0,1.0,1.0,20.38,76.71,1.0,0,1,0
23.0,0,27.97,4.0,2.0,7.0,0.0,0.0,1.0,15.12,78.66,1.0,0,1,0
42.0,0,25.84,12.0,7.0,7.0,1.0,1.0,1.0,20.94,44.11,1.0,0,1,0
30.0,1,14.35,2.0,0.0,2.0,0.0,1.0,1.0,7.24,19.36,1.0,1,0,0
51.0,1,24.97,7.0,7.0,0.0,1.0,0.0,0.0,14.3,62.99,1.0,1,0,0
25.0,0,13.27,16.0,7.0,1.0,0.0,0.0,0.0,17.52,85.35,1.0,0,1,0
38.0,0,8.32,12.0,2.0,6.0,1.0,1.0,0.0,10.4,52.95,1.0,0,1,0
51.0,1,29.52,16.0,0.0,3.0,1.0,0.0,0.0,36.73,46.11,1.0,1,0,0
21.0,1,9.81,14.0,8.0,9.0,1.0,0.0,0.0,8.37,97.92,1.0,0,1,0
42.0,1,10.39,1.0,3.0,4.0,0.0,1.0,1.0,12.46,53.74,1.0,1,0,0
32.0,1,29.7,9.0,6.0,0.0,0.0,0.0,0.0,22.47,3.42,1.0,0,1,0
21.0,0,15.74,7.0,8.0,1.0,1.0,1.0,1.0,3.95,50.2,1.0,1,0,0
29.0,1,23.06,5.0,2.0,8.0,1.0,0.0,1.0,24.5,44.53,1.0,0,1,0
49.0,0,28.14,10.0,4.0,5.0,0.0,0.0,0.0,33.76,29.21,1.0,1,0,0
49.0,0,15.84,10.0,9.0,6.0,0.0,1.0,1.0,12.13,31.74,1.0,0,1,0
45.0,1,1.07,18.0,10.0,4.0,1.0,0.0,1.0,1.26,93.08,1.0,0,1,0
30.0,1,11.88,7.0,12.0,8.0,0.0,1.0,0.0,17.37,13.36,1.0,1,0,0
48.0,1,4.24,18.0,2.0,9.0,0.0,0.0,0.0,4.21,76.4,1.0,0,1,0
31.0,1,13.07,13.0,4.0,4.0,0.0,0.0,0.0,11.86,90.24,1.0,0,1,0
37.0,0,23.91,11.0,10.0,5.0,0.0,1.0,0.0,17.51,25.95,1.0,0,1,0
35.0,0,13.72,10.0,1.0,9.0,0.0,1.0,1.0,11.75,6.68,1.0,0,1,0
46.0,0,13.53,9.0,3.0,8.0,0.0,1.0,1.0,13.92,30.71,1.0,0,0,1
23.0,1,17.15,15.0,7.0,4.0,0.0,1.0,1.0,24.77,43.29,1.0,1,0,0
49.0,0,17.87,14.0,7.0,3.0,0.0,1.0,0.0,13.59,95.14,1.0,0,1,0
46.0,1,25.83,3.0,2.0,4.0,1.0,0.0,1.0,18.89,43.01,1.0,1,0,0
19.0,0,9.94,14.0,14.0,4.0,0.0,1.0,0.0,14.52,9.21,1.0,0,1,0
40.0,1,24.83,16.0,4.0,4.0,0.0,1.0,1.0,27.46,14.69,1.0,0,0,1
36.0,0,17.41,3.0,8.0,0.0,0.0,1.0,1.0,21.51,35.27,1.0,0,1,0
48.0,0,9.72,8.0,2.0,4.0,0.0,1.0,0.0,12.92,18.42,1.0,0,1,0
22.0,1,9.56,2.0,9.0,4.0,1.0,1.0,1.0,5.56,6.06,1.0,0,1,0
36.0,0,11.47,2.0,5.0,0.0,1.0,1.0,0.0,11.3,17.53,1.0,0,1,0
51.0,0,19.06,18.0,3.0,3.0,1.0,1.0,1.0,12.2,10.55,1.0,0,1,0
27.0,1,7.69,7.0,3.0,7.0,0.0,0.0,1.0,8.65,20.27,1.0,0,1,0
42.0,1,27.69,17.0,10.0,3.0,1.0,1.0,0.0,40.25,99.65,1.0,1,0,0
19.0,1,17.67,6.0,12.0,6.0,1.0,0.0,1.0,9.83,44.54,1.0,0,1,0
28.0,1,27.68,10.0,14.0,5.0,1.0,0.0,1.0,21.43,65.86,1.0,0,0,1
48.0,1,2.35,7.0,14.0,4.0,0.0,0.0,1.0,3.52,16.53,1.0,0,1,0
32.0,0,10.94,4.0,9.0,8.0,0.0,0.0,0.0,5.53,84.93,1.0,1,0,0
26.0,1,1.66,11.0,9.0,7.0,1.0,1.0,0.0,1.06,26.69,1.0,0,0,1
40.0,0,8.9,16.0,12.0,4.0,1.0,1.0,0.0,5.17,98.25,1.0,1,0,0
36.0,0,26.0,17.0,4.0,9.0,0.0,0.0,0.0,32.87,83.67,1.0,1,0,0
26.0,1,2.06,6.0,14.0,6.0,0.0,1.0,1.0,2.58,95.09,1.0,1,0,0
52.0,0,13.65,19.0,10.0,8.0,1.0,0.0,1.0,17.44,66.83,1.0,0,1,0
38.0,0,4.41,18.0,6.0,6.0,0.0,0.0,0.0,5.62,65.81,1.0,1,0,0
26.0,1,13.09,15.0,10.0,2.0,1.0,0.0,0.0,17.48,84.11,1.0,0,1,0
45.0,0,15.74,2.0,13.0,9.0,0.0,0.0,1.0,32.24,71.54,1.0,0,1,0
24.0,1,19.07,19.0,3.0,4.0,1.0,0.0,0.0,18.76,49.5,1.0,0,1,0
33.0,1,22.37,6.0,7.0,8.0,1.0,1.0,0.0,27.86,35.83,1.0,1,0,0
33.0,1,15.74,12.0,11.0,8.0,1.0,1.0,0.0,12.21,22.29,1.0,0,1,0
50.0,0,28.39,1.0,12.0,7.0,1.0,1.0,0.0,24.6,78.22,1.0,0,1,0
21.0,1,21.57,11.0,8.0,5.0,1.0,1.0,1.0,28.83,38.6,1.0,0,1,0
21.0,0,13.23,19.0,8.0,6.0,1.0,1.0,1.0,17.04,6.12,1.0,0,0,1
56.0,0,13.37,4.0,8.0,6.0,0.0,0.0,0.0,9.0,47.96,1.0,0,1,0
57.0,1,27.64,19.0,1.0,0.0,0.0,1.0,1.0,14.5,65.75,1.0,0,1,0
34.0,0,17.72,6.0,2.0,7.0,1.0,0.0,1.0,14.46,2.3,1.0,0,1,0
39.0,1,21.48,8.0,4.0,5.0,0.0,1.0,1.0,19.41,70.51,1.0,0,0,1
56.0,0,13.09,9.0,11.0,6.0,0.0,0.0,0.0,8.83,22.47,1.0,0,0,1
46.0,0,7.49,10.0,0.0,9.0,0.0,0.0,1.0,10.15,22.24,1.0,1,0,0
53.0,1,21.98,10.0,3.0,9.0,1.0,0.0,1.0,11.73,56.29,1.0,1,0,0
55.0,0,18.63,10.0,10.0,1.0,1.0,0.0,1.0,18.32,33.73,1.0,0,1,0
56.0,0,15.54,4.0,13.0,6.0,0.0,0.0,1.0,8.63,45.06,1.0,0,0,1
54.0,1,19.1,18.0,13.0,7.0,0.0,0.0,1.0,19.8,51.3,1.0,0,1,0
52.0,0,7.04,12.0,4.0,4.0,1.0,1.0,1.0,6.78,92.1,1.0,0,1,0
24.0,0,24.02,11.0,8.0,0.0,1.0,1.0,0.0,30.75,20.49,1.0,0,1,0
44.0,0,28.5,16.0,7.0,5.0,0.0,0.0,1.0,33.91,46.43,1.0,0,1,0
45.0,0,26.84,19.0,0.0,2.0,0.0,0.0,1.0,36.07,78.6,1.0,1,0,0
39.0,1,10.32,11.0,13.0,4.0,0.0,1.0,0.0,10.78,20.52,1.0,0,1,0
31.0,0,12.77,10.0,12.0,8.0,0.0,0.0,0.0,16.89,8.24,1.0,0,0,1
24.0,1,24.44,12.0,11.0,6.0,0.0,1.0,0.0,29.8,1.78,1.0,0,1,0
54.0,0,18.26,17.0,2.0,7.0,0.0,0.0,0.0,23.36,10.37,1.0,0,1,0
39.0,1,16.89,13.0,13.0,5.0,0.0,1.0,0.0,18.59,27.46,1.0,0,1,0
22.0,1,27.87,4.0,13.0,8.0,0.0,0.0,0.0,33.99,40.93,1.0,1,0,0
19.0,1,16.54,6.0,2.0,2.0,0.0,1.0,0.0,14.91,59.38,1.0,1,0,0
44.0,1,15.93,7.0,10.0,0.0,1.0,1.0,0.0,9.32,20.01,1.0,0,1,0
38.0,1,2.22,8.0,5.0,9.0,1.0,1.0,0.0,2.03,26.97,1.0,0,1,0
55.0,0,3.01,2.0,3.0,3.0,1.0,0.0,1.0,2.03,69.91,1.0,0,1,0
32.0,1,1.22,9.0,3.0,7.0,0.0,1.0,0.0,1.38,90.9,1.0,1,0,0
38.0,0,27.48,10.0,0.0,5.0,0.0,1.0,0.0,20.97,13.55,1.0,0,0,1
27.0,1,12.84,19.0,11.0,5.0,1.0,0.0,1.0,18.72,47.25,1.0,0,1,0
40.0,1,14.59,1.0,9.0,8.0,0.0,0.0,1.0,11.25,29.54,1.0,1,0,0
56.0,0,25.52,16.0,12.0,1.0,0.0,0.0,0.0,15.26,52.8,1.0,0,1,0
22.0,1,18.67,18.0,7.0,6.0,1.0,1.0,0.0,25.78,11.91,1.0,0,1,0
18.0,1,18.68,8.0,10.0,3.0,1.0,0.0,1.0,17.08,27.1,1.0,0,0,1
30.0,1,9.6,10.0,3.0,6.0,1.0,1.0,0.0,8.22,70.89,1.0,0,1,0
38.0,1,15.74,11.0,0.0,7.0,0.0,1.0,0.0,34.88,81.93,1.0,0,1,0
43.0,0,5.81,17.0,14.0,1.0,1.0,1.0,0.0,6.7,62.16,1.0,0,1,0
38.0,1,2.54,7.0,4.0,6.0,1.0,1.0,0.0,14.3,94.45,1.0,0,1,0
35.0,1,6.56,3.0,12.0,7.0,0.0,1.0,0.0,5.43,65.29,1.0,1,0,0
54.0,0,8.76,7.0,2.0,0.0,1.0,0.0,0.0,6.94,74.66,1.0,1,0,0
49.0,0,9.19,6.0,12.0,9.0,0.0,0.0,0.0,9.92,35.74,1.0,0,0,1
53.0,1,20.44,3.0,9.0,4.0,0.0,0.0,0.0,20.47,16.99,1.0,0,1,0
34.0,1,7.32,8.0,4.0,8.0,0.0,1.0,1.0,5.68,65.79,1.0,0,1,0
52.0,0,20.62,1.0,13.0,1.0,0.0,0.0,1.0,14.11,91.91,1.0,0,1,0
28.0,1,3.64,5.0,2.0,5.0,0.0,0.0,0.0,4.8,98.19,1.0,0,1,0
38.0,0,5.27,19.0,4.0,1.0,1.0,0.0,0.0,6.26,45.0,1.0,0,0,1
43.0,1,15.76,13.0,3.0,2.0,1.0,1.0,0.0,23.53,53.97,1.0,1,0,0
21.0,0,27.73,11.0,7.0,5.0,0.0,1.0,0.0,28.17,31.12,1.0,0,1,0
51.0,0,25.93,11.0,13.0,4.0,0.0,1.0,0.0,38.75,67.25,1.0,1,0,0
35.0,0,29.09,2.0,5.0,3.0,1.0,1.0,0.0,27.95,76.52,1.0,0,1,0
57.0,1,19.86,9.0,11.0,6.0,1.0,1.0,1.0,20.55,4.12,1.0,0,1,0
52.0,1,20.6,2.0,14.0,2.0,0.0,0.0,1.0,14.61,84.66,1.0,1,0,0
58.0,1,19.13,19.0,13.0,9.0,1.0,0.0,1.0,12.43,51.38,1.0,0,1,0
46.0,1,19.06,12.0,9.0,6.0,0.0,0.0,0.0,27.45,57.97,1.0,0,1,0
46.0,0,5.27,9.0,1.0,8.0,0.0,1.0,0.0,7.81,20.62,1.0,0,1,0
55.0,0,16.77,9.0,0.0,1.0,1.0,0.0,0.0,17.57,1.03,1.0,0,1,0
59.0,0,12.2,10.0,0.0,4.0,0.0,1.0,1.0,9.42,95.22,1.0,0,1,0
38.0,1,13.83,5.0,0.0,0.0,0.0,1.0,1.0,20.07,92.84,1.0,0,1,0
59.0,1,16.18,10.0,8.0,6.0,1.0,0.0,1.0,20.98,77.43,1.0,0,1,0
30.0,1,4.72,18.0,4.0,1.0,1.0,1.0,0.0,3.21,47.36,1.0,1,0,0
58.0,0,11.43,10.0,13.0,4.0,1.0,1.0,1.0,9.13,31.76,1.0,0,0,1
34.0,1,2.84,10.0,3.0,0.0,0.0,0.0,1.0,1.43,15.61,1.0,1,0,0
26.0,1,29.41,10.0,9.0,0.0,1.0,0.0,1.0,31.82,8.09,1.0,0,1,0
58.0,0,4.44,14.0,4.0,3.0,0.0,0.0,1.0,14.3,45.73,1.0,0,1,0
18.0,0,8.5,4.0,8.0,6.0,0.0,0.0,0.0,5.64,79.22,1.0,0,1,0
19.0,1,26.85,10.0,2.0,6.0,0.0,1.0,0.0,22.54,72.59,1.0,0,1,0
46.0,0,15.0,18.0,2.0,7.0,0.0,0.0,0.0,21.59,75.59,1.0,0,1,0
50.0,1,4.93,5.0,11.0,8.0,1.0,0.0,1.0,5.66,11.87,1.0,1,0,0
27.0,0,12.14,9.0,1.0,3.0,0.0,0.0,1.0,16.55,86.27,1.0,1,0,0
57.0,0,4.36,6.0,7.0,1.0,1.0,0.0,1.0,5.84,80.4,1.0,1,0,0
38.0,0,6.81,16.0,6.0,9.0,1.0,1.0,0.0,9.67,9.41,1.0,0,1,0
45.0,1,2.51,16.0,1.0,9.0,1.0,1.0,0.0,1.36,35.65,1.0,0,1,0
28.0,1,13.71,11.0,3.0,2.0,1.0,1.0,0.0,10.45,37.52,1.0,1,0,0
51.0,1,24.39,15.0,6.0,8.0,1.0,0.0,0.0,22.33,73.51,1.0,0,1,0
25.0,0,17.99,19.0,0.0,7.0,1.0,0.0,1.0,20.51,86.05,1.0,0,1,0
39.0,0,18.58,3.0,0.0,5.0,1.0,1.0,1.0,20.59,37.57,1.0,0,1,0
25.0,0,6.82,16.0,7.0,2.0,1.0,1.0,0.0,5.09,13.08,1.0,0,1,0
32.0,0,10.97,5.0,5.0,9.0,1.0,0.0,1.0,7.6,8.26,1.0,0,1,0
34.0,1,25.51,9.0,1.0,7.0,0.0,1.0,0.0,23.91,63.88,1.0,1,0,0
40.0,1,3.55,5.0,9.0,1.0,1.0,0.0,0.0,2.66,49.8,1.0,1,0,0
41.0,1,25.88,4.0,9.0,3.0,0.0,0.0,0.0,37.92,90.2,1.0,0,1,0
36.0,0,15.03,13.0,14.0,3.0,0.0,1.0,0.0,22.03,95.35,1.0,0,1,0
22.0,0,25.28,17.0,0.0,8.0,0.0,1.0,0.0,15.51,89.81,1.0,1,0,0
49.0,1,10.22,12.0,2.0,7.0,1.0,0.0,0.0,12.32,7.56,1.0,0,1,0
18.0,0,10.83,7.0,11.0,6.0,1.0,0.0,1.0,7.89,28.43,1.0,0,1,0
40.0,1,22.8,1.0,3.0,3.0,0.0,1.0,0.0,27.76,49.5,1.0,0,1,0
54.0,0,23.76,16.0,12.0,6.0,1.0,1.0,1.0,30.11,6.87,1.0,0,1,0
25.0,0,7.66,7.0,4.0,0.0,0.0,1.0,0.0,4.2,91.83,1.0,1,0,0
30.0,1,29.21,2.0,10.0,7.0,1.0,0.0,0.0,34.92,89.48,1.0,1,0,0
25.0,1,3.45,12.0,9.0,7.0,1.0,1.0,0.0,4.82,39.08,1.0,0,1,0
40.0,0,2.99,11.0,2.0,8.0,0.0,1.0,0.0,2.14,95.87,1.0,0,1,0
18.0,1,18.27,8.0,14.0,8.0,1.0,1.0,1.0,11.25,56.33,1.0,0,1,0
41.0,1,21.96,1.0,14.0,0.0,1.0,0.0,0.0,23.43,43.4,1.0,0,1,0
52.0,0,28.87,3.0,12.0,9.0,0.0,1.0,1.0,29.37,54.97,1.0,0,0,1
41.0,0,12.74,8.0,13.0,6.0,1.0,0.0,0.0,17.65,42.21,1.0,1,0,0
34.0,0,1.73,8.0,4.0,0.0,1.0,0.0,0.0,1.65,29.19,1.0,0,1,0
22.0,1,18.48,11.0,11.0,5.0,1.0,0.0,1.0,16.88,18.11,1.0,1,0,0
37.0,0,9.4,10.0,6.0,4.0,0.0,1.0,1.0,11.41,46.06,1.0,1,0,0
38.0,0,13.56,8.0,10.0,1.0,0.0,0.0,1.0,7.83,53.08,1.0,1,0,0
57.0,0,15.17,9.0,8.0,2.0,1.0,1.0,1.0,8.45,82.16,1.0,0,1,0
48.0,0,2.87,17.0,4.0,7.0,0.0,0.0,0.0,2.88,47.34,1.0,0,1,0
53.0,0,15.09,5.0,3.0,1.0,1.0,0.0,1.0,8.89,82.94,1.0,1,0,0
28.0,1,13.36,19.0,9.0,3.0,0.0,0.0,1.0,19.23,95.47,1.0,0,1,0
32.0,0,21.66,19.0,7.0,2.0,0.0,1.0,1.0,25.0,72.15,1.0,0,0,1
36.0,0,19.72,2.0,12.0,6.0,0.0,0.0,0.0,24.72,11.97,1.0,1,0,0
24.0,1,6.37,19.0,8.0,7.0,1.0,1.0,1.0,4.64,46.13,1.0,0,0,1
45.0,0,6.98,15.0,7.0,3.0,0.0,1.0,0.0,6.94,85.67,1.0,0,1,0
22.0,1,8.28,8.0,4.0,5.0,1.0,0.0,1.0,5.25,49.16,1.0,1,0,0
22.0,1,6.19,8.0,8.0,2.0,0.0,1.0,0.0,4.35,81.07,1.0,0,1,0
47.0,0,20.06,1.0,10.0,6.0,1.0,1.0,1.0,14.3,77.59,1.0,0,0,1
49.0,1,29.84,14.0,13.0,7.0,0.0,0.0,1.0,23.27,15.98,1.0,0,1,0
25.0,0,19.91,11.0,8.0,6.0,1.0,1.0,0.0,28.22,32.95,1.0,0,1,0
27.0,1,18.59,7.0,0.0,3.0,1.0,0.0,0.0,27.8,76.39,1.0,1,0,0
55.0,1,12.89,18.0,11.0,9.0,0.0,0.0,0.0,6.5,15.92,1.0,0,1,0
49.0,0,10.06,15.0,5.0,8.0,0.0,1.0,0.0,12.67,42.28,1.0,0,1,0
45.0,1,27.42,10.0,10.0,9.0,1.0,1.0,1.0,16.87,49.5,1.0,0,0,1
34.0,1,29.1,4.0,4.0,7.0,0.0,1.0,1.0,31.27,23.57,1.0,0,1,0
48.0,0,15.41,1.0,5.0,5.0,0.0,1.0,1.0,11.23,28.56,1.0,1,0,0
25.0,0,9.42,14.0,9.0,1.0,1.0,0.0,1.0,13.8,53.03,1.0,0,1,0
57.0,1,23.33,9.0,2.0,9.0,0.0,0.0,1.0,32.1,91.19,1.0,1,0,0
42.0,0,4.84,13.0,13.0,6.0,0.0,1.0,1.0,5.3,38.56,1.0,1,0,0
26.0,1,23.2,17.0,2.0,8.0,0.0,0.0,1.0,15.68,85.0,1.0,0,1,0
19.0,1,24.75,4.0,9.0,8.0,0.0,1.0,0.0,31.75,69.52,1.0,0,1,0
32.0,0,4.62,5.0,4.0,8.0,1.0,0.0,0.0,4.71,78.05,1.0,0,1,0
20.0,1,29.33,18.0,6.0,8.0,1.0,1.0,1.0,32.6,76.22,1.0,0,1,0
53.0,1,29.58,17.0,3.0,5.0,1.0,1.0,1.0,36.03,30.21,1.0,0,1,0
21.0,0,15.74,7.0,5.0,0.0,1.0,1.0,0.0,25.8,23.63,1.0,1,0,0
31.0,0,15.39,10.0,4.0,5.0,0.0,1.0,1.0,7.81,97.76,1.0,0,1,0
58.0,1,8.14,9.0,1.0,4.0,1.0,0.0,0.0,7.03,73.78,1.0,0,1,0
58.0,1,17.88,13.0,12.0,6.0,0.0,0.0,1.0,16.34,36.58,1.0,1,0,0
42.0,1,13.18,10.0,10.0,7.0,0.0,1.0,0.0,11.43,55.44,1.0,0,1,0
27.0,1,6.97,10.0,11.0,0.0,1.0,1.0,0.0,9.28,77.59,1.0,0,1,0
38.0,1,13.29,8.0,0.0,9.0,0.0,0.0,0.0,11.06,5.58,1.0,0,1,0
53.0,1,20.25,18.0,5.0,5.0,1.0,1.0,0.0,18.56,9.9,1.0,0,1,0
29.0,0,3.06,5.0,4.0,3.0,0.0,0.0,0.0,1.72,2.51,1.0,1,0,0
44.0,1,10.67,7.0,8.0,0.0,0.0,1.0,0.0,12.98,16.41,1.0,1,0,0
57.0,0,1.52,15.0,11.0,3.0,1.0,1.0,0.0,1.09,11.94,1.0,0,1,0
19.0,0,22.74,3.0,6.0,6.0,0.0,0.0,0.0,16.71,46.31,1.0,0,1,0
30.0,1,19.58,18.0,0.0,5.0,0.0,0.0,1.0,21.28,28.72,1.0,0,1,0
49.0,0,2.82,6.0,12.0,5.0,1.0,1.0,0.0,4.18,4.56,1.0,0,1,0
48.0,1,28.98,6.0,9.0,1.0,1.0,0.0,1.0,26.38,44.94,1.0,0,0,1
33.0,0,1.66,1.0,5.0,6.0,0.0,1.0,1.0,14.3,57.86,1.0,0,1,0
49.0,1,18.11,17.0,10.0,7.0,1.0,1.0,1.0,9.71,37.02,1.0,0,1,0
49.0,1,23.51,11.0,6.0,8.0,0.0,0.0,1.0,30.27,26.03,1.0,0,1,0
51.0,1,23.85,2.0,2.0,8.0,1.0,0.0,1.0,18.16,39.05,1.0,1,0,0
28.0,1,1.99,9.0,13.0,3.0,1.0,1.0,1.0,2.52,51.99,1.0,1,0,0
27.0,0,27.29,19.0,8.0,2.0,0.0,1.0,1.0,21.35,43.6,1.0,1,0,0
32.0,0,27.64,6.0,10.0,4.0,1.0,1.0,0.0,14.65,9.33,1.0,1,0,0
34.0,0,17.28,7.0,13.0,5.0,0.0,0.0,1.0,17.25,45.68,1.0,0,1,0
57.0,0,14.98,4.0,13.0,7.0,1.0,0.0,1.0,21.06,72.03,1.0,0,1,0
35.0,1,2.3,3.0,10.0,2.0,0.0,1.0,1.0,1.63,82.0,1.0,0,1,0
26.0,1,17.3,2.0,7.0,5.0,0.0,0.0,1.0,11.31,43.95,1.0,1,0,0
42.0,1,12.87,10.0,0.0,4.0,1.0,1.0,1.0,8.81,99.38,1.0,1,0,0
57.0,1,23.41,10.0,9.0,6.0,1.0,1.0,0.0,27.86,84.29,1.0,0,1,0
31.0,1,12.71,17.0,9.0,8.0,0.0,0.0,1.0,11.02,21.54,1.0,1,0,0
42.0,1,20.82,16.0,11.0,6.0,1.0,1.0,0.0,15.74,45.68,1.0,1,0,0
39.0,0,3.94,1.0,8.0,5.0,0.0,0.0,0.0,3.3,29.55,1.0,1,0,0
47.0,1,4.86,12.0,6.0,8.0,0.0,1.0,0.0,3.93,55.02,1.0,0,1,0
37.0,1,5.05,10.0,9.0,9.0,0.0,1.0,0.0,5.27,22.41,1.0,1,0,0
38.0,0,2.32,1.0,12.0,3.0,1.0,0.0,1.0,1.47,3.52,1.0,0,1,0
49.0,0,16.7,16.0,10.0,0.0,1.0,1.0,0.0,16.85,90.44,1.0,1,0,0
38.0,1,24.03,11.0,0.0,7.0,0.0,1.0,1.0,19.51,51.98,1.0,0,0,1
52.0,1,18.7,4.0,3.0,5.0,1.0,1.0,0.0,26.79,91.5,1.0,0,1,0
49.0,0,17.67,3.0,9.0,5.0,1.0,1.0,1.0,16.29,11.82,1.0,1,0,0
47.0,1,15.74,13.0,12.0,4.0,1.0,1.0,1.0,12.44,15.15,1.0,1,0,0
56.0,1,10.85,15.0,2.0,9.0,0.0,1.0,1.0,15.55,22.65,1.0,0,1,0
29.0,1,11.5,10.0,10.0,2.0,0.0,1.0,0.0,16.53,45.71,1.0,0,1,0
58.0,0,10.11,6.0,6.0,5.0,1.0,0.0,1.0,6.83,88.0,1.0,0,1,0
35.0,1,21.65,11.0,4.0,0.0,0.0,1.0,0.0,28.5,65.04,1.0,0,0,1
39.0,1,5.69,1.0,8.0,6.0,0.0,0.0,0.0,7.75,5.5,1.0,1,0,0
30.0,0,1.38,4.0,10.0,5.0,0.0,1.0,1.0,1.18,40.72,1.0,0,1,0
38.0,0,18.29,10.0,2.0,4.0,1.0,0.0,0.0,12.06,72.33,1.0,0,1,0
25.0,0,28.33,15.0,10.0,2.0,0.0,1.0,1.0,36.79,32.24,1.0,0,1,0
57.0,1,18.67,1.0,5.0,7.0,0.0,0.0,1.0,9.86,49.26,1.0,0,1,0
24.0,1,23.7,15.0,9.0,3.0,1.0,1.0,1.0,26.53,71.14,1.0,0,1,0
40.0,1,20.51,3.0,1.0,8.0,1.0,0.0,0.0,17.27,96.5,1.0,0,1,0
49.0,0,15.43,1.0,2.0,8.0,0.0,1.0,1.0,16.91,33.32,1.0,0,1,0
28.0,1,21.83,6.0,3.0,4.0,1.0,1.0,1.0,28.14,74.44,1.0,0,1,0
39.0,0,24.9,19.0,5.0,6.0,0.0,1.0,0.0,33.09,74.74,1.0,1,0,0
39.0,1,7.52,4.0,10.0,5.0,1.0,1.0,0.0,11.27,54.27,1.0,0,0,1
42.0,1,10.75,12.0,0.0,5.0,0.0,1.0,0.0,12.26,81.34,1.0,1,0,0
39.0,0,7.49,2.0,14.0,3.0,1.0,1.0,0.0,5.42,53.61,1.0,1,0,0
45.0,0,14.11,17.0,14.0,9.0,0.0,1.0,1.0,10.95,62.5,1.0,0,1,0
46.0,1,26.67,6.0,5.0,7.0,0.0,0.0,0.0,24.97,83.72,1.0,0,1,0
39.0,0,11.01,12.0,3.0,9.0,0.0,0.0,0.0,14.85,47.63,1.0,0,1,0
35.0,1,11.86,15.0,7.0,2.0,0.0,1.0,0.0,10.28,47.8,1.0,1,0,0
39.0,0,25.95,10.0,8.0,4.0,1.0,0.0,0.0,30.84,59.1,1.0,0,0,1
46.0,0,15.95,1.0,7.0,0.0,0.0,0.0,1.0,8.69,80.42,1.0,1,0,0
38.0,1,16.53,14.0,7.0,0.0,0.0,1.0,0.0,15.37,12.72,1.0,1,0,0
32.0,0,25.96,2.0,12.0,8.0,1.0,0.0,0.0,17.32,77.12,1.0,1,0,0
44.0,0,15.23,4.0,12.0,3.0,1.0,1.0,1.0,21.91,49.5,1.0,0,1,0
48.0,1,20.77,10.0,1.0,8.0,0.0,1.0,0.0,26.82,7.1,1.0,0,1,0
32.0,1,3.48,14.0,13.0,5.0,1.0,1.0,1.0,2.22,79.22,1.0,0,1,0
40.0,0,6.18,18.0,9.0,9.0,0.0,0.0,0.0,5.57,14.51,1.0,0,1,0
41.0,1,12.73,8.0,1.0,7.0,1.0,1.0,1.0,7.39,21.33,1.0,1,0,0
30.0,0,15.35,1.0,5.0,8.0,1.0,0.0,1.0,19.13,70.62,1.0,0,1,0
39.0,0,29.01,16.0,14.0,0.0,0.0,1.0,0.0,20.06,56.45,1.0,0,1,0
54.0,1,29.15,7.0,4.0,6.0,0.0,1.0,1.0,38.02,92.05,1.0,0,1,0
50.0,1,25.68,6.0,5.0,7.0,0.0,0.0,1.0,14.74,95.43,1.0,0,1,0
20.0,1,10.15,19.0,8.0,1.0,0.0,1.0,1.0,10.89,31.4,1.0,0,1,0
36.0,1,28.96,10.0,11.0,9.0,0.0,1.0,1.0,32.09,32.42,1.0,0,1,0
40.0,1,20.99,6.0,7.0,8.0,1.0,1.0,1.0,17.51,20.97,1.0,0,1,0
46.0,1,12.4,10.0,6.0,0.0,1.0,0.0,0.0,8.24,51.76,1.0,1,0,0
47.0,0,21.35,19.0,4.0,2.0,1.0,1.0,0.0,17.59,37.8,1.0,0,1,0
56.0,1,1.48,3.0,9.0,8.0,1.0,0.0,0.0,1.47,1.47,1.0,1,0,0
42.0,1,5.24,3.0,6.0,0.0,0.0,1.0,0.0,7.7,39.5,1.0,1,0,0
54.0,0,25.06,6.0,7.0,3.0,1.0,0.0,1.0,23.73,6.17,1.0,1,0,0
25.0,0,19.72,17.0,10.0,9.0,1.0,0.0,0.0,13.59,79.9,1.0,1,0,0
59.0,0,11.56,18.0,11.0,5.0,1.0,1.0,0.0,6.08,92.89,1.0,0,1,0
33.0,0,15.52,10.0,0.0,5.0,1.0,0.0,0.0,7.89,29.58,1.0,0,1,0
25.0,1,27.25,6.0,9.0,3.0,0.0,1.0,0.0,24.98,65.07,1.0,0,1,0
18.0,0,19.32,13.0,10.0,9.0,0.0,1.0,1.0,15.38,8.85,1.0,0,1,0
22.0,0,12.55,6.0,10.0,9.0,1.0,1.0,1.0,7.72,36.35,1.0,0,0,1
39.0,1,4.49,12.0,6.0,9.0,1.0,0.0,0.0,3.02,57.59,1.0,0,1,0
18.0,1,9.52,14.0,3.0,9.0,1.0,0.0,0.0,8.09,10.42,1.0,0,1,0
21.0,1,29.37,17.0,4.0,0.0,1.0,0.0,1.0,34.85,37.71,1.0,0,1,0
57.0,1,13.68,8.0,12.0,4.0,0.0,1.0,0.0,15.18,95.52,1.0,0,1,0
52.0,0,14.68,5.0,1.0,4.0,1.0,1.0,0.0,8.51,16.61,1.0,1,0,0
39.0,1,15.46,4.0,9.0,2.0,0.0,1.0,0.0,9.94,62.02,1.0,1,0,0
59.0,0,26.64,6.0,4.0,2.0,1.0,1.0,0.0,37.52,83.33,1.0,1,0,0
51.0,0,18.51,11.0,8.0,3.0,0.0,1.0,0.0,10.57,77.12,1.0,0,0,1
42.0,1,21.12,5.0,0.0,2.0,1.0,0.0,0.0,14.76,77.14,1.0,0,1,0
27.0,1,12.29,14.0,2.0,2.0,0.0,0.0,1.0,10.05,5.91,1.0,0,1,0
39.0,1,1.84,10.0,3.0,2.0,0.0,0.0,1.0,1.34,97.36,1.0,0,1,0
56.0,1,28.0,11.0,8.0,6.0,0.0,0.0,1.0,22.14,72.71,1.0,0,1,0
44.0,1,28.52,3.0,1.0,8.0,1.0,0.0,0.0,35.02,95.43,1.0,0,0,1
44.0,1,28.53,8.0,6.0,0.0,1.0,1.0,1.0,16.98,97.93,1.0,0,1,0
19.0,0,28.37,5.0,8.0,7.0,0.0,0.0,0.0,24.18,35.7,1.0,0,1,0
58.0,0,24.64,10.0,11.0,9.0,0.0,1.0,1.0,27.39,54.34,1.0,0,1,0
30.0,0,20.85,8.0,9.0,0.0,1.0,1.0,1.0,11.44,72.95,1.0,0,1,0
26.0,0,25.49,9.0,3.0,8.0,1.0,0.0,1.0,13.87,84.91,1.0,0,1,0
53.0,1,18.42,15.0,4.0,7.0,0.0,0.0,1.0,18.39,97.09,1.0,0,1,0
39.0,1,4.9,1.0,11.0,5.0,1.0,0.0,1.0,6.86,97.45,1.0,1,0,0
59.0,0,12.35,5.0,11.0,5.0,0.0,1.0,0.0,11.67,49.5,1.0,0,1,0
43.0,0,29.17,15.0,11.0,9.0,1.0,0.0,1.0,26.45,68.05,1.0,1,0,0
29.0,0,11.18,4.0,9.0,6.0,1.0,0.0,0.0,5.7,14.69,1.0,1,0,0
34.0,1,26.17,19.0,3.0,7.0,0.0,0.0,0.0,32.26,81.05,1.0,0,1,0
31.0,1,3.7,10.0,11.0,6.0,1.0,0.0,1.0,2.46,15.95,1.0,1,0,0
31.0,1,10.69,2.0,6.0,5.0,1.0,0.0,0.0,12.81,89.07,1.0,0,1,0
51.0,0,11.18,5.0,7.0,9.0,1.0,0.0,0.0,9.49,97.91,1.0,1,0,0
39.0,0,2.5,18.0,7.0,3.0,0.0,1.0,1.0,1.36,8.63,1.0,1,0,0
28.0,1,4.45,6.0,14.0,3.0,0.0,1.0,0.0,3.68,51.24,1.0,0,0,1
33.0,1,6.6,10.0,13.0,8.0,1.0,1.0,1.0,7.65,26.47,1.0,0,1,0
48.0,0,25.3,15.0,13.0,8.0,0.0,1.0,1.0,32.09,47.0,1.0,0,1,0
23.0,0,2.84,9.0,14.0,2.0,1.0,1.0,1.0,3.22,29.38,1.0,0,1,0
36.0,1,9.66,13.0,2.0,8.0,0.0,1.0,1.0,11.7,6.56,1.0,0,1,0
54.0,0,1.3,18.0,1.0,5.0,0.0,0.0,1.0,0.96,39.41,1.0,1,0,0
21.0,1,21.17,7.0,5.0,5.0,1.0,1.0,0.0,31.02,20.46,1.0,0,0,1
21.0,1,18.99,2.0,11.0,6.0,1.0,0.0,1.0,13.8,54.93,1.0,0,1,0
37.0,0,19.7,16.0,0.0,2.0,1.0,1.0,1.0,13.2,68.06,1.0,0,1,0
27.0,0,11.86,2.0,11.0,3.0,0.0,0.0,0.0,8.89,40.53,1.0,0,1,0
41.0,0,7.04,4.0,8.0,4.0,1.0,1.0,0.0,10.36,20.36,1.0,0,1,0
52.0,1,21.89,2.0,6.0,0.0,1.0,0.0,0.0,12.37,19.17,1.0,0,1,0
43.0,0,24.52,17.0,7.0,7.0,1.0,1.0,1.0,31.22,0.24,1.0,0,1,0
54.0,0,5.02,6.0,6.0,6.0,0.0,1.0,1.0,3.04,70.24,1.0,1,0,0
55.0,1,15.12,10.0,4.0,1.0,0.0,0.0,1.0,19.25,49.5,1.0,0,1,0
38.0,1,8.21,14.0,4.0,6.0,0.0,1.0,0.0,6.38,97.07,1.0,0,1,0
57.0,0,5.88,15.0,6.0,8.0,1.0,1.0,1.0,7.21,74.71,1.0,1,0,0
56.0,1,22.3,12.0,6.0,4.0,1.0,1.0,0.0,12.24,29.54,1.0,0,1,0
38.0,1,16.6,19.0,1.0,5.0,0.0,0.0,0.0,13.85,15.89,1.0,1,0,0
27.0,1,7.27,11.0,1.0,4.0,1.0,0.0,1.0,7.01,62.43,1.0,1,0,0
55.0,0,15.74,1.0,6.0,0.0,0.0,0.0,1.0,5.2,86.46,1.0,1,0,0
21.0,0,29.03,8.0,4.0,5.0,0.0,0.0,0.0,19.77,58.43,1.0,0,1,0
37.0,1,25.61,6.0,1.0,6.0,0.0,1.0,1.0,17.13,1.1,1.0,0,1,0
34.0,1,26.52,12.0,14.0,5.0,0.0,0.0,1.0,26.03,78.63,1.0,1,0,0
24.0,1,14.34,16.0,0.0,2.0,0.0,1.0,0.0,9.08,96.42,1.0,1,0,0
21.0,0,19.09,18.0,8.0,5.0,1.0,1.0,0.0,28.2,4.75,1.0,0,1,0
46.0,1,11.93,12.0,10.0,6.0,1.0,1.0,1.0,16.55,80.91,1.0,0,1,0
31.0,1,3.25,2.0,7.0,9.0,0.0,1.0,1.0,2.35,71.9,1.0,0,1,0
20.0,0,12.63,7.0,1.0,9.0,1.0,0.0,0.0,9.27,39.75,1.0,0,1,0
41.0,1,18.23,9.0,1.0,8.0,0.0,1.0,1.0,26.39,63.41,1.0,0,1,0
54.0,0,9.33,18.0,2.0,6.0,1.0,1.0,0.0,7.46,15.88,1.0,0,1,0
33.0,0,25.59,9.0,3.0,2.0,0.0,1.0,0.0,23.63,72.01,1.0,0,1,0
21.0,0,5.38,8.0,8.0,0.0,1.0,0.0,1.0,6.46,58.12,1.0,1,0,0
41.0,1,11.65,1.0,11.0,6.0,0.0,1.0,1.0,9.83,8.66,1.0,0,1,0
51.0,1,4.62,5.0,5.0,7.0,0.0,1.0,1.0,6.48,86.82,1.0,1,0,0
47.0,0,12.74,16.0,2.0,0.0,0.0,1.0,1.0,13.87,12.84,1.0,1,0,0
35.0,1,2.15,14.0,13.0,4.0,0.0,1.0,0.0,2.29,43.83,1.0,0,1,0
36.0,0,8.9,13.0,14.0,7.0,0.0,1.0,0.0,9.38,13.12,1.0,1,0,0
48.0,1,12.62,11.0,7.0,9.0,1.0,0.0,0.0,7.72,64.61,1.0,1,0,0
36.0,0,14.87,13.0,5.0,6.0,0.0,0.0,1.0,19.19,73.79,1.0,0,1,0
36.0,0,16.77,15.0,7.0,1.0,1.0,1.0,0.0,17.98,94.72,1.0,0,1,0
39.0,1,8.97,16.0,9.0,3.0,0.0,1.0,1.0,4.97,25.26,1.0,0,1,0
41.0,1,16.17,13.0,11.0,5.0,0.0,1.0,0.0,21.84,36.63,1.0,0,0,1
29.0,1,15.76,8.0,1.0,6.0,1.0,1.0,0.0,19.38,38.67,1.0,1,0,0
47.0,1,10.17,18.0,14.0,6.0,0.0,1.0,0.0,8.02,9.7,1.0,0,1,0
55.0,0,25.08,19.0,7.0,2.0,0.0,1.0,1.0,19.71,80.79,1.0,1,0,0
48.0,0,16.82,15.0,10.0,7.0,0.0,1.0,1.0,16.9,8.27,1.0,0,1,0
53.0,1,10.64,10.0,4.0,6.0,0.0,1.0,1.0,5.4,33.85,1.0,0,1,0
36.0,1,28.47,4.0,9.0,3.0,0.0,1.0,1.0,37.28,19.04,1.0,1,0,0
53.0,0,25.51,6.0,13.0,9.0,0.0,1.0,1.0,36.79,66.44,1.0,0,1,0
47.0,1,29.5,8.0,14.0,3.0,1.0,0.0,1.0,27.92,90.56,1.0,1,0,0
50.0,1,21.07,7.0,13.0,3.0,0.0,1.0,1.0,21.84,74.65,1.0,1,0,0
35.0,1,11.97,10.0,11.0,4.0,1.0,1.0,1.0,15.68,77.45,1.0,1,0,0
45.0,1,9.14,18.0,3.0,1.0,0.0,1.0,1.0,7.11,7.85,1.0,0,1,0
28.0,0,20.24,18.0,2.0,8.0,0.0,0.0,1.0,20.07,73.9,1.0,1,0,0
50.0,0,29.44,19.0,11.0,5.0,1.0,1.0,1.0,17.99,6.25,1.0,0,0,1
34.0,1,19.17,4.0,8.0,7.0,1.0,0.0,0.0,23.04,48.42,1.0,0,1,0
23.0,0,26.57,1.0,7.0,0.0,0.0,0.0,1.0,34.35,69.19,1.0,0,1,0
21.0,1,10.54,5.0,6.0,5.0,1.0,0.0,1.0,5.98,25.47,1.0,0,1,0
37.0,1,12.8,7.0,6.0,5.0,0.0,1.0,0.0,17.69,68.26,1.0,1,0,0
44.0,1,27.28,11.0,5.0,7.0,0.0,1.0,1.0,23.86,88.05,1.0,1,0,0
32.0,0,22.95,11.0,8.0,0.0,0.0,0.0,0.0,32.64,87.8,1.0,0,1,0
23.0,0,29.46,10.0,7.0,4.0,1.0,1.0,0.0,41.25,19.21,1.0,1,0,0
31.0,0,23.47,7.0,13.0,2.0,1.0,1.0,1.0,30.3,27.45,1.0,0,1,0
28.0,0,14.01,16.0,0.0,5.0,1.0,1.0,0.0,18.64,49.5,1.0,1,0,0
56.0,0,16.4,1.0,6.0,8.0,1.0,0.0,0.0,12.95,84.13,1.0,0,1,0
26.0,1,27.11,1.0,8.0,9.0,0.0,0.0,1.0,23.51,45.52,1.0,0,1,0
43.0,1,17.0,12.0,14.0,2.0,1.0,1.0,0.0,12.58,92.22,1.0,0,1,0
33.0,0,8.41,16.0,5.0,8.0,1.0,1.0,1.0,7.19,57.46,1.0,0,1,0
22.0,0,13.63,5.0,9.0,8.0,1.0,1.0,1.0,14.47,26.19,1.0,1,0,0
27.0,0,15.97,14.0,1.0,0.0,0.0,0.0,0.0,21.78,2.0,1.0,0,1,0
20.0,1,15.74,18.0,12.0,1.0,0.0,1.0,1.0,3.98,80.74,1.0,0,1,0
30.0,0,22.57,9.0,7.0,3.0,0.0,0.0,1.0,27.01,49.5,1.0,0,1,0
47.0,1,4.17,2.0,8.0,6.0,1.0,0.0,1.0,2.65,7.84,1.0,0,1,0
23.0,1,12.74,12.0,9.0,1.0,0.0,0.0,0.0,18.34,77.71,1.0,1,0,0
34.0,0,24.33,10.0,14.0,6.0,0.0,1.0,0.0,26.35,3.16,1.0,1,0,0
36.0,1,14.56,2.0,7.0,4.0,0.0,1.0,0.0,18.58,84.28,1.0,0,1,0
59.0,1,25.42,15.0,8.0,9.0,1.0,0.0,0.0,38.09,59.87,1.0,0,1,0
52.0,0,10.91,4.0,0.0,6.0,1.0,1.0,0.0,14.83,63.65,1.0,0,1,0
43.0,1,28.77,19.0,2.0,8.0,0.0,1.0,1.0,28.9,93.81,1.0,0,0,1
22.0,0,7.07,4.0,2.0,8.0,0.0,1.0,1.0,9.67,86.67,1.0,0,0,1
46.0,1,2.11,9.0,13.0,2.0,0.0,0.0,0.0,2.45,7.6,1.0,1,0,0
54.0,0,15.74,13.0,8.0,2.0,0.0,1.0,0.0,32.35,85.3,1.0,0,0,1
37.0,0,22.81,10.0,2.0,6.0,0.0,1.0,1.0,25.94,66.71,1.0,1,0,0
39.0,1,7.73,14.0,14.0,4.0,1.0,0.0,0.0,6.09,31.68,1.0,1,0,0
27.0,0,29.56,3.0,13.0,4.0,0.0,0.0,1.0,24.67,85.34,1.0,0,1,0
22.0,1,15.57,3.0,9.0,4.0,0.0,0.0,0.0,16.48,2.33,1.0,0,1,0
53.0,1,28.58,16.0,0.0,8.0,0.0,1.0,0.0,39.27,83.75,1.0,0,1,0
23.0,0,15.65,9.0,2.0,3.0,1.0,1.0,1.0,14.91,49.5,1.0,0,1,0
43.0,1,14.68,14.0,1.0,5.0,1.0,1.0,0.0,15.28,26.12,1.0,1,0,0
21.0,0,14.03,16.0,8.0,5.0,0.0,0.0,1.0,12.19,0.6,1.0,0,1,0
56.0,1,10.71,9.0,13.0,6.0,1.0,1.0,1.0,5.55,52.13,1.0,0,1,0
56.0,1,16.48,5.0,0.0,1.0,1.0,0.0,1.0,18.85,42.23,1.0,0,1,0
52.0,0,14.12,13.0,10.0,5.0,1.0,1.0,1.0,15.05,86.25,1.0,0,1,0
18.0,1,2.07,15.0,1.0,8.0,0.0,1.0,1.0,3.06,78.79,1.0,0,1,0
41.0,1,8.55,4.0,0.0,2.0,0.0,1.0,1.0,8.62,58.97,1.0,0,0,1
53.0,1,7.18,14.0,8.0,1.0,0.0,1.0,0.0,7.43,15.08,1.0,1,0,0
23.0,1,26.16,7.0,6.0,7.0,0.0,1.0,1.0,20.46,72.61,1.0,1,0,0
58.0,1,18.37,4.0,13.0,0.0,0.0,0.0,1.0,11.01,59.36,1.0,0,1,0
48.0,1,23.15,17.0,12.0,7.0,1.0,1.0,0.0,27.96,2.25,1.0,0,1,0
37.0,1,28.75,9.0,0.0,4.0,1.0,1.0,1.0,37.62,76.18,1.0,0,1,0
41.0,1,19.68,4.0,12.0,8.0,1.0,1.0,0.0,26.96,83.17,1.0,1,0,0
42.0,0,29.5,3.0,12.0,8.0,0.0,1.0,1.0,26.68,77.45,1.0,0,1,0
53.0,1,10.04,19.0,9.0,3.0,1.0,0.0,1.0,12.08,17.63,1.0,0,1,0
38.0,1,15.74,9.0,11.0,0.0,0.0,1.0,1.0,4.88,50.25,1.0,1,0,0
47.0,0,12.7,8.0,5.0,4.0,0.0,0.0,1.0,9.56,52.73,1.0,0,1,0
41.0,0,14.65,7.0,4.0,6.0,1.0,0.0,0.0,21.91,93.44,1.0,0,1,0
59.0,0,26.97,7.0,9.0,8.0,1.0,0.0,0.0,36.39,92.56,1.0,0,1,0
47.0,1,17.24,4.0,13.0,9.0,0.0,1.0,0.0,13.04,6.23,1.0,0,1,0
39.0,1,9.47,19.0,14.0,8.0,1.0,0.0,0.0,8.84,99.92,1.0,0,1,0
45.0,0,22.54,12.0,10.0,8.0,1.0,1.0,0.0,24.0,78.67,1.0,0,1,0
24.0,1,15.67,6.0,4.0,5.0,1.0,1.0,0.0,8.04,37.55,1.0,1,0,0
52.0,1,5.7,12.0,3.0,1.0,0.0,0.0,0.0,8.32,74.33,1.0,1,0,0
45.0,0,17.73,4.0,2.0,4.0,0.0,0.0,0.0,10.79,49.5,1.0,0,1,0
31.0,0,27.43,2.0,13.0,2.0,1.0,1.0,0.0,36.13,93.63,1.0,1,0,0
27.0,1,25.44,15.0,12.0,5.0,1.0,0.0,1.0,37.55,37.81,1.0,0,1,0
33.0,1,18.02,6.0,7.0,4.0,0.0,0.0,0.0,21.7,76.61,1.0,0,1,0
33.0,1,11.94,18.0,6.0,9.0,0.0,1.0,1.0,17.51,15.53,1.0,0,1,0
48.0,1,3.52,5.0,4.0,0.0,0.0,0.0,0.0,1.83,85.23,0.0,1,0,0
59.0,1,14.62,4.0,11.0,9.0,0.0,0.0,1.0,12.49,62.04,1.0,0,1,0
42.0,0,22.81,11.0,8.0,9.0,1.0,0.0,0.0,22.27,80.76,1.0,1,0,0
30.0,1,11.45,11.0,11.0,1.0,0.0,0.0,1.0,14.69,41.8,1.0,1,0,0
23.0,1,7.83,9.0,6.0,4.0,0.0,1.0,0.0,9.04,34.63,1.0,0,1,0
26.0,1,28.01,3.0,9.0,5.0,1.0,0.0,0.0,34.62,53.26,1.0,1,0,0
53.0,1,24.83,11.0,1.0,0.0,1.0,1.0,0.0,16.01,38.82,1.0,0,0,1
37.0,1,19.51,2.0,14.0,6.0,1.0,1.0,1.0,26.24,51.41,1.0,0,1,0
35.0,0,4.97,9.0,6.0,2.0,0.0,1.0,0.0,6.57,43.06,1.0,0,1,0
38.0,1,5.2,10.0,6.0,0.0,0.0,0.0,1.0,6.6,19.66,1.0,1,0,0
21.0,0,3.99,11.0,3.0,6.0,1.0,1.0,1.0,5.26,97.66,1.0,1,0,0
50.0,1,18.87,3.0,11.0,6.0,0.0,1.0,1.0,13.47,1.61,1.0,0,1,0
44.0,0,4.35,17.0,11.0,9.0,0.0,0.0,0.0,2.79,92.56,1.0,0,1,0
24.0,0,25.44,11.0,7.0,2.0,0.0,1.0,1.0,35.49,82.74,1.0,0,1,0
23.0,1,29.8,17.0,3.0,5.0,1.0,0.0,1.0,43.42,42.09,1.0,0,1,0
32.0,1,11.62,19.0,6.0,3.0,1.0,0.0,1.0,10.74,32.21,1.0,0,1,0
35.0,1,14.16,4.0,3.0,3.0,0.0,1.0,1.0,13.41,16.47,1.0,0,0,1
49.0,1,21.64,2.0,12.0,8.0,0.0,0.0,1.0,26.85,13.31,1.0,1,0,0
28.0,1,28.18,14.0,7.0,6.0,0.0,1.0,1.0,28.04,55.09,1.0,0,1,0
37.0,0,26.93,15.0,13.0,5.0,0.0,0.0,1.0,21.91,10.54,1.0,1,0,0
41.0,1,2.67,3.0,13.0,8.0,0.0,1.0,1.0,1.84,47.65,1.0,1,0,0
32.0,1,5.9,13.0,2.0,2.0,1.0,1.0,1.0,3.08,81.47,1.0,0,1,0
24.0,0,22.88,13.0,1.0,3.0,1.0,0.0,0.0,24.89,75.7,1.0,0,1,0
38.0,1,20.98,18.0,9.0,8.0,0.0,1.0,1.0,13.47,13.25,1.0,0,1,0
59.0,0,4.86,7.0,5.0,3.0,1.0,1.0,1.0,6.6,96.11,1.0,1,0,0
43.0,1,15.56,16.0,6.0,6.0,0.0,0.0,1.0,23.07,28.62,1.0,0,1,0
31.0,0,23.64,16.0,6.0,8.0,1.0,0.0,1.0,22.64,70.57,1.0,0,0,1
54.0,1,7.34,6.0,5.0,3.0,0.0,0.0,0.0,4.52,30.05,1.0,0,1,0
38.0,0,26.27,6.0,10.0,5.0,1.0,1.0,0.0,28.45,61.74,1.0,0,1,0
35.0,0,2.54,4.0,7.0,6.0,1.0,0.0,0.0,2.73,57.25,1.0,0,1,0
22.0,1,23.68,3.0,11.0,3.0,1.0,1.0,1.0,15.0,17.83,1.0,0,1,0
20.0,1,18.86,1.0,5.0,2.0,1.0,0.0,0.0,21.63,65.26,1.0,1,0,0
40.0,1,10.14,3.0,14.0,5.0,1.0,1.0,0.0,8.27,32.6,1.0,0,0,1
43.0,0,21.91,19.0,5.0,2.0,1.0,0.0,1.0,29.48,61.12,1.0,0,1,0
54.0,0,23.69,9.0,2.0,6.0,0.0,1.0,1.0,25.77,54.14,1.0,0,0,1
41.0,0,28.08,14.0,11.0,5.0,0.0,0.0,1.0,26.2,84.27,1.0,1,0,0
36.0,1,11.67,19.0,1.0,6.0,0.0,0.0,1.0,17.08,21.36,1.0,0,1,0
42.0,1,20.89,19.0,14.0,2.0,0.0,0.0,0.0,20.71,15.14,1.0,1,0,0
38.0,0,18.48,13.0,6.0,8.0,1.0,0.0,1.0,25.64,85.49,1.0,0,1,0
29.0,1,16.23,16.0,5.0,5.0,1.0,0.0,1.0,12.4,44.45,1.0,0,1,0
58.0,0,26.82,8.0,0.0,6.0,0.0,0.0,0.0,25.26,78.18,1.0,0,1,0
50.0,1,1.09,16.0,1.0,8.0,1.0,1.0,0.0,0.64,95.96,1.0,1,0,0
21.0,1,9.18,9.0,1.0,5.0,1.0,0.0,1.0,8.47,54.43,1.0,0,1,0
59.0,1,16.61,9.0,0.0,9.0,1.0,0.0,0.0,23.16,30.07,1.0,1,0,0
24.0,1,6.17,3.0,2.0,1.0,1.0,0.0,1.0,8.2,79.42,1.0,1,0,0
39.0,1,27.33,7.0,4.0,5.0,1.0,0.0,1.0,40.33,93.09,1.0,0,1,0
50.0,1,19.78,18.0,3.0,5.0,1.0,1.0,1.0,24.72,24.51,1.0,0,1,0
34.0,1,14.86,2.0,11.0,1.0,0.0,0.0,1.0,11.46,68.83,1.0,0,1,0
41.0,1,24.63,1.0,1.0,6.0,1.0,1.0,1.0,14.3,78.06,1.0,0,1,0
51.0,0,14.08,12.0,7.0,8.0,1.0,1.0,0.0,9.57,2.66,1.0,0,1,0
45.0,1,17.2,16.0,8.0,9.0,0.0,0.0,0.0,19.98,59.23,1.0,0,1,0
58.0,0,1.08,12.0,7.0,3.0,0.0,1.0,0.0,0.95,63.32,1.0,0,1,0
56.0,1,11.61,10.0,6.0,4.0,0.0,1.0,0.0,10.61,63.65,1.0,0,1,0
39.0,1,5.02,9.0,9.0,5.0,0.0,0.0,0.0,6.83,8.41,1.0,0,1,0
34.0,0,21.0,18.0,1.0,0.0,0.0,0.0,1.0,25.76,2.17,1.0,0,1,0
51.0,0,14.89,4.0,14.0,7.0,0.0,1.0,1.0,14.3,29.37,1.0,1,0,0
23.0,1,9.75,8.0,14.0,8.0,0.0,1.0,1.0,6.54,35.78,1.0,0,0,1
23.0,1,14.57,4.0,5.0,0.0,0.0,1.0,0.0,19.26,14.46,1.0,0,1,0
51.0,0,7.08,16.0,10.0,3.0,0.0,1.0,0.0,10.29,50.96,1.0,0,1,0
18.0,0,27.83,8.0,3.0,5.0,1.0,1.0,0.0,19.07,22.75,1.0,0,1,0
27.0,0,2.57,7.0,4.0,9.0,1.0,0.0,0.0,3.73,33.75,1.0,0,1,0
38.0,0,26.1,13.0,8.0,0.0,0.0,0.0,1.0,24.27,29.28,1.0,0,1,0
39.0,1,15.83,8.0,12.0,2.0,0.0,0.0,1.0,22.25,77.2,1.0,1,0,0
19.0,1,18.95,7.0,8.0,6.0,0.0,1.0,0.0,23.7,87.71,1.0,0,0,1
39.0,1,9.78,5.0,3.0,7.0,1.0,1.0,0.0,13.74,29.85,1.0,0,1,0
19.0,1,29.03,18.0,7.0,7.0,0.0,1.0,1.0,33.24,37.66,1.0,1,0,0
27.0,1,9.17,19.0,10.0,4.0,1.0,1.0,0.0,6.02,81.53,1.0,0,1,0
51.0,0,18.08,10.0,4.0,0.0,1.0,0.0,1.0,10.13,75.91,1.0,0,1,0
33.0,0,29.81,11.0,8.0,0.0,1.0,0.0,0.0,33.6,70.88,1.0,0,1,0
56.0,0,26.55,8.0,1.0,7.0,1.0,1.0,0.0,14.82,70.79,1.0,0,1,0
39.0,1,16.55,6.0,14.0,4.0,0.0,0.0,0.0,12.18,29.72,1.0,0,1,0
29.0,0,29.72,11.0,3.0,8.0,0.0,0.0,0.0,20.99,93.65,1.0,0,1,0
41.0,1,21.34,16.0,2.0,0.0,0.0,1.0,0.0,19.78,80.92,1.0,0,1,0
39.0,1,7.05,4.0,6.0,1.0,0.0,1.0,0.0,7.74,21.19,1.0,0,1,0
55.0,1,12.76,2.0,13.0,3.0,0.0,1.0,1.0,18.01,66.22,1.0,1,0,0
27.0,0,10.7,13.0,1.0,9.0,1.0,0.0,1.0,15.37,15.49,1.0,0,0,1
52.0,1,10.98,7.0,2.0,6.0,1.0,0.0,0.0,16.28,57.76,1.0,0,1,0
39.0,1,15.74,17.0,8.0,3.0,0.0,1.0,0.0,29.13,28.91,1.0,0,1,0
24.0,0,17.94,13.0,7.0,7.0,1.0,0.0,1.0,25.5,10.52,1.0,0,1,0
38.0,1,2.1,10.0,1.0,6.0,1.0,1.0,1.0,2.71,60.32,1.0,1,0,0
37.0,0,26.45,13.0,5.0,4.0,0.0,0.0,1.0,37.31,88.43,1.0,0,1,0
43.0,1,9.61,10.0,13.0,6.0,1.0,0.0,0.0,5.81,14.07,1.0,0,1,0
21.0,0,29.92,7.0,2.0,7.0,1.0,0.0,0.0,43.73,89.91,1.0,0,1,0
39.0,1,28.67,10.0,11.0,2.0,0.0,1.0,1.0,21.06,12.78,1.0,0,1,0
32.0,1,28.28,16.0,12.0,2.0,1.0,1.0,0.0,30.22,74.19,1.0,0,1,0
57.0,0,24.52,3.0,5.0,1.0,0.0,1.0,1.0,24.93,98.96,1.0,0,0,1
38.0,1,7.4,4.0,13.0,3.0,1.0,0.0,0.0,7.88,9.37,1.0,1,0,0
32.0,0,16.45,4.0,14.0,3.0,1.0,1.0,1.0,19.77,21.27,1.0,0,1,0
39.0,1,7.5,4.0,4.0,3.0,0.0,0.0,0.0,7.8,46.36,1.0,0,1,0
45.0,0,8.53,16.0,9.0,1.0,1.0,0.0,1.0,10.14,73.76,1.0,0,1,0
31.0,1,18.72,9.0,3.0,6.0,1.0,1.0,1.0,19.36,89.79,1.0,0,1,0
44.0,1,2.18,6.0,11.0,9.0,0.0,0.0,0.0,1.12,72.91,1.0,1,0,0
58.0,1,29.11,10.0,6.0,5.0,1.0,0.0,1.0,32.82,77.12,1.0,0,1,0
57.0,0,27.64,4.0,10.0,9.0,1.0,0.0,1.0,29.17,45.21,1.0,0,1,0
45.0,0,12.04,12.0,9.0,0.0,0.0,0.0,1.0,13.07,35.58,1.0,0,1,0
43.0,0,15.95,10.0,6.0,1.0,0.0,0.0,1.0,8.0,50.78,1.0,1,0,0
19.0,0,14.52,12.0,3.0,4.0,1.0,1.0,0.0,14.07,64.95,1.0,1,0,0
42.0,0,15.74,19.0,2.0,8.0,1.0,1.0,1.0,36.55,50.23,1.0,0,1,0
20.0,1,20.97,19.0,3.0,3.0,0.0,1.0,0.0,17.46,79.03,1.0,0,1,0
25.0,1,9.07,1.0,1.0,5.0,1.0,0.0,1.0,8.57,15.71,1.0,0,1,0
50.0,1,13.96,4.0,3.0,2.0,0.0,1.0,1.0,8.69,39.62,1.0,0,0,1
59.0,1,13.44,13.0,14.0,8.0,1.0,0.0,0.0,12.77,6.65,1.0,0,1,0
52.0,1,28.82,8.0,3.0,5.0,0.0,0.0,1.0,25.82,67.14,1.0,0,1,0
23.0,0,6.08,14.0,11.0,7.0,0.0,0.0,0.0,8.41,75.7,1.0,0,1,0
56.0,1,3.6,16.0,4.0,2.0,0.0,0.0,1.0,1.93,66.74,1.0,1,0,0
40.0,0,26.54,2.0,0.0,7.0,0.0,1.0,1.0,38.52,95.52,1.0,0,1,0
42.0,1,27.0,8.0,1.0,2.0,1.0,0.0,1.0,29.06,93.21,1.0,0,1,0
36.0,0,26.28,13.0,7.0,3.0,1.0,1.0,1.0,27.06,27.04,1.0,0,1,0
22.0,0,15.82,1.0,7.0,7.0,0.0,1.0,0.0,21.93,24.32,1.0,1,0,0
28.0,0,20.13,12.0,7.0,9.0,0.0,1.0,1.0,13.91,2.53,1.0,1,0,0
29.0,1,17.34,17.0,4.0,3.0,0.0,1.0,1.0,12.29,50.26,1.0,1,0,0
27.0,1,3.01,7.0,7.0,8.0,1.0,0.0,1.0,4.14,86.11,1.0,0,1,0
25.0,1,18.28,16.0,8.0,8.0,0.0,0.0,1.0,14.3,15.75,1.0,0,1,0
41.0,1,1.39,14.0,13.0,5.0,1.0,0.0,0.0,1.86,59.34,1.0,0,0,1
45.0,0,10.42,10.0,3.0,0.0,1.0,0.0,1.0,5.64,72.04,1.0,0,1,0
58.0,0,28.04,3.0,3.0,8.0,0.0,1.0,0.0,32.3,36.77,1.0,1,0,0
53.0,0,9.82,12.0,6.0,8.0,1.0,0.0,1.0,9.34,70.29,1.0,1,0,0
54.0,0,28.25,8.0,4.0,6.0,1.0,0.0,0.0,36.95,83.73,1.0,0,1,0
38.0,1,8.25,16.0,10.0,8.0,0.0,0.0,1.0,5.43,1.05,1.0,0,1,0
25.0,0,10.12,1.0,9.0,7.0,1.0,0.0,0.0,14.37,73.52,1.0,1,0,0
26.0,1,19.22,17.0,0.0,8.0,0.0,1.0,1.0,16.06,59.98,1.0,1,0,0
32.0,0,23.09,6.0,7.0,8.0,1.0,0.0,0.0,19.01,84.48,1.0,0,1,0
57.0,0,15.54,1.0,3.0,6.0,0.0,0.0,0.0,10.54,13.86,1.0,0,1,0
35.0,0,26.58,15.0,7.0,5.0,1.0,1.0,1.0,13.47,80.71,1.0,0,1,0
59.0,1,15.74,13.0,1.0,1.0,1.0,0.0,1.0,1.76,14.12,1.0,0,1,0
37.0,1,27.74,6.0,11.0,6.0,1.0,0.0,1.0,17.98,58.49,1.0,0,1,0
23.0,0,6.69,13.0,11.0,0.0,1.0,0.0,0.0,8.28,27.09,1.0,0,1,0
29.0,0,26.64,4.0,3.0,5.0,1.0,0.0,0.0,33.48,24.0,1.0,0,0,1
19.0,0,12.63,1.0,14.0,5.0,1.0,1.0,1.0,16.77,49.87,1.0,1,0,0
24.0,1,25.15,10.0,1.0,5.0,1.0,1.0,0.0,12.71,75.73,1.0,1,0,0
33.0,1,20.48,4.0,4.0,1.0,0.0,0.0,1.0,17.44,64.52,1.0,0,1,0
20.0,1,6.1,13.0,9.0,3.0,0.0,0.0,0.0,3.09,98.86,1.0,0,1,0
20.0,0,27.62,4.0,9.0,1.0,0.0,1.0,1.0,27.83,11.91,1.0,0,0,1
44.0,1,8.12,16.0,13.0,3.0,1.0,0.0,0.0,11.44,72.18,1.0,0,1,0
57.0,0,8.08,9.0,7.0,2.0,1.0,0.0,1.0,7.34,5.55,1.0,0,1,0
55.0,1,24.61,4.0,10.0,1.0,0.0,1.0,0.0,33.81,35.75,1.0,0,1,0
50.0,0,4.07,8.0,6.0,1.0,0.0,1.0,1.0,5.89,34.35,1.0,1,0,0
45.0,0,7.44,4.0,10.0,2.0,1.0,1.0,0.0,5.49,25.62,1.0,0,1,0
18.0,1,15.74,9.0,14.0,9.0,1.0,1.0,1.0,7.96,53.24,1.0,0,1,0
25.0,0,25.08,11.0,4.0,3.0,1.0,1.0,0.0,31.09,24.36,1.0,1,0,0
54.0,0,5.28,5.0,10.0,6.0,0.0,1.0,1.0,5.7,36.76,1.0,0,1,0
49.0,0,16.88,9.0,6.0,3.0,1.0,1.0,1.0,14.3,85.95,1.0,0,1,0
54.0,1,21.63,8.0,4.0,6.0,0.0,1.0,0.0,18.77,32.37,1.0,0,1,0
21.0,0,25.96,4.0,6.0,5.0,0.0,0.0,1.0,15.08,98.6,1.0,1,0,0
47.0,1,28.13,1.0,3.0,2.0,0.0,1.0,0.0,38.57,27.6,1.0,0,1,0
23.0,1,23.75,13.0,3.0,7.0,0.0,1.0,1.0,17.62,90.3,1.0,0,1,0
39.0,0,19.93,5.0,9.0,2.0,1.0,0.0,0.0,11.9,43.13,1.0,1,0,0
49.0,1,13.57,10.0,3.0,7.0,0.0,1.0,1.0,17.36,90.75,1.0,1,0,0
26.0,0,4.25,16.0,10.0,1.0,1.0,1.0,0.0,4.19,42.68,1.0,1,0,0
29.0,1,21.58,8.0,7.0,2.0,0.0,1.0,1.0,27.25,77.04,1.0,0,1,0
28.0,0,29.79,12.0,0.0,3.0,0.0,0.0,1.0,41.76,40.0,1.0,0,0,1
33.0,1,22.37,3.0,9.0,2.0,0.0,1.0,0.0,19.73,49.5,1.0,0,0,1
18.0,0,1.48,4.0,4.0,5.0,0.0,0.0,0.0,0.82,5.15,1.0,0,1,0
38.0,0,15.39,17.0,11.0,8.0,1.0,0.0,1.0,11.59,59.9,1.0,1,0,0
47.0,0,18.82,13.0,9.0,9.0,1.0,0.0,1.0,10.37,31.59,1.0,0,1,0
30.0,0,21.0,6.0,1.0,7.0,1.0,0.0,0.0,13.63,99.63,1.0,0,1,0
51.0,1,21.87,3.0,9.0,3.0,1.0,0.0,0.0,29.5,81.06,1.0,1,0,0
21.0,1,17.19,14.0,3.0,1.0,0.0,0.0,0.0,24.78,7.96,1.0,0,1,0
45.0,0,7.48,7.0,4.0,9.0,1.0,1.0,1.0,8.8,19.83,1.0,0,1,0
55.0,1,28.32,3.0,7.0,0.0,1.0,1.0,0.0,34.89,61.61,1.0,0,1,0
48.0,0,21.2,6.0,1.0,3.0,0.0,0.0,0.0,26.11,30.04,1.0,0,1,0
44.0,0,7.87,13.0,1.0,4.0,0.0,1.0,0.0,4.91,21.29,1.0,0,1,0
22.0,1,10.35,14.0,1.0,1.0,0.0,1.0,1.0,5.66,35.57,1.0,0,0,1
42.0,1,27.74,15.0,13.0,2.0,1.0,1.0,0.0,33.24,10.62,1.0,0,1,0
20.0,0,26.74,16.0,7.0,3.0,1.0,1.0,0.0,14.37,55.45,1.0,0,1,0
39.0,1,15.74,1.0,11.0,2.0,0.0,1.0,0.0,16.72,28.3,1.0,0,1,0
21.0,0,2.11,15.0,13.0,7.0,1.0,1.0,0.0,2.3,86.7,1.0,0,1,0
42.0,1,2.41,7.0,2.0,1.0,0.0,1.0,1.0,1.48,3.28,1.0,1,0,0
37.0,1,9.23,9.0,4.0,8.0,0.0,0.0,1.0,10.7,35.09,1.0,1,0,0
51.0,1,19.24,15.0,1.0,5.0,1.0,1.0,0.0,21.29,54.96,1.0,0,1,0
43.0,1,17.94,14.0,5.0,0.0,1.0,1.0,0.0,15.72,23.52,1.0,1,0,0
22.0,1,19.38,19.0,9.0,7.0,1.0,0.0,1.0,25.54,5.74,1.0,0,1,0
52.0,0,21.8,18.0,5.0,9.0,0.0,0.0,1.0,17.54,7.25,1.0,0,1,0
45.0,1,1.55,9.0,7.0,5.0,0.0,0.0,1.0,1.36,15.93,1.0,1,0,0
46.0,1,4.05,1.0,14.0,3.0,0.0,1.0,1.0,4.85,27.19,1.0,1,0,0
26.0,0,11.43,12.0,3.0,5.0,0.0,0.0,1.0,14.31,70.57,1.0,0,1,0
55.0,0,5.49,10.0,10.0,1.0,1.0,0.0,1.0,4.25,47.46,1.0,0,1,0
23.0,0,3.18,7.0,1.0,0.0,0.0,0.0,0.0,1.64,3.29,1.0,0,1,0
36.0,1,19.59,14.0,13.0,5.0,0.0,0.0,0.0,13.25,15.5,1.0,0,1,0
28.0,1,24.64,1.0,9.0,7.0,1.0,1.0,0.0,18.81,36.79,1.0,0,1,0
19.0,0,22.83,15.0,3.0,4.0,0.0,1.0,0.0,32.08,41.98,1.0,1,0,0
26.0,0,24.69,1.0,12.0,7.0,1.0,1.0,1.0,34.41,6.31,1.0,0,1,0
38.0,0,20.31,13.0,12.0,2.0,1.0,0.0,0.0,23.57,12.11,1.0,1,0,0
41.0,0,22.33,2.0,10.0,5.0,1.0,1.0,1.0,27.0,26.22,1.0,0,1,0
51.0,1,8.88,3.0,6.0,0.0,0.0,1.0,1.0,9.96,83.67,1.0,0,1,0
39.0,1,29.8,4.0,4.0,2.0,1.0,1.0,1.0,38.12,20.92,1.0,0,1,0
20.0,1,6.31,16.0,9.0,3.0,0.0,1.0,0.0,5.37,22.68,1.0,0,1,0
29.0,1,7.22,12.0,3.0,4.0,1.0,1.0,1.0,7.56,49.45,1.0,1,0,0
45.0,1,9.38,4.0,14.0,2.0,1.0,1.0,0.0,10.98,89.15,1.0,0,1,0
39.0,0,29.28,12.0,9.0,7.0,1.0,1.0,1.0,28.36,52.82,1.0,0,1,0
43.0,1,29.66,7.0,9.0,4.0,0.0,0.0,0.0,37.75,7.94,1.0,1,0,0
38.0,0,24.05,3.0,2.0,6.0,1.0,0.0,1.0,34.45,18.64,1.0,1,0,0
45.0,0,19.24,5.0,12.0,4.0,1.0,1.0,0.0,22.39,85.58,1.0,0,1,0
43.0,0,16.08,12.0,12.0,7.0,0.0,1.0,1.0,9.24,87.68,1.0,0,1,0
50.0,1,29.15,10.0,12.0,0.0,1.0,0.0,1.0,32.36,79.55,1.0,1,0,0
38.0,0,21.17,7.0,5.0,2.0,1.0,1.0,0.0,25.33,54.18,1.0,0,0,1
52.0,1,28.4,12.0,1.0,2.0,1.0,1.0,1.0,22.24,43.92,1.0,1,0,0
51.0,0,10.18,2.0,3.0,9.0,0.0,1.0,0.0,8.37,26.82,1.0,0,1,0
58.0,1,10.68,14.0,11.0,9.0,1.0,0.0,0.0,11.7,54.78,1.0,0,0,1
35.0,0,25.79,16.0,7.0,2.0,0.0,0.0,1.0,31.13,68.28,1.0,0,1,0
28.0,1,5.35,7.0,1.0,5.0,0.0,0.0,0.0,7.34,59.93,1.0,0,1,0
40.0,0,28.43,4.0,8.0,8.0,0.0,1.0,0.0,35.89,22.56,1.0,1,0,0
39.0,0,15.72,5.0,1.0,5.0,1.0,0.0,0.0,9.97,90.31,1.0,0,1,0
34.0,0,27.87,14.0,7.0,4.0,1.0,1.0,1.0,23.64,39.04,1.0,0,1,0
22.0,0,10.77,9.0,7.0,0.0,0.0,0.0,1.0,6.99,88.49,1.0,0,1,0
28.0,1,21.76,5.0,6.0,1.0,0.0,0.0,0.0,27.35,39.74,1.0,0,1,0
47.0,1,15.0,2.0,13.0,0.0,0.0,0.0,0.0,11.5,3.85,1.0,1,0,0
32.0,1,19.18,5.0,14.0,5.0,1.0,0.0,1.0,11.96,73.8,1.0,1,0,0
44.0,0,15.63,3.0,12.0,2.0,1.0,0.0,1.0,9.32,92.01,1.0,0,1,0
52.0,0,29.05,10.0,9.0,4.0,1.0,1.0,0.0,17.85,25.48,1.0,0,1,0
50.0,0,21.07,8.0,5.0,5.0,0.0,1.0,1.0,15.74,54.25,1.0,0,0,1
37.0,0,8.29,10.0,0.0,4.0,0.0,1.0,0.0,10.63,80.76,1.0,1,0,0
33.0,0,27.38,2.0,1.0,5.0,0.0,1.0,0.0,20.2,32.11,1.0,0,1,0
51.0,0,9.53,14.0,6.0,1.0,1.0,1.0,1.0,7.45,28.62,1.0,0,0,1
19.0,1,11.78,4.0,12.0,1.0,1.0,0.0,0.0,16.26,41.11,1.0,1,0,0
52.0,1,3.96,12.0,10.0,1.0,1.0,0.0,0.0,3.73,55.06,1.0,0,1,0
57.0,1,27.1,14.0,3.0,9.0,0.0,1.0,1.0,27.34,55.25,1.0,0,1,0
45.0,1,9.3,16.0,8.0,3.0,1.0,1.0,1.0,4.68,48.64,1.0,0,1,0
56.0,1,8.51,5.0,2.0,3.0,1.0,1.0,1.0,4.95,82.03,1.0,1,0,0
23.0,1,27.69,16.0,3.0,2.0,0.0,1.0,0.0,34.35,15.29,1.0,0,1,0
26.0,1,24.36,4.0,2.0,7.0,1.0,0.0,1.0,20.3,8.52,1.0,0,1,0
37.0,1,5.09,3.0,6.0,3.0,1.0,0.0,0.0,3.31,16.86,1.0,0,1,0
18.0,0,23.31,1.0,1.0,7.0,1.0,1.0,0.0,21.65,70.4,1.0,0,0,1
25.0,0,27.48,4.0,9.0,2.0,1.0,1.0,0.0,14.98,14.52,1.0,0,1,0
40.0,0,3.28,9.0,11.0,1.0,0.0,0.0,0.0,3.97,32.28,1.0,0,0,1
20.0,0,24.93,1.0,11.0,7.0,0.0,0.0,1.0,14.46,87.97,1.0,0,0,1
21.0,0,16.88,16.0,1.0,5.0,0.0,1.0,1.0,9.37,14.02,1.0,0,1,0
42.0,0,20.41,3.0,1.0,1.0,0.0,0.0,0.0,18.77,52.82,1.0,0,1,0
55.0,0,15.29,6.0,13.0,6.0,1.0,1.0,0.0,16.62,50.6,1.0,0,1,0
32.0,1,21.24,13.0,11.0,9.0,0.0,0.0,1.0,26.85,3.4,1.0,0,0,1
38.0,1,1.99,17.0,3.0,6.0,0.0,1.0,0.0,1.14,11.54,1.0,0,1,0
52.0,0,23.12,15.0,7.0,3.0,0.0,0.0,0.0,19.3,95.04,1.0,0,1,0
31.0,1,1.97,10.0,7.0,7.0,0.0,1.0,0.0,1.51,96.1,1.0,0,1,0
53.0,1,14.2,8.0,7.0,2.0,1.0,1.0,0.0,17.66,87.47,1.0,0,1,0
29.0,1,5.38,16.0,7.0,8.0,0.0,1.0,0.0,4.68,43.19,1.0,0,0,1
34.0,1,24.88,3.0,6.0,4.0,1.0,0.0,1.0,28.06,59.29,1.0,1,0,0
56.0,1,10.1,4.0,5.0,2.0,1.0,1.0,1.0,9.99,82.42,1.0,1,0,0
26.0,0,14.17,7.0,11.0,8.0,1.0,1.0,1.0,15.16,67.61,1.0,0,1,0
52.0,1,13.43,15.0,6.0,1.0,0.0,1.0,1.0,11.63,89.51,1.0,0,1,0
30.0,0,23.4,11.0,12.0,1.0,1.0,1.0,0.0,17.3,31.57,1.0,0,0,1
32.0,0,14.95,16.0,14.0,2.0,0.0,0.0,1.0,8.37,62.42,1.0,0,1,0
35.0,0,23.88,14.0,7.0,8.0,0.0,0.0,0.0,16.08,56.7,1.0,0,0,1
50.0,1,3.13,13.0,4.0,9.0,1.0,1.0,0.0,2.11,98.46,1.0,0,1,0
23.0,0,6.56,9.0,7.0,2.0,1.0,1.0,1.0,9.41,87.81,1.0,0,1,0
44.0,0,16.99,18.0,1.0,4.0,1.0,1.0,1.0,24.42,16.52,1.0,1,0,0
40.0,0,28.47,3.0,4.0,8.0,1.0,0.0,1.0,21.52,5.89,1.0,0,0,1
44.0,0,15.74,5.0,6.0,9.0,1.0,1.0,1.0,1.92,44.64,1.0,0,0,1
51.0,1,2.25,2.0,8.0,5.0,1.0,1.0,0.0,1.76,54.55,1.0,0,1,0
55.0,0,5.54,17.0,9.0,5.0,0.0,0.0,0.0,7.18,78.99,1.0,0,1,0
31.0,0,19.59,16.0,0.0,0.0,0.0,1.0,0.0,26.85,15.97,1.0,0,1,0
53.0,0,12.57,13.0,10.0,1.0,1.0,0.0,1.0,12.58,91.99,1.0,1,0,0
25.0,0,24.94,11.0,8.0,8.0,0.0,0.0,0.0,25.94,57.16,1.0,1,0,0
52.0,1,3.09,8.0,2.0,7.0,0.0,0.0,1.0,2.96,84.27,1.0,0,1,0
36.0,0,6.7,5.0,0.0,1.0,0.0,1.0,1.0,4.57,83.65,1.0,0,0,1
47.0,0,9.7,2.0,6.0,4.0,0.0,1.0,1.0,5.33,95.19,1.0,1,0,0
31.0,0,19.18,4.0,14.0,4.0,0.0,0.0,0.0,21.51,65.87,1.0,1,0,0
37.0,0,20.87,3.0,2.0,5.0,1.0,1.0,0.0,27.1,78.38,1.0,0,1,0
42.0,0,4.6,2.0,7.0,3.0,1.0,0.0,0.0,5.75,82.05,1.0,0,1,0
57.0,0,28.37,3.0,10.0,8.0,0.0,0.0,1.0,39.73,46.81,1.0,0,0,1
41.0,1,10.89,16.0,1.0,4.0,0.0,1.0,0.0,14.31,43.23,1.0,0,1,0
31.0,0,21.68,9.0,14.0,3.0,1.0,0.0,0.0,17.07,94.66,1.0,1,0,0
43.0,1,16.2,6.0,3.0,8.0,1.0,1.0,1.0,9.99,6.7,1.0,0,0,1
55.0,1,7.46,15.0,11.0,1.0,0.0,0.0,0.0,6.94,95.29,1.0,1,0,0
40.0,0,25.54,5.0,1.0,1.0,1.0,0.0,0.0,21.67,57.85,1.0,0,1,0
39.0,1,24.73,9.0,10.0,2.0,1.0,1.0,1.0,30.38,29.47,1.0,0,1,0
36.0,0,12.49,6.0,3.0,9.0,0.0,0.0,0.0,7.09,55.72,1.0,0,1,0
20.0,1,18.07,3.0,11.0,3.0,0.0,1.0,0.0,26.08,63.78,1.0,0,1,0
59.0,0,8.48,13.0,0.0,9.0,1.0,1.0,0.0,12.36,11.08,1.0,0,1,0
36.0,1,21.01,15.0,12.0,8.0,0.0,0.0,0.0,12.36,66.99,1.0,0,1,0
39.0,1,9.96,11.0,9.0,4.0,0.0,1.0,0.0,9.3,90.26,1.0,0,1,0
45.0,0,25.48,16.0,4.0,1.0,0.0,0.0,1.0,35.65,97.13,1.0,0,1,0
37.0,1,7.3,15.0,2.0,2.0,0.0,0.0,0.0,5.02,59.98,1.0,0,1,0
24.0,1,1.43,6.0,8.0,7.0,1.0,1.0,0.0,1.7,32.7,1.0,0,1,0
31.0,1,8.79,14.0,3.0,5.0,0.0,0.0,0.0,10.65,56.35,1.0,0,1,0
26.0,1,6.54,11.0,5.0,4.0,1.0,0.0,0.0,4.8,0.28,1.0,1,0,0
36.0,1,15.74,10.0,8.0,3.0,0.0,0.0,1.0,7.97,91.92,1.0,0,1,0
31.0,0,6.91,16.0,1.0,3.0,0.0,0.0,0.0,8.05,78.46,1.0,0,1,0
55.0,1,23.13,12.0,6.0,7.0,0.0,0.0,1.0,25.84,16.64,1.0,1,0,0
53.0,1,8.0,7.0,2.0,5.0,0.0,0.0,1.0,9.2,60.94,1.0,1,0,0
57.0,0,21.5,7.0,0.0,4.0,0.0,0.0,1.0,14.11,2.06,1.0,0,1,0
34.0,0,17.78,18.0,8.0,4.0,0.0,1.0,0.0,19.62,21.6,1.0,1,0,0
47.0,0,15.74,15.0,8.0,5.0,0.0,0.0,0.0,30.83,17.0,1.0,0,0,1
26.0,1,30.0,6.0,11.0,2.0,0.0,1.0,0.0,28.58,15.61,1.0,1,0,0
50.0,1,26.22,19.0,10.0,6.0,1.0,1.0,1.0,33.48,55.21,1.0,0,1,0
42.0,1,23.04,8.0,3.0,0.0,1.0,1.0,1.0,20.47,96.44,1.0,1,0,0
31.0,1,12.21,15.0,8.0,4.0,1.0,0.0,1.0,10.42,13.03,1.0,0,1,0
39.0,0,22.85,4.0,6.0,5.0,1.0,1.0,1.0,23.79,87.28,1.0,0,1,0
52.0,0,28.74,18.0,3.0,1.0,1.0,0.0,1.0,41.51,8.23,1.0,0,0,1
58.0,1,1.68,13.0,11.0,1.0,0.0,1.0,0.0,1.42,8.28,1.0,0,1,0
31.0,1,16.6,1.0,1.0,8.0,0.0,1.0,1.0,15.69,62.81,1.0,0,1,0
47.0,1,7.32,8.0,12.0,1.0,0.0,0.0,1.0,5.61,57.45,1.0,0,1,0
58.0,1,17.18,19.0,4.0,2.0,0.0,1.0,1.0,20.27,34.42,1.0,0,0,1
21.0,0,14.53,17.0,7.0,0.0,1.0,1.0,1.0,12.56,53.34,1.0,0,1,0
21.0,0,17.7,10.0,9.0,8.0,1.0,0.0,1.0,21.11,75.49,1.0,0,1,0
45.0,1,16.98,1.0,9.0,0.0,1.0,0.0,0.0,10.96,77.33,1.0,0,1,0
25.0,0,28.84,1.0,5.0,3.0,1.0,0.0,0.0,22.03,1.2,1.0,0,1,0
19.0,1,17.01,5.0,11.0,6.0,0.0,0.0,1.0,12.01,7.81,1.0,0,1,0
58.0,1,25.54,10.0,13.0,1.0,0.0,1.0,0.0,32.62,0.34,1.0,1,0,0
39.0,0,10.27,13.0,11.0,7.0,0.0,0.0,1.0,6.05,1.56,1.0,0,1,0
58.0,1,13.7,9.0,10.0,7.0,1.0,0.0,0.0,10.3,83.96,1.0,1,0,0
33.0,0,14.64,16.0,4.0,2.0,1.0,1.0,1.0,14.75,8.36,1.0,0,1,0
46.0,1,9.08,8.0,3.0,3.0,0.0,1.0,1.0,5.34,71.1,1.0,0,1,0
47.0,0,12.01,14.0,10.0,6.0,0.0,1.0,1.0,6.14,98.0,1.0,0,0,1
29.0,1,18.36,17.0,14.0,4.0,0.0,0.0,0.0,21.87,82.09,1.0,0,1,0
52.0,0,17.83,4.0,5.0,4.0,1.0,0.0,1.0,19.86,6.64,1.0,1,0,0
28.0,1,19.46,7.0,12.0,1.0,1.0,1.0,0.0,9.89,89.39,1.0,1,0,0
38.0,1,11.2,17.0,10.0,5.0,0.0,1.0,1.0,6.14,95.82,1.0,0,1,0
38.0,0,10.16,16.0,2.0,3.0,1.0,0.0,1.0,7.31,70.64,1.0,0,0,1
22.0,1,18.74,14.0,1.0,4.0,0.0,0.0,0.0,26.35,61.63,1.0,1,0,0
37.0,0,4.85,16.0,0.0,4.0,0.0,0.0,1.0,5.59,60.18,1.0,0,1,0
54.0,0,8.34,2.0,8.0,1.0,0.0,1.0,0.0,10.88,82.03,1.0,1,0,0
20.0,1,2.22,15.0,0.0,7.0,1.0,1.0,1.0,2.8,55.35,1.0,0,1,0
50.0,1,3.11,11.0,10.0,0.0,1.0,1.0,0.0,4.61,33.38,1.0,0,1,0
26.0,1,8.06,13.0,3.0,1.0,1.0,0.0,0.0,11.69,97.04,1.0,0,0,1
26.0,1,1.57,4.0,5.0,6.0,1.0,0.0,1.0,0.89,4.85,1.0,1,0,0
21.0,0,8.12,1.0,8.0,6.0,1.0,1.0,1.0,4.24,66.53,1.0,1,0,0
52.0,1,19.99,10.0,3.0,1.0,0.0,1.0,1.0,19.93,58.56,1.0,1,0,0
34.0,1,2.77,12.0,6.0,0.0,0.0,0.0,1.0,2.14,63.91,1.0,1,0,0
51.0,1,13.67,9.0,6.0,9.0,1.0,1.0,0.0,13.73,64.22,1.0,0,0,1
41.0,0,27.48,7.0,12.0,0.0,1.0,0.0,0.0,16.23,12.35,1.0,0,1,0
49.0,1,23.95,3.0,13.0,0.0,0.0,0.0,0.0,33.74,13.35,1.0,0,1,0
39.0,0,9.86,16.0,5.0,5.0,1.0,0.0,0.0,12.56,6.74,1.0,0,1,0
25.0,1,27.82,4.0,8.0,9.0,1.0,0.0,0.0,29.27,93.84,1.0,1,0,0
40.0,0,10.56,14.0,10.0,6.0,1.0,1.0,1.0,10.19,60.99,1.0,0,1,0
57.0,1,3.1,13.0,9.0,1.0,1.0,0.0,1.0,3.0,7.71,1.0,0,1,0
29.0,1,29.83,19.0,6.0,5.0,0.0,1.0,0.0,33.3,43.37,1.0,0,1,0
29.0,0,26.23,2.0,2.0,3.0,1.0,1.0,1.0,27.42,35.93,1.0,0,0,1
32.0,1,14.51,10.0,5.0,8.0,0.0,0.0,0.0,14.25,14.82,1.0,1,0,0
58.0,1,20.32,19.0,6.0,7.0,1.0,1.0,0.0,23.96,82.2,1.0,0,1,0
36.0,1,20.47,15.0,11.0,7.0,1.0,1.0,1.0,25.89,77.56,1.0,0,1,0
43.0,0,6.64,7.0,6.0,1.0,0.0,1.0,0.0,7.59,46.41,1.0,0,1,0
46.0,1,6.8,15.0,12.0,4.0,0.0,1.0,1.0,6.06,52.25,1.0,0,1,0
39.0,0,14.62,17.0,5.0,1.0,1.0,1.0,1.0,13.37,43.64,1.0,0,1,0
57.0,0,27.44,16.0,2.0,5.0,0.0,0.0,0.0,16.42,55.1,1.0,0,0,1
38.0,0,1.29,17.0,5.0,7.0,0.0,1.0,0.0,1.18,73.26,1.0,0,0,1
55.0,1,23.69,16.0,1.0,4.0,0.0,0.0,0.0,14.3,87.6,1.0,0,1,0
37.0,0,2.67,18.0,14.0,3.0,1.0,1.0,1.0,1.51,59.23,1.0,0,1,0
46.0,0,14.87,17.0,9.0,4.0,1.0,0.0,0.0,10.04,12.58,1.0,0,1,0
21.0,1,19.5,4.0,12.0,7.0,1.0,1.0,0.0,26.18,77.21,1.0,0,1,0
24.0,0,20.92,2.0,0.0,9.0,1.0,1.0,1.0,22.34,37.23,1.0,0,1,0
45.0,0,2.7,17.0,7.0,6.0,0.0,1.0,1.0,3.16,62.99,1.0,0,1,0
45.0,1,13.14,17.0,2.0,5.0,1.0,0.0,1.0,10.8,19.86,1.0,0,1,0
21.0,1,17.93,2.0,13.0,1.0,1.0,0.0,1.0,17.73,16.34,1.0,1,0,0
39.0,0,2.92,2.0,7.0,9.0,1.0,1.0,1.0,3.68,5.27,1.0,0,1,0
29.0,1,4.92,15.0,2.0,4.0,0.0,0.0,1.0,6.77,31.45,1.0,1,0,0
20.0,1,20.25,16.0,1.0,9.0,0.0,0.0,0.0,29.85,59.71,1.0,0,1,0
39.0,1,16.13,11.0,11.0,8.0,1.0,1.0,1.0,21.79,31.88,1.0,0,0,1
19.0,0,5.69,2.0,7.0,8.0,0.0,0.0,1.0,3.23,24.09,1.0,0,0,1
41.0,0,16.52,8.0,2.0,8.0,0.0,1.0,0.0,13.93,99.49,1.0,0,1,0
39.0,1,27.47,12.0,14.0,2.0,1.0,0.0,1.0,34.31,99.88,1.0,0,1,0
44.0,0,1.45,14.0,7.0,8.0,0.0,0.0,0.0,1.33,60.49,1.0,0,1,0
58.0,1,19.64,14.0,1.0,8.0,0.0,0.0,0.0,18.39,32.36,1.0,0,1,0
18.0,1,3.14,12.0,3.0,4.0,1.0,0.0,0.0,4.06,86.16,1.0,0,1,0
39.0,1,1.19,2.0,8.0,5.0,1.0,1.0,0.0,1.59,73.68,1.0,0,1,0
40.0,1,5.37,14.0,14.0,6.0,0.0,0.0,1.0,6.93,61.59,1.0,0,1,0
55.0,1,13.26,12.0,0.0,9.0,1.0,0.0,1.0,11.33,90.83,1.0,0,1,0
23.0,0,24.27,9.0,1.0,9.0,0.0,1.0,1.0,17.67,44.53,1.0,0,1,0
39.0,0,9.17,8.0,14.0,9.0,0.0,1.0,1.0,7.87,25.55,1.0,0,0,1
42.0,0,19.14,16.0,1.0,5.0,1.0,1.0,1.0,22.99,96.7,1.0,0,1,0
35.0,0,12.92,10.0,8.0,4.0,0.0,1.0,0.0,11.17,86.02,1.0,1,0,0
34.0,1,7.8,7.0,9.0,0.0,0.0,0.0,1.0,4.33,91.21,1.0,0,1,0
29.0,1,15.91,15.0,7.0,3.0,0.0,0.0,1.0,20.7,49.5,1.0,0,1,0
23.0,0,24.13,9.0,4.0,7.0,1.0,0.0,1.0,13.6,38.26,1.0,0,1,0
43.0,0,25.14,4.0,10.0,7.0,0.0,1.0,1.0,37.61,86.08,1.0,0,1,0
44.0,1,25.55,6.0,12.0,5.0,0.0,1.0,0.0,34.79,88.93,1.0,0,1,0
25.0,1,10.82,12.0,3.0,2.0,0.0,0.0,0.0,15.76,54.76,1.0,0,1,0
36.0,1,24.01,15.0,9.0,7.0,1.0,1.0,0.0,32.01,62.53,1.0,0,1,0
59.0,0,7.15,19.0,9.0,6.0,1.0,1.0,0.0,4.3,57.75,1.0,1,0,0
18.0,1,22.41,2.0,14.0,8.0,1.0,0.0,0.0,20.59,1.6,1.0,0,1,0
46.0,1,28.5,19.0,3.0,2.0,0.0,0.0,0.0,40.13,53.55,1.0,1,0,0
52.0,0,1.4,2.0,6.0,5.0,1.0,1.0,0.0,0.83,3.78,1.0,0,1,0
57.0,0,13.77,15.0,2.0,0.0,1.0,1.0,1.0,11.09,45.11,1.0,1,0,0
31.0,0,19.79,12.0,8.0,7.0,0.0,0.0,1.0,19.14,4.57,1.0,0,1,0
52.0,1,21.35,1.0,4.0,1.0,1.0,0.0,1.0,20.28,45.54,1.0,1,0,0
37.0,1,6.11,14.0,10.0,4.0,0.0,1.0,0.0,8.82,30.47,1.0,0,0,1
30.0,0,29.19,4.0,8.0,5.0,0.0,0.0,1.0,26.13,77.39,1.0,0,0,1
55.0,1,18.84,11.0,0.0,3.0,0.0,0.0,1.0,13.92,47.91,1.0,0,1,0
25.0,1,5.77,7.0,9.0,8.0,0.0,1.0,0.0,5.45,49.5,1.0,1,0,0
37.0,1,1.6,13.0,11.0,2.0,0.0,1.0,1.0,1.43,90.37,1.0,0,1,0
50.0,0,23.71,14.0,13.0,1.0,1.0,1.0,1.0,26.63,48.23,1.0,0,0,1
43.0,0,3.31,7.0,7.0,2.0,0.0,0.0,0.0,4.95,15.64,1.0,0,1,0
56.0,1,5.09,11.0,1.0,4.0,0.0,1.0,0.0,5.35,11.26,1.0,0,1,0
38.0,1,17.67,11.0,14.0,0.0,0.0,1.0,0.0,17.0,30.58,1.0,0,1,0
59.0,1,18.5,9.0,7.0,9.0,0.0,1.0,1.0,20.24,26.54,1.0,0,1,0
58.0,1,20.92,4.0,7.0,3.0,0.0,1.0,0.0,30.96,81.85,1.0,1,0,0
26.0,0,12.41,2.0,3.0,0.0,0.0,1.0,1.0,13.96,75.89,1.0,0,0,1
41.0,0,23.44,2.0,1.0,8.0,1.0,0.0,1.0,14.6,5.86,1.0,1,0,0
54.0,1,29.26,9.0,12.0,2.0,1.0,1.0,1.0,41.34,20.1,1.0,1,0,0
58.0,1,8.86,19.0,1.0,1.0,1.0,1.0,1.0,9.66,44.88,1.0,1,0,0
34.0,0,21.39,15.0,12.0,4.0,1.0,0.0,1.0,14.08,8.72,1.0,0,1,0
41.0,1,27.93,18.0,5.0,0.0,0.0,1.0,1.0,20.4,16.62,1.0,0,1,0
38.0,0,20.9,16.0,2.0,9.0,1.0,0.0,0.0,12.97,90.84,1.0,0,1,0
56.0,1,20.75,2.0,10.0,6.0,1.0,0.0,1.0,30.31,54.12,1.0,0,1,0
58.0,0,7.49,12.0,13.0,8.0,0.0,1.0,1.0,4.28,79.66,1.0,0,1,0
56.0,1,16.52,1.0,13.0,0.0,1.0,1.0,1.0,20.89,33.05,1.0,0,1,0
30.0,1,17.31,2.0,9.0,7.0,0.0,0.0,0.0,14.5,37.48,1.0,0,1,0
28.0,0,21.3,14.0,2.0,7.0,0.0,1.0,1.0,12.38,85.84,1.0,0,1,0
36.0,0,29.91,7.0,8.0,6.0,0.0,1.0,0.0,27.93,65.72,1.0,0,0,1
28.0,1,1.98,17.0,4.0,9.0,0.0,1.0,0.0,0.99,67.84,1.0,0,1,0
30.0,1,2.89,15.0,13.0,3.0,1.0,1.0,0.0,3.81,63.89,1.0,0,1,0
18.0,0,3.26,17.0,6.0,6.0,0.0,1.0,1.0,3.4,54.11,1.0,0,1,0
57.0,0,22.55,9.0,11.0,1.0,1.0,0.0,1.0,21.46,99.11,1.0,0,1,0
36.0,1,4.95,10.0,4.0,5.0,1.0,0.0,0.0,6.58,89.42,1.0,0,1,0
29.0,1,19.05,2.0,1.0,4.0,0.0,0.0,0.0,19.42,71.09,1.0,0,1,0
25.0,0,10.42,15.0,10.0,4.0,1.0,0.0,0.0,11.41,67.82,1.0,0,1,0
25.0,0,14.26,11.0,10.0,7.0,0.0,0.0,0.0,18.75,8.43,1.0,0,1,0
29.0,0,7.25,19.0,7.0,0.0,0.0,0.0,1.0,8.85,48.52,1.0,0,1,0
50.0,0,26.12,14.0,8.0,7.0,0.0,1.0,0.0,30.27,49.6,1.0,0,1,0
43.0,0,18.0,4.0,10.0,3.0,1.0,1.0,1.0,21.67,5.19,1.0,1,0,0
56.0,1,28.39,11.0,1.0,9.0,0.0,0.0,0.0,21.66,75.56,1.0,0,1,0
45.0,1,17.66,16.0,1.0,5.0,1.0,0.0,0.0,10.9,0.2,1.0,0,1,0
22.0,0,4.59,2.0,3.0,5.0,1.0,1.0,1.0,5.15,42.52,1.0,0,1,0
25.0,1,5.96,2.0,12.0,5.0,0.0,1.0,0.0,4.32,90.33,1.0,1,0,0
42.0,1,29.68,9.0,14.0,7.0,0.0,1.0,0.0,16.25,34.04,1.0,0,1,0
44.0,0,22.04,4.0,7.0,3.0,1.0,0.0,1.0,16.63,58.26,1.0,1,0,0
40.0,1,2.43,8.0,4.0,8.0,1.0,0.0,1.0,2.97,30.8,1.0,1,0,0
47.0,1,21.41,18.0,4.0,6.0,0.0,1.0,1.0,25.87,17.9,1.0,0,1,0
40.0,1,12.95,15.0,6.0,3.0,0.0,1.0,0.0,18.17,73.0,1.0,0,1,0
37.0,0,9.91,2.0,11.0,0.0,0.0,0.0,1.0,11.65,20.46,1.0,0,1,0
35.0,0,5.47,11.0,3.0,8.0,0.0,1.0,1.0,5.14,7.22,1.0,0,1,0
35.0,1,25.36,17.0,11.0,9.0,0.0,1.0,1.0,19.29,43.51,1.0,0,1,0
19.0,1,2.85,7.0,8.0,5.0,1.0,1.0,0.0,3.59,70.89,1.0,0,1,0
21.0,1,9.41,8.0,3.0,5.0,1.0,0.0,1.0,8.58,58.0,1.0,0,1,0
47.0,1,9.89,10.0,7.0,0.0,1.0,1.0,0.0,13.01,24.44,1.0,0,1,0
50.0,1,5.67,3.0,2.0,4.0,0.0,0.0,1.0,7.66,81.78,1.0,1,0,0
53.0,1,15.74,13.0,5.0,3.0,0.0,1.0,0.0,13.4,9.71,1.0,0,1,0
35.0,0,1.34,17.0,0.0,0.0,0.0,1.0,0.0,1.13,67.03,1.0,0,1,0
54.0,1,9.73,13.0,6.0,6.0,0.0,1.0,1.0,13.75,60.67,1.0,0,0,1
36.0,1,28.08,19.0,10.0,3.0,1.0,1.0,0.0,25.2,89.89,1.0,0,0,1
45.0,0,10.01,9.0,6.0,2.0,1.0,0.0,1.0,12.08,52.69,1.0,1,0,0
57.0,1,11.45,16.0,12.0,1.0,1.0,1.0,0.0,10.05,81.9,1.0,0,1,0
37.0,1,14.72,5.0,1.0,7.0,1.0,1.0,0.0,18.12,21.53,1.0,0,1,0
50.0,1,17.29,9.0,4.0,4.0,0.0,1.0,0.0,11.65,54.53,1.0,0,1,0
29.0,1,24.45,9.0,3.0,9.0,1.0,0.0,0.0,32.66,49.5,1.0,0,1,0
32.0,0,6.52,6.0,9.0,8.0,0.0,1.0,0.0,9.67,29.53,1.0,1,0,0
58.0,1,26.28,10.0,12.0,4.0,1.0,0.0,0.0,33.26,0.51,1.0,0,1,0
56.0,1,22.97,18.0,8.0,9.0,1.0,1.0,1.0,19.73,74.42,1.0,0,1,0
19.0,1,21.96,11.0,11.0,0.0,0.0,0.0,1.0,23.17,39.67,1.0,0,1,0
46.0,1,3.52,15.0,12.0,9.0,0.0,0.0,1.0,4.12,30.01,1.0,0,1,0
58.0,0,1.63,7.0,1.0,4.0,0.0,0.0,0.0,1.13,19.41,1.0,0,1,0
27.0,1,18.23,14.0,2.0,4.0,0.0,0.0,0.0,14.27,85.17,1.0,0,1,0
19.0,0,26.03,8.0,12.0,7.0,1.0,0.0,1.0,33.89,33.39,1.0,0,1,0
28.0,0,17.95,19.0,0.0,5.0,0.0,0.0,0.0,25.94,20.4,1.0,1,0,0
30.0,0,7.18,15.0,9.0,4.0,1.0,1.0,1.0,5.54,52.35,1.0,0,1,0
27.0,1,3.63,19.0,4.0,7.0,1.0,0.0,1.0,2.35,78.18,1.0,0,0,1
31.0,1,21.29,18.0,2.0,0.0,1.0,0.0,1.0,31.54,60.25,1.0,1,0,0
35.0,1,21.93,17.0,11.0,4.0,1.0,1.0,0.0,17.98,96.02,1.0,1,0,0
26.0,1,6.0,3.0,3.0,2.0,0.0,0.0,1.0,14.3,95.68,1.0,0,1,0
56.0,0,1.82,3.0,14.0,4.0,0.0,0.0,0.0,1.6,90.24,1.0,1,0,0
45.0,1,12.84,7.0,3.0,2.0,1.0,1.0,1.0,18.61,56.52,1.0,1,0,0
20.0,1,17.9,10.0,5.0,3.0,1.0,1.0,0.0,19.68,76.83,1.0,0,1,0
37.0,0,21.47,17.0,9.0,8.0,0.0,1.0,0.0,19.65,28.85,1.0,0,1,0
23.0,0,24.49,15.0,6.0,1.0,0.0,1.0,1.0,16.61,57.54,1.0,0,0,1
44.0,1,18.71,8.0,6.0,9.0,1.0,0.0,0.0,14.14,6.65,1.0,0,1,0
19.0,0,15.74,17.0,14.0,0.0,1.0,0.0,0.0,5.73,26.34,1.0,0,1,0
46.0,0,20.79,3.0,13.0,3.0,1.0,0.0,1.0,11.58,32.53,1.0,0,1,0
55.0,0,29.54,4.0,14.0,7.0,0.0,1.0,1.0,19.4,36.12,1.0,1,0,0
20.0,0,27.26,8.0,10.0,4.0,0.0,1.0,1.0,18.88,16.1,1.0,1,0,0
33.0,0,26.28,13.0,7.0,8.0,1.0,1.0,0.0,14.3,8.33,1.0,0,1,0
47.0,1,9.76,1.0,2.0,9.0,1.0,1.0,1.0,11.57,57.84,1.0,0,1,0
57.0,1,22.77,18.0,4.0,2.0,1.0,0.0,0.0,33.73,49.13,1.0,0,0,1
19.0,1,25.68,11.0,11.0,8.0,1.0,1.0,1.0,16.41,58.45,1.0,1,0,0
34.0,1,20.67,6.0,9.0,0.0,1.0,1.0,1.0,26.85,12.93,1.0,1,0,0
58.0,1,8.27,16.0,5.0,1.0,1.0,0.0,1.0,5.59,94.77,1.0,0,1,0
29.0,1,28.66,19.0,13.0,8.0,0.0,1.0,1.0,42.24,41.34,1.0,0,1,0
52.0,1,14.07,17.0,11.0,8.0,0.0,1.0,0.0,14.17,44.95,1.0,0,1,0
18.0,0,4.76,18.0,5.0,9.0,0.0,0.0,0.0,6.41,54.7,1.0,1,0,0
32.0,1,4.18,11.0,11.0,4.0,0.0,1.0,0.0,2.8,69.01,1.0,0,1,0
43.0,1,19.78,14.0,7.0,9.0,0.0,1.0,1.0,27.4,38.49,1.0,0,1,0
54.0,1,13.69,12.0,12.0,3.0,1.0,0.0,0.0,7.96,14.32,1.0,0,1,0
38.0,0,3.74,7.0,4.0,8.0,0.0,1.0,0.0,1.96,78.31,1.0,0,1,0
48.0,1,22.47,17.0,4.0,9.0,1.0,1.0,0.0,27.17,26.06,1.0,1,0,0
42.0,1,24.18,5.0,0.0,1.0,0.0,1.0,0.0,14.67,44.29,1.0,0,1,0
40.0,0,22.04,14.0,0.0,2.0,1.0,0.0,0.0,30.1,63.23,1.0,1,0,0
41.0,1,6.87,13.0,5.0,7.0,1.0,1.0,1.0,7.7,96.54,1.0,0,0,1
55.0,1,21.0,12.0,9.0,0.0,1.0,0.0,0.0,17.45,3.36,1.0,0,1,0
45.0,0,15.74,14.0,9.0,1.0,1.0,0.0,0.0,1.02,51.89,1.0,1,0,0
38.0,1,9.85,9.0,4.0,4.0,0.0,1.0,1.0,5.73,93.61,1.0,0,0,1
35.0,0,12.57,4.0,10.0,5.0,0.0,1.0,0.0,14.92,25.51,1.0,0,0,1
53.0,1,25.22,19.0,9.0,9.0,0.0,1.0,1.0,35.74,11.23,1.0,0,1,0
52.0,1,12.32,1.0,5.0,8.0,1.0,1.0,0.0,15.48,59.68,1.0,0,1,0
26.0,1,1.33,13.0,14.0,2.0,1.0,0.0,0.0,1.49,15.22,1.0,0,1,0
55.0,0,11.22,6.0,8.0,3.0,0.0,0.0,0.0,6.94,87.89,1.0,1,0,0
47.0,0,15.47,1.0,7.0,9.0,1.0,1.0,1.0,20.54,72.32,1.0,1,0,0
51.0,0,28.52,17.0,6.0,0.0,0.0,0.0,0.0,41.79,12.1,1.0,1,0,0
49.0,1,28.29,3.0,6.0,0.0,1.0,1.0,1.0,21.58,57.74,1.0,0,1,0
20.0,1,6.25,17.0,5.0,0.0,1.0,1.0,1.0,5.75,2.71,1.0,0,1,0
20.0,0,6.37,2.0,7.0,3.0,1.0,0.0,0.0,3.27,84.52,1.0,0,1,0
45.0,0,5.74,7.0,0.0,8.0,1.0,1.0,0.0,7.65,20.54,1.0,0,1,0
32.0,1,23.88,1.0,11.0,7.0,0.0,1.0,0.0,12.44,73.18,1.0,1,0,0
58.0,1,1.17,15.0,6.0,3.0,1.0,0.0,1.0,1.15,10.63,1.0,0,1,0
40.0,1,4.69,4.0,4.0,7.0,0.0,1.0,0.0,5.05,47.24,1.0,0,1,0
57.0,1,16.6,6.0,6.0,6.0,1.0,1.0,1.0,9.22,92.92,1.0,0,1,0
28.0,0,8.18,13.0,5.0,5.0,0.0,0.0,1.0,5.53,7.45,1.0,0,1,0
49.0,1,3.68,13.0,7.0,9.0,0.0,1.0,0.0,4.75,29.54,1.0,0,1,0
53.0,1,11.44,1.0,2.0,1.0,0.0,1.0,1.0,8.61,78.26,1.0,0,1,0
50.0,1,8.95,2.0,7.0,2.0,1.0,1.0,1.0,10.96,46.34,1.0,0,1,0
41.0,1,15.82,6.0,12.0,3.0,0.0,1.0,0.0,19.76,65.03,1.0,0,1,0
56.0,1,29.4,11.0,6.0,6.0,0.0,1.0,0.0,26.68,81.2,1.0,0,1,0
51.0,1,4.6,18.0,0.0,7.0,1.0,1.0,1.0,2.59,78.41,1.0,1,0,0
45.0,1,11.81,13.0,2.0,7.0,0.0,0.0,0.0,6.03,39.54,1.0,0,1,0
54.0,0,28.03,12.0,9.0,3.0,1.0,1.0,1.0,27.82,43.06,1.0,1,0,0
24.0,0,26.43,7.0,3.0,8.0,0.0,1.0,1.0,15.1,57.11,1.0,1,0,0
21.0,0,12.43,7.0,13.0,7.0,0.0,1.0,1.0,15.25,12.28,1.0,0,1,0
54.0,1,21.27,7.0,8.0,4.0,0.0,0.0,1.0,18.74,86.95,1.0,0,0,1
18.0,0,3.55,2.0,11.0,2.0,1.0,0.0,1.0,4.2,9.35,1.0,0,1,0
18.0,1,21.66,11.0,5.0,1.0,0.0,1.0,0.0,19.67,18.48,1.0,1,0,0
37.0,1,29.21,1.0,14.0,8.0,0.0,1.0,0.0,32.96,94.48,1.0,0,0,1
36.0,1,16.59,13.0,6.0,0.0,1.0,1.0,1.0,22.11,28.18,1.0,1,0,0
46.0,1,15.46,12.0,13.0,6.0,1.0,0.0,0.0,21.4,24.42,1.0,0,1,0
27.0,0,6.43,13.0,4.0,6.0,1.0,0.0,0.0,3.32,42.53,1.0,0,1,0
35.0,1,19.38,7.0,2.0,0.0,1.0,0.0,0.0,22.2,72.43,1.0,0,1,0
45.0,1,18.12,12.0,4.0,6.0,1.0,0.0,0.0,19.28,36.62,1.0,1,0,0
52.0,0,19.91,17.0,11.0,0.0,1.0,1.0,1.0,22.64,87.47,1.0,1,0,0
48.0,0,1.76,8.0,6.0,1.0,1.0,1.0,1.0,0.98,14.94,1.0,0,1,0
44.0,0,16.91,3.0,8.0,8.0,0.0,1.0,0.0,9.64,11.79,1.0,0,1,0
28.0,1,18.25,7.0,11.0,7.0,0.0,0.0,1.0,18.19,7.74,1.0,1,0,0
55.0,0,7.02,19.0,8.0,8.0,0.0,0.0,1.0,3.91,29.84,1.0,0,1,0
22.0,1,7.04,8.0,14.0,8.0,1.0,0.0,1.0,8.99,19.96,1.0,1,0,0
25.0,1,9.01,14.0,14.0,3.0,0.0,1.0,1.0,11.47,46.13,1.0,1,0,0
51.0,0,21.64,14.0,11.0,4.0,1.0,0.0,1.0,13.36,99.57,1.0,0,1,0
29.0,0,18.58,2.0,7.0,9.0,0.0,1.0,0.0,17.74,86.85,1.0,1,0,0
55.0,0,25.53,6.0,4.0,6.0,0.0,0.0,1.0,27.95,89.5,1.0,0,1,0
18.0,1,9.57,16.0,6.0,5.0,1.0,0.0,1.0,13.01,83.07,1.0,0,1,0
48.0,1,27.45,9.0,3.0,8.0,0.0,1.0,1.0,40.86,27.17,1.0,0,0,1
21.0,1,22.57,15.0,9.0,1.0,1.0,0.0,0.0,11.67,22.63,1.0,1,0,0
22.0,1,12.46,19.0,14.0,7.0,0.0,1.0,0.0,12.17,73.21,1.0,0,1,0
47.0,1,3.76,15.0,4.0,1.0,1.0,0.0,1.0,4.9,59.9,1.0,0,1,0
41.0,1,8.45,12.0,11.0,1.0,1.0,0.0,1.0,10.95,20.61,1.0,0,1,0
20.0,0,28.75,9.0,3.0,2.0,1.0,1.0,0.0,29.95,96.73,1.0,0,1,0
28.0,1,10.0,16.0,2.0,3.0,1.0,0.0,1.0,6.82,42.42,1.0,0,1,0
21.0,0,10.57,6.0,14.0,5.0,0.0,0.0,0.0,11.19,81.44,1.0,0,1,0
43.0,0,6.5,15.0,12.0,5.0,1.0,1.0,1.0,5.8,7.38,1.0,0,1,0
44.0,0,24.4,13.0,10.0,1.0,0.0,0.0,1.0,22.18,3.52,1.0,0,1,0
44.0,0,8.99,10.0,12.0,5.0,0.0,1.0,1.0,7.45,45.58,1.0,0,1,0
59.0,0,10.58,14.0,0.0,7.0,0.0,1.0,1.0,6.82,11.94,1.0,0,0,1
23.0,1,13.02,3.0,12.0,4.0,1.0,1.0,0.0,16.12,97.93,1.0,1,0,0
32.0,1,13.58,12.0,4.0,0.0,1.0,0.0,1.0,16.41,81.2,1.0,0,1,0
47.0,1,12.93,1.0,11.0,7.0,1.0,1.0,0.0,13.48,45.41,1.0,0,1,0
59.0,1,15.61,16.0,1.0,5.0,1.0,0.0,0.0,13.34,97.95,1.0,0,1,0
54.0,1,24.62,10.0,5.0,1.0,0.0,1.0,0.0,32.56,23.83,1.0,0,1,0
54.0,0,24.76,9.0,4.0,6.0,1.0,1.0,0.0,16.34,67.9,1.0,0,1,0
59.0,0,24.15,18.0,10.0,7.0,1.0,0.0,0.0,22.57,1.75,1.0,1,0,0
54.0,1,3.93,1.0,1.0,1.0,0.0,1.0,1.0,4.53,37.23,1.0,1,0,0
52.0,1,24.19,10.0,7.0,0.0,0.0,1.0,0.0,31.97,7.93,1.0,1,0,0
40.0,1,4.49,7.0,4.0,5.0,1.0,1.0,0.0,5.16,36.74,1.0,0,1,0
23.0,1,4.62,10.0,1.0,5.0,1.0,0.0,1.0,2.85,38.06,1.0,0,0,1
21.0,0,28.49,12.0,0.0,7.0,1.0,1.0,0.0,17.13,37.52,1.0,0,0,1
35.0,0,24.76,11.0,1.0,6.0,1.0,0.0,0.0,13.63,41.44,1.0,0,1,0
26.0,1,17.02,9.0,0.0,7.0,0.0,0.0,1.0,18.04,61.69,1.0,0,1,0
46.0,1,26.37,5.0,9.0,9.0,1.0,0.0,0.0,19.59,18.94,1.0,0,1,0
30.0,0,29.69,4.0,9.0,9.0,0.0,0.0,0.0,19.58,23.44,1.0,0,1,0
34.0,0,18.71,13.0,2.0,4.0,0.0,0.0,1.0,10.94,64.54,1.0,1,0,0
49.0,0,18.77,8.0,13.0,1.0,0.0,1.0,0.0,21.43,46.62,1.0,0,1,0
39.0,0,22.88,16.0,2.0,4.0,1.0,1.0,0.0,28.68,16.19,1.0,0,1,0
21.0,1,7.73,1.0,11.0,1.0,1.0,1.0,1.0,10.5,78.72,1.0,0,1,0
22.0,0,5.85,17.0,9.0,8.0,1.0,0.0,1.0,6.41,93.09,1.0,0,1,0
54.0,0,23.03,15.0,0.0,4.0,0.0,1.0,0.0,19.67,46.53,1.0,1,0,0
58.0,0,11.0,15.0,6.0,0.0,1.0,1.0,1.0,10.67,61.4,1.0,0,1,0
30.0,0,4.92,18.0,9.0,8.0,1.0,1.0,0.0,5.59,81.53,1.0,1,0,0
51.0,1,10.13,6.0,6.0,9.0,0.0,0.0,0.0,12.29,96.38,1.0,0,1,0
39.0,1,11.4,2.0,12.0,4.0,0.0,1.0,1.0,13.05,96.91,1.0,0,1,0
40.0,1,28.99,5.0,8.0,0.0,0.0,1.0,0.0,42.38,92.28,1.0,0,1,0
20.0,1,21.24,19.0,4.0,8.0,1.0,0.0,1.0,26.55,81.6,1.0,1,0,0
39.0,1,16.39,7.0,3.0,8.0,0.0,1.0,1.0,20.5,42.58,1.0,0,1,0
51.0,1,29.1,9.0,4.0,9.0,0.0,1.0,1.0,38.41,66.96,1.0,0,1,0
49.0,0,27.19,2.0,7.0,9.0,0.0,0.0,1.0,26.11,76.34,1.0,0,1,0
38.0,0,15.85,7.0,7.0,8.0,1.0,0.0,1.0,12.11,9.19,1.0,0,1,0
38.0,0,27.26,14.0,11.0,5.0,1.0,0.0,0.0,35.88,11.64,1.0,0,0,1
28.0,0,12.72,15.0,3.0,9.0,0.0,0.0,0.0,12.26,70.54,1.0,0,1,0
56.0,1,7.68,12.0,11.0,9.0,0.0,1.0,0.0,8.5,66.69,1.0,0,1,0
21.0,0,7.75,4.0,7.0,1.0,1.0,0.0,1.0,7.2,80.39,1.0,0,1,0
18.0,1,20.21,13.0,12.0,6.0,1.0,1.0,1.0,18.11,18.46,1.0,1,0,0
45.0,0,15.53,9.0,3.0,1.0,1.0,0.0,1.0,18.19,93.67,1.0,0,1,0
41.0,0,20.11,12.0,3.0,3.0,0.0,0.0,1.0,23.44,23.84,1.0,1,0,0
52.0,0,20.9,10.0,7.0,3.0,1.0,0.0,1.0,16.91,13.51,1.0,1,0,0
30.0,1,1.65,9.0,14.0,9.0,0.0,1.0,0.0,1.14,32.43,1.0,0,1,0
51.0,0,2.57,7.0,7.0,6.0,1.0,1.0,1.0,1.62,80.86,1.0,0,1,0
28.0,1,16.45,12.0,13.0,5.0,1.0,1.0,1.0,10.1,2.82,1.0,0,1,0
53.0,1,15.74,16.0,1.0,9.0,0.0,1.0,1.0,8.62,22.68,1.0,0,1,0
34.0,0,19.34,15.0,3.0,6.0,1.0,0.0,0.0,15.2,95.56,1.0,0,1,0
52.0,1,17.01,7.0,0.0,5.0,0.0,0.0,0.0,20.05,1.7,1.0,0,1,0
35.0,1,17.99,8.0,0.0,0.0,1.0,0.0,0.0,14.3,27.83,1.0,1,0,0
57.0,0,9.77,7.0,10.0,3.0,0.0,1.0,1.0,11.4,32.58,1.0,0,1,0
39.0,0,19.56,11.0,12.0,2.0,1.0,1.0,1.0,29.03,92.39,1.0,0,1,0
41.0,0,25.06,4.0,12.0,6.0,0.0,0.0,1.0,14.18,85.12,1.0,0,1,0
36.0,0,29.94,18.0,12.0,6.0,0.0,0.0,0.0,34.54,46.01,1.0,0,1,0
54.0,0,25.31,19.0,7.0,3.0,0.0,1.0,1.0,19.81,31.76,1.0,0,1,0
56.0,0,17.17,7.0,3.0,6.0,0.0,1.0,1.0,10.01,94.44,1.0,0,1,0
38.0,1,6.61,13.0,13.0,3.0,0.0,0.0,0.0,3.83,18.83,1.0,0,0,1
25.0,0,20.76,9.0,14.0,8.0,0.0,0.0,0.0,18.1,47.68,1.0,0,1,0
45.0,0,28.19,18.0,5.0,2.0,1.0,0.0,0.0,29.33,41.84,1.0,1,0,0
22.0,1,7.14,7.0,4.0,9.0,1.0,1.0,0.0,8.19,49.5,1.0,1,0,0
34.0,0,8.42,16.0,12.0,1.0,0.0,1.0,0.0,8.99,75.58,1.0,0,1,0
54.0,1,5.32,5.0,9.0,4.0,0.0,0.0,0.0,7.44,46.34,1.0,1,0,0
53.0,0,22.36,7.0,5.0,8.0,1.0,0.0,0.0,14.61,60.71,1.0,0,1,0
36.0,0,12.79,6.0,3.0,2.0,0.0,0.0,0.0,17.0,90.75,1.0,0,0,1
44.0,1,2.82,2.0,3.0,0.0,1.0,1.0,1.0,2.9,83.12,1.0,1,0,0
51.0,0,26.37,7.0,6.0,8.0,1.0,1.0,0.0,35.88,61.55,1.0,0,1,0
28.0,1,15.74,9.0,0.0,4.0,0.0,0.0,1.0,15.91,91.53,1.0,0,1,0
29.0,0,10.6,10.0,8.0,1.0,0.0,0.0,0.0,10.41,38.03,1.0,0,1,0
38.0,0,10.98,17.0,9.0,5.0,0.0,0.0,1.0,10.13,73.32,1.0,0,1,0
28.0,1,9.42,17.0,2.0,2.0,0.0,1.0,1.0,5.62,1.61,1.0,0,1,0
56.0,0,14.21,15.0,3.0,8.0,1.0,1.0,1.0,9.17,58.3,1.0,0,1,0
45.0,0,10.77,18.0,14.0,2.0,1.0,1.0,1.0,10.96,13.7,1.0,1,0,0
22.0,1,16.89,15.0,8.0,1.0,0.0,1.0,0.0,17.45,52.43,1.0,0,1,0
34.0,0,23.43,11.0,4.0,2.0,0.0,0.0,0.0,22.68,24.65,1.0,1,0,0
37.0,1,20.56,12.0,11.0,5.0,1.0,0.0,1.0,10.54,38.07,1.0,1,0,0
58.0,0,9.54,17.0,3.0,2.0,0.0,1.0,1.0,9.59,79.22,1.0,0,1,0
29.0,1,16.33,12.0,11.0,5.0,1.0,1.0,1.0,10.35,5.86,1.0,1,0,0
23.0,0,25.36,7.0,5.0,8.0,0.0,1.0,0.0,27.04,53.74,1.0,0,1,0
34.0,1,2.98,7.0,0.0,8.0,1.0,0.0,0.0,2.35,14.49,1.0,0,1,0
36.0,1,3.27,10.0,9.0,1.0,1.0,1.0,1.0,4.88,57.32,1.0,1,0,0
43.0,0,17.13,16.0,0.0,6.0,1.0,0.0,1.0,14.72,63.36,1.0,0,1,0
49.0,0,19.53,11.0,4.0,1.0,1.0,0.0,0.0,25.8,18.21,1.0,0,1,0
23.0,1,7.13,16.0,4.0,0.0,0.0,0.0,0.0,5.32,0.6,1.0,1,0,0
53.0,0,22.61,2.0,10.0,4.0,0.0,1.0,1.0,15.59,8.55,1.0,0,0,1
55.0,1,19.74,2.0,8.0,7.0,1.0,1.0,0.0,14.23,68.96,1.0,1,0,0
28.0,0,27.78,18.0,0.0,2.0,1.0,1.0,0.0,23.14,38.01,1.0,1,0,0
50.0,0,5.9,5.0,2.0,6.0,1.0,1.0,0.0,7.96,37.29,1.0,0,1,0
41.0,1,22.79,14.0,2.0,5.0,0.0,0.0,1.0,28.81,69.19,1.0,0,1,0
40.0,1,3.43,8.0,3.0,0.0,0.0,0.0,1.0,3.21,49.71,1.0,1,0,0
39.0,0,17.39,6.0,11.0,6.0,0.0,1.0,0.0,11.97,63.71,1.0,0,1,0
44.0,0,17.0,9.0,12.0,2.0,0.0,0.0,1.0,9.33,91.93,1.0,0,1,0
28.0,0,12.26,6.0,6.0,3.0,0.0,0.0,0.0,13.71,50.69,1.0,0,1,0
34.0,0,25.49,17.0,14.0,9.0,1.0,1.0,1.0,30.76,63.8,1.0,1,0,0
31.0,0,1.13,8.0,6.0,1.0,1.0,1.0,0.0,14.3,49.5,1.0,0,1,0
44.0,1,16.09,3.0,14.0,0.0,0.0,0.0,1.0,16.11,53.47,1.0,1,0,0
35.0,0,7.3,12.0,9.0,4.0,0.0,1.0,1.0,10.75,66.44,1.0,0,1,0
45.0,0,22.56,13.0,4.0,5.0,0.0,0.0,1.0,11.84,49.5,1.0,0,1,0
21.0,1,2.25,18.0,13.0,1.0,1.0,1.0,0.0,3.35,80.78,1.0,0,1,0
24.0,1,25.12,11.0,8.0,9.0,1.0,0.0,0.0,19.5,5.73,1.0,0,1,0
52.0,1,25.3,2.0,6.0,5.0,1.0,1.0,1.0,22.34,95.18,1.0,1,0,0
26.0,0,25.15,14.0,1.0,5.0,0.0,0.0,0.0,14.3,84.72,1.0,0,1,0
25.0,1,5.42,1.0,11.0,7.0,1.0,1.0,0.0,3.94,97.06,1.0,0,1,0
34.0,1,19.28,15.0,2.0,7.0,1.0,1.0,1.0,23.33,19.41,1.0,0,1,0
34.0,1,1.42,18.0,10.0,5.0,0.0,1.0,0.0,1.18,53.64,1.0,0,1,0
50.0,1,25.59,18.0,6.0,6.0,1.0,0.0,1.0,36.86,43.99,1.0,0,1,0
49.0,0,21.97,17.0,4.0,3.0,0.0,1.0,0.0,14.76,37.7,1.0,0,1,0
25.0,0,16.4,1.0,6.0,4.0,1.0,1.0,1.0,23.48,40.65,1.0,0,0,1
36.0,0,22.19,14.0,8.0,5.0,0.0,0.0,1.0,28.65,90.36,1.0,1,0,0
55.0,1,3.74,16.0,8.0,5.0,1.0,1.0,1.0,2.51,69.84,1.0,0,1,0
20.0,1,16.33,4.0,2.0,2.0,1.0,0.0,0.0,14.49,32.47,1.0,0,1,0
22.0,1,9.45,6.0,7.0,8.0,0.0,0.0,1.0,5.71,37.89,1.0,0,1,0
30.0,1,29.21,16.0,12.0,3.0,1.0,0.0,1.0,32.12,46.85,1.0,0,1,0
48.0,1,25.86,6.0,5.0,7.0,0.0,0.0,1.0,37.77,36.69,1.0,1,0,0
33.0,1,22.26,15.0,12.0,3.0,1.0,0.0,1.0,12.89,21.01,1.0,1,0,0
49.0,0,28.08,1.0,3.0,5.0,0.0,0.0,0.0,21.29,43.53,1.0,0,1,0
39.0,0,11.06,7.0,14.0,0.0,1.0,1.0,0.0,13.88,7.95,1.0,1,0,0
46.0,1,27.13,11.0,3.0,1.0,1.0,0.0,1.0,26.0,85.44,1.0,0,1,0
39.0,0,10.43,1.0,3.0,5.0,1.0,1.0,0.0,8.75,82.49,1.0,0,1,0
20.0,1,22.25,8.0,6.0,2.0,0.0,0.0,0.0,24.5,89.19,1.0,0,1,0
27.0,1,22.36,14.0,5.0,6.0,0.0,1.0,0.0,17.75,44.59,1.0,0,1,0
59.0,0,1.53,5.0,1.0,0.0,0.0,0.0,0.0,1.27,49.5,0.0,0,0,1
38.0,1,11.47,13.0,4.0,2.0,1.0,0.0,1.0,14.98,81.0,1.0,0,1,0
33.0,0,1.56,15.0,4.0,2.0,0.0,1.0,1.0,1.39,31.49,1.0,0,1,0
39.0,1,29.92,9.0,5.0,0.0,0.0,1.0,0.0,35.92,63.34,1.0,0,0,1
19.0,1,4.54,8.0,6.0,3.0,1.0,0.0,1.0,2.95,43.82,1.0,1,0,0
58.0,0,16.74,19.0,11.0,7.0,0.0,0.0,1.0,15.05,37.37,1.0,1,0,0
41.0,1,23.93,17.0,10.0,6.0,0.0,1.0,0.0,25.17,85.95,1.0,0,0,1
52.0,1,6.84,19.0,7.0,6.0,0.0,1.0,0.0,5.25,49.5,1.0,0,1,0
47.0,1,15.74,18.0,11.0,4.0,1.0,0.0,1.0,13.89,62.34,1.0,0,1,0
47.0,0,18.62,18.0,9.0,3.0,0.0,0.0,0.0,23.46,15.69,1.0,1,0,0
52.0,1,5.65,4.0,13.0,9.0,0.0,1.0,1.0,3.74,34.69,1.0,1,0,0
36.0,1,23.58,2.0,14.0,5.0,0.0,0.0,1.0,23.6,84.13,1.0,1,0,0
39.0,1,9.68,5.0,7.0,1.0,1.0,0.0,0.0,7.37,21.35,1.0,0,1,0
43.0,0,7.12,17.0,10.0,0.0,0.0,1.0,0.0,6.48,97.05,1.0,1,0,0
57.0,0,17.19,7.0,4.0,5.0,1.0,1.0,0.0,15.05,83.19,1.0,0,1,0
24.0,0,12.9,16.0,1.0,5.0,0.0,0.0,0.0,14.9,26.76,1.0,0,1,0
47.0,0,27.69,1.0,7.0,6.0,1.0,0.0,1.0,35.09,10.82,1.0,0,1,0
24.0,0,26.52,12.0,7.0,5.0,0.0,1.0,0.0,14.3,16.96,1.0,0,0,1
20.0,1,15.02,19.0,5.0,8.0,0.0,1.0,1.0,10.01,24.22,1.0,0,1,0
18.0,0,11.42,9.0,2.0,9.0,1.0,1.0,0.0,15.63,23.77,1.0,0,1,0
53.0,0,10.44,16.0,3.0,5.0,1.0,1.0,0.0,7.16,1.63,1.0,0,1,0
42.0,1,8.76,7.0,11.0,2.0,0.0,1.0,0.0,9.45,71.53,1.0,0,0,1
54.0,0,16.79,15.0,0.0,6.0,0.0,0.0,0.0,17.25,97.71,1.0,0,1,0
18.0,1,24.34,12.0,2.0,8.0,0.0,1.0,0.0,19.15,28.64,1.0,1,0,0
32.0,0,10.01,4.0,3.0,9.0,0.0,1.0,0.0,14.54,1.63,1.0,1,0,0
54.0,1,6.51,6.0,7.0,5.0,0.0,1.0,1.0,7.66,91.83,1.0,0,1,0
30.0,1,14.79,6.0,13.0,6.0,1.0,0.0,1.0,14.35,20.62,1.0,0,1,0
57.0,0,3.0,15.0,11.0,7.0,1.0,0.0,0.0,2.83,0.72,1.0,1,0,0
25.0,0,21.34,3.0,5.0,3.0,1.0,1.0,0.0,12.64,22.41,1.0,0,0,1
22.0,1,16.03,2.0,7.0,4.0,1.0,0.0,0.0,20.53,10.4,1.0,1,0,0
26.0,1,15.39,5.0,11.0,3.0,1.0,1.0,0.0,8.98,72.6,1.0,0,1,0
18.0,1,9.71,8.0,5.0,0.0,0.0,1.0,1.0,6.8,0.16,1.0,1,0,0
53.0,1,27.24,19.0,9.0,5.0,1.0,1.0,1.0,18.1,44.14,1.0,0,1,0
52.0,1,3.62,16.0,2.0,6.0,1.0,0.0,1.0,2.06,49.2,1.0,0,1,0
19.0,1,26.22,19.0,8.0,1.0,1.0,0.0,1.0,34.86,78.42,1.0,1,0,0
57.0,1,11.92,16.0,13.0,5.0,1.0,0.0,1.0,16.76,52.24,1.0,0,1,0
40.0,0,26.54,6.0,3.0,1.0,0.0,1.0,0.0,29.87,12.47,1.0,1,0,0
26.0,1,22.13,1.0,13.0,9.0,1.0,0.0,0.0,30.49,42.65,1.0,0,1,0
51.0,0,4.02,18.0,5.0,4.0,1.0,1.0,1.0,4.72,93.46,1.0,1,0,0
31.0,0,25.11,8.0,3.0,0.0,0.0,0.0,1.0,29.76,23.68,1.0,0,1,0
21.0,1,20.78,10.0,14.0,2.0,0.0,1.0,0.0,28.87,29.95,1.0,0,1,0
47.0,1,1.94,12.0,3.0,3.0,1.0,1.0,0.0,1.15,87.33,1.0,1,0,0
48.0,0,4.88,18.0,10.0,3.0,1.0,0.0,0.0,2.71,78.6,1.0,0,1,0
55.0,1,19.43,5.0,1.0,1.0,1.0,1.0,1.0,10.76,29.55,1.0,0,1,0
28.0,1,20.22,13.0,9.0,7.0,0.0,0.0,0.0,18.56,70.84,1.0,0,0,1
52.0,0,22.65,12.0,1.0,5.0,1.0,1.0,1.0,32.76,8.51,1.0,0,1,0
25.0,0,21.89,16.0,1.0,8.0,0.0,1.0,1.0,29.99,54.3,1.0,0,0,1
20.0,0,20.13,14.0,1.0,5.0,0.0,0.0,1.0,25.81,87.1,1.0,0,1,0
31.0,1,23.22,11.0,7.0,5.0,1.0,1.0,1.0,20.99,84.25,1.0,0,1,0
30.0,1,17.68,9.0,14.0,1.0,1.0,1.0,1.0,23.41,20.28,1.0,1,0,0
49.0,0,8.56,10.0,9.0,8.0,0.0,1.0,1.0,6.15,53.32,1.0,1,0,0
51.0,1,27.46,16.0,3.0,2.0,0.0,1.0,1.0,29.8,39.85,1.0,0,1,0
36.0,0,1.53,19.0,3.0,5.0,0.0,0.0,1.0,1.91,56.09,1.0,0,1,0
39.0,1,11.63,10.0,9.0,9.0,0.0,0.0,1.0,6.89,7.51,1.0,1,0,0
33.0,0,22.14,4.0,9.0,1.0,0.0,0.0,1.0,30.42,49.5,1.0,0,1,0
19.0,1,13.39,8.0,10.0,6.0,0.0,1.0,0.0,16.43,56.35,1.0,0,1,0
57.0,0,1.72,11.0,13.0,0.0,1.0,0.0,0.0,1.78,11.93,1.0,0,1,0
34.0,1,2.91,6.0,2.0,8.0,1.0,0.0,0.0,1.64,64.23,1.0,0,1,0
51.0,1,19.81,4.0,4.0,0.0,1.0,1.0,0.0,23.66,0.77,1.0,0,1,0
59.0,0,28.98,5.0,3.0,5.0,1.0,1.0,0.0,27.45,0.65,1.0,0,1,0
33.0,1,17.0,18.0,6.0,0.0,0.0,0.0,0.0,21.02,17.91,1.0,0,1,0
55.0,1,15.7,3.0,9.0,0.0,0.0,0.0,0.0,8.42,27.09,1.0,0,1,0
19.0,0,10.23,7.0,6.0,7.0,1.0,1.0,1.0,10.99,26.32,1.0,0,1,0
19.0,1,8.44,12.0,5.0,0.0,1.0,1.0,1.0,7.99,44.32,1.0,1,0,0
43.0,1,1.61,3.0,6.0,7.0,1.0,1.0,1.0,1.5,51.32,1.0,0,1,0
30.0,1,8.92,17.0,11.0,2.0,1.0,1.0,1.0,9.08,42.22,1.0,1,0,0
48.0,0,14.02,3.0,6.0,3.0,1.0,0.0,1.0,8.74,37.39,1.0,1,0,0
51.0,0,6.74,11.0,12.0,1.0,0.0,0.0,0.0,9.67,67.01,1.0,0,1,0
56.0,0,3.53,6.0,7.0,5.0,0.0,1.0,0.0,4.25,24.83,1.0,1,0,0
20.0,0,21.81,11.0,10.0,6.0,1.0,1.0,0.0,12.76,62.78,1.0,0,1,0
25.0,0,26.94,4.0,12.0,9.0,1.0,0.0,0.0,15.61,95.67,1.0,1,0,0
40.0,1,28.17,17.0,0.0,2.0,1.0,0.0,0.0,20.02,47.18,1.0,0,0,1
31.0,1,18.92,1.0,14.0,8.0,1.0,0.0,0.0,14.0,51.12,1.0,0,1,0
44.0,0,2.53,12.0,2.0,2.0,1.0,0.0,0.0,2.51,72.83,1.0,1,0,0
46.0,1,22.49,3.0,11.0,6.0,1.0,1.0,1.0,14.3,50.74,1.0,0,1,0
56.0,1,4.19,16.0,2.0,3.0,1.0,0.0,0.0,2.71,14.39,1.0,0,1,0
56.0,1,20.42,3.0,4.0,4.0,1.0,1.0,1.0,30.09,61.07,1.0,1,0,0
18.0,1,23.6,14.0,9.0,8.0,0.0,1.0,0.0,31.26,50.88,1.0,0,1,0
34.0,0,22.05,17.0,7.0,2.0,1.0,0.0,1.0,24.99,95.15,1.0,0,1,0
58.0,0,28.6,19.0,12.0,2.0,1.0,1.0,0.0,22.25,9.3,1.0,0,1,0
47.0,1,22.41,7.0,12.0,8.0,1.0,1.0,0.0,31.61,53.65,1.0,1,0,0
30.0,1,21.1,11.0,6.0,8.0,0.0,1.0,0.0,17.2,61.69,1.0,0,1,0
38.0,1,8.59,16.0,14.0,3.0,1.0,1.0,0.0,7.04,61.99,1.0,0,0,1
36.0,1,27.82,19.0,9.0,0.0,0.0,0.0,1.0,23.73,5.97,1.0,0,1,0
36.0,1,6.21,5.0,5.0,0.0,1.0,0.0,1.0,3.4,32.78,1.0,0,1,0
42.0,1,27.24,1.0,3.0,8.0,0.0,0.0,1.0,15.3,26.25,1.0,1,0,0
39.0,0,10.07,10.0,5.0,5.0,0.0,1.0,1.0,9.83,68.0,1.0,0,1,0
48.0,0,4.77,18.0,6.0,4.0,1.0,1.0,1.0,6.59,73.54,1.0,1,0,0
34.0,1,24.97,10.0,3.0,9.0,1.0,0.0,1.0,36.02,20.93,1.0,0,1,0
40.0,1,1.07,1.0,10.0,2.0,1.0,1.0,0.0,1.37,82.61,1.0,0,1,0
49.0,1,25.13,13.0,7.0,2.0,0.0,0.0,0.0,22.73,48.5,1.0,0,1,0
27.0,1,8.61,4.0,4.0,1.0,0.0,0.0,1.0,6.98,26.3,1.0,0,0,1
27.0,1,26.66,12.0,2.0,6.0,1.0,1.0,1.0,19.08,29.98,1.0,0,1,0
53.0,1,21.05,16.0,7.0,8.0,0.0,0.0,1.0,21.86,26.35,1.0,1,0,0
25.0,0,20.32,19.0,0.0,5.0,1.0,1.0,1.0,19.96,60.44,1.0,0,1,0
37.0,0,11.59,12.0,14.0,9.0,0.0,0.0,0.0,11.21,52.71,1.0,0,1,0
49.0,1,2.72,6.0,3.0,0.0,1.0,1.0,1.0,2.22,93.87,1.0,0,1,0
31.0,0,25.07,16.0,1.0,5.0,1.0,1.0,0.0,27.12,27.37,1.0,0,0,1
45.0,1,5.96,12.0,11.0,7.0,0.0,0.0,0.0,6.6,31.92,1.0,1,0,0
41.0,1,11.8,10.0,2.0,7.0,0.0,0.0,0.0,16.23,0.65,1.0,1,0,0
32.0,0,18.41,5.0,0.0,9.0,0.0,1.0,0.0,23.22,29.83,1.0,0,1,0
39.0,0,14.99,19.0,14.0,2.0,0.0,1.0,1.0,12.44,25.09,1.0,0,1,0
47.0,1,6.76,12.0,13.0,0.0,0.0,1.0,0.0,5.95,40.2,1.0,0,1,0
21.0,1,5.08,10.0,12.0,4.0,1.0,1.0,1.0,3.76,49.56,1.0,0,0,1
30.0,0,4.57,4.0,5.0,5.0,1.0,0.0,1.0,3.07,67.03,1.0,0,1,0
40.0,0,26.03,7.0,3.0,9.0,0.0,0.0,1.0,15.85,19.19,1.0,0,1,0
25.0,1,1.92,5.0,4.0,8.0,0.0,1.0,0.0,1.03,55.64,1.0,0,1,0
35.0,1,29.33,11.0,14.0,1.0,0.0,1.0,1.0,26.92,72.86,1.0,0,1,0
29.0,1,6.76,17.0,7.0,0.0,1.0,1.0,1.0,9.86,24.12,1.0,0,1,0
48.0,0,4.2,3.0,10.0,6.0,1.0,0.0,1.0,4.36,35.12,1.0,1,0,0
31.0,1,17.73,2.0,3.0,1.0,1.0,0.0,0.0,22.02,20.51,1.0,0,1,0
51.0,0,3.32,19.0,5.0,1.0,1.0,1.0,1.0,2.98,11.1,1.0,1,0,0
35.0,1,18.47,2.0,2.0,2.0,1.0,1.0,0.0,16.33,75.62,1.0,1,0,0
51.0,0,25.67,14.0,7.0,3.0,1.0,1.0,1.0,16.05,24.01,1.0,0,1,0
28.0,0,2.39,1.0,12.0,6.0,1.0,0.0,0.0,14.3,36.76,1.0,0,1,0
58.0,0,24.2,16.0,2.0,0.0,0.0,0.0,0.0,34.57,24.77,1.0,0,1,0
29.0,0,12.44,15.0,14.0,5.0,1.0,1.0,1.0,12.32,4.38,1.0,0,0,1
32.0,1,5.63,18.0,14.0,6.0,1.0,1.0,0.0,3.97,72.9,1.0,0,1,0
48.0,0,6.11,2.0,6.0,2.0,1.0,1.0,1.0,7.11,64.33,1.0,0,1,0
46.0,0,27.64,11.0,6.0,2.0,1.0,0.0,1.0,25.03,47.61,1.0,0,1,0
43.0,0,4.21,17.0,14.0,1.0,1.0,1.0,1.0,5.59,67.43,1.0,0,1,0
35.0,1,26.14,13.0,2.0,4.0,0.0,1.0,1.0,15.5,84.65,1.0,0,1,0
49.0,1,16.78,12.0,2.0,6.0,0.0,0.0,1.0,17.15,61.85,1.0,0,1,0
39.0,1,2.13,2.0,9.0,2.0,0.0,1.0,1.0,2.77,90.68,1.0,1,0,0
55.0,1,14.47,18.0,9.0,6.0,1.0,0.0,1.0,19.59,20.15,1.0,1,0,0
34.0,1,24.71,10.0,11.0,7.0,0.0,1.0,0.0,22.15,88.34,1.0,0,1,0
40.0,1,22.06,12.0,10.0,2.0,1.0,0.0,1.0,27.38,54.15,1.0,0,1,0
41.0,0,15.17,17.0,13.0,0.0,0.0,0.0,1.0,22.23,49.5,1.0,1,0,0
25.0,0,25.94,14.0,7.0,2.0,0.0,0.0,0.0,29.1,74.38,1.0,0,1,0
58.0,0,4.49,19.0,10.0,5.0,0.0,1.0,0.0,5.89,5.76,1.0,1,0,0
23.0,1,27.39,13.0,14.0,0.0,1.0,1.0,0.0,29.41,83.78,1.0,0,1,0
22.0,0,25.55,3.0,2.0,8.0,0.0,0.0,0.0,32.96,33.73,1.0,1,0,0
46.0,0,21.54,8.0,1.0,2.0,0.0,1.0,0.0,31.03,42.31,1.0,0,1,0
45.0,1,24.72,5.0,4.0,2.0,0.0,0.0,1.0,29.95,1.11,1.0,0,1,0
28.0,0,15.74,12.0,10.0,6.0,1.0,0.0,1.0,10.97,75.87,1.0,1,0,0
18.0,1,20.58,1.0,6.0,6.0,1.0,0.0,1.0,11.98,46.7,1.0,0,1,0
36.0,0,17.26,16.0,7.0,5.0,1.0,1.0,1.0,22.65,93.96,1.0,0,1,0
26.0,1,11.31,12.0,0.0,6.0,1.0,0.0,0.0,8.58,49.5,1.0,0,1,0
44.0,1,17.5,17.0,11.0,4.0,1.0,1.0,0.0,24.07,49.5,1.0,1,0,0
51.0,1,8.47,9.0,1.0,7.0,0.0,1.0,1.0,5.9,41.11,1.0,0,1,0
21.0,0,13.77,13.0,12.0,9.0,1.0,0.0,1.0,19.43,79.21,1.0,1,0,0
53.0,0,9.14,4.0,6.0,1.0,0.0,1.0,1.0,11.93,53.56,1.0,0,1,0
35.0,1,4.56,4.0,8.0,4.0,1.0,1.0,1.0,6.3,45.99,1.0,0,1,0
32.0,1,10.33,15.0,2.0,8.0,0.0,1.0,0.0,7.57,94.68,1.0,1,0,0
30.0,0,25.71,10.0,13.0,3.0,1.0,0.0,0.0,35.44,37.79,1.0,0,1,0
36.0,0,12.05,6.0,7.0,7.0,0.0,1.0,1.0,13.11,49.0,1.0,0,1,0
23.0,1,22.69,3.0,13.0,2.0,1.0,0.0,0.0,13.25,55.41,1.0,0,1,0
29.0,0,6.08,15.0,9.0,5.0,1.0,0.0,1.0,8.7,5.39,1.0,0,1,0
54.0,0,13.31,6.0,2.0,7.0,1.0,1.0,0.0,9.25,52.65,1.0,1,0,0
34.0,0,4.33,11.0,3.0,8.0,0.0,0.0,0.0,3.09,33.58,1.0,0,1,0
40.0,1,5.02,2.0,1.0,6.0,1.0,1.0,1.0,6.04,65.02,1.0,0,1,0
43.0,1,18.91,2.0,8.0,5.0,0.0,0.0,0.0,20.48,64.36,1.0,0,1,0
46.0,0,18.62,1.0,13.0,5.0,0.0,1.0,1.0,26.12,71.13,1.0,0,1,0
50.0,1,7.19,11.0,14.0,5.0,1.0,1.0,1.0,5.8,39.92,1.0,0,1,0
44.0,0,14.76,5.0,4.0,9.0,0.0,0.0,1.0,8.0,10.48,1.0,0,0,1
42.0,0,26.04,6.0,4.0,8.0,1.0,0.0,1.0,38.93,43.92,1.0,1,0,0
27.0,1,6.05,3.0,3.0,2.0,0.0,0.0,0.0,4.92,55.22,1.0,0,1,0
40.0,1,1.56,5.0,12.0,3.0,1.0,1.0,1.0,1.03,2.49,1.0,0,1,0
38.0,1,19.91,9.0,4.0,2.0,0.0,0.0,1.0,29.55,54.74,1.0,0,0,1
38.0,0,2.55,19.0,14.0,8.0,0.0,1.0,1.0,2.71,39.93,1.0,0,1,0
30.0,0,29.42,5.0,11.0,4.0,1.0,1.0,1.0,19.09,47.85,1.0,0,1,0
54.0,1,18.68,12.0,13.0,9.0,1.0,0.0,0.0,24.95,30.33,1.0,1,0,0
50.0,1,14.64,12.0,0.0,7.0,0.0,0.0,1.0,21.16,49.21,1.0,0,1,0
41.0,1,13.47,16.0,9.0,7.0,0.0,1.0,0.0,18.61,88.18,1.0,0,1,0
28.0,0,17.62,7.0,13.0,8.0,1.0,1.0,0.0,12.31,78.78,1.0,0,0,1
34.0,0,3.63,14.0,7.0,9.0,0.0,1.0,0.0,2.01,61.6,1.0,1,0,0
21.0,0,27.97,9.0,11.0,6.0,0.0,0.0,0.0,24.37,62.66,1.0,0,1,0
42.0,1,19.14,15.0,5.0,2.0,0.0,1.0,0.0,16.36,89.54,1.0,0,1,0
39.0,1,6.34,11.0,10.0,4.0,0.0,0.0,1.0,5.74,47.97,1.0,0,1,0
26.0,0,17.31,4.0,3.0,2.0,0.0,0.0,0.0,22.49,53.93,1.0,1,0,0
38.0,1,4.86,11.0,11.0,1.0,1.0,0.0,0.0,2.48,86.02,1.0,0,1,0
37.0,1,1.51,9.0,3.0,2.0,0.0,1.0,0.0,1.77,75.47,1.0,0,1,0
36.0,1,19.28,6.0,11.0,9.0,1.0,0.0,1.0,28.63,43.31,1.0,0,0,1
36.0,1,19.81,17.0,12.0,8.0,0.0,1.0,0.0,17.81,30.53,1.0,0,1,0
29.0,0,17.93,9.0,4.0,8.0,1.0,0.0,1.0,17.66,51.78,1.0,0,1,0
54.0,1,6.32,6.0,7.0,7.0,1.0,1.0,0.0,7.13,12.06,1.0,0,1,0
59.0,0,18.5,6.0,0.0,6.0,1.0,1.0,1.0,14.53,49.5,1.0,0,1,0
34.0,1,2.64,4.0,3.0,0.0,0.0,0.0,0.0,3.22,46.44,1.0,0,1,0
54.0,1,18.67,11.0,9.0,8.0,0.0,0.0,1.0,13.12,59.5,1.0,0,0,1
56.0,0,17.07,3.0,2.0,9.0,1.0,0.0,1.0,9.64,84.62,1.0,1,0,0
39.0,0,20.0,18.0,4.0,1.0,0.0,1.0,1.0,26.03,35.63,1.0,0,1,0
58.0,1,26.97,16.0,9.0,5.0,1.0,1.0,1.0,18.25,49.72,1.0,0,1,0
52.0,0,25.66,16.0,4.0,9.0,1.0,1.0,0.0,31.6,55.57,1.0,0,1,0
35.0,0,29.44,12.0,7.0,4.0,0.0,1.0,1.0,40.37,28.02,1.0,0,1,0
31.0,0,29.31,14.0,13.0,5.0,0.0,0.0,1.0,16.0,27.48,1.0,0,1,0
52.0,0,23.4,9.0,0.0,7.0,0.0,1.0,1.0,28.24,52.62,1.0,0,0,1
58.0,0,28.74,7.0,2.0,7.0,0.0,0.0,0.0,32.94,25.72,1.0,0,1,0
24.0,0,26.15,14.0,4.0,9.0,1.0,1.0,1.0,29.39,86.12,1.0,0,1,0
58.0,0,22.1,10.0,7.0,1.0,1.0,1.0,0.0,17.58,99.49,1.0,0,1,0
30.0,0,3.19,11.0,2.0,6.0,0.0,0.0,1.0,1.74,21.09,1.0,0,1,0
35.0,1,2.42,7.0,5.0,1.0,1.0,0.0,1.0,1.45,57.53,1.0,0,1,0
54.0,1,25.29,19.0,9.0,0.0,0.0,1.0,1.0,19.55,14.54,1.0,0,1,0
30.0,1,15.2,19.0,12.0,7.0,1.0,1.0,0.0,13.77,18.56,1.0,0,1,0
53.0,0,24.62,11.0,2.0,8.0,0.0,0.0,0.0,34.91,76.6,1.0,1,0,0
48.0,0,10.07,6.0,5.0,6.0,0.0,1.0,1.0,14.3,19.97,1.0,0,1,0
19.0,0,12.53,8.0,7.0,3.0,1.0,1.0,1.0,6.59,74.9,1.0,0,1,0
33.0,1,21.31,1.0,3.0,6.0,0.0,0.0,1.0,30.25,40.4,1.0,0,1,0
26.0,1,27.54,8.0,7.0,3.0,1.0,0.0,0.0,33.61,47.95,1.0,1,0,0
39.0,1,3.55,5.0,6.0,6.0,1.0,0.0,0.0,3.52,25.94,1.0,0,1,0
55.0,0,25.98,10.0,10.0,3.0,1.0,1.0,0.0,25.02,54.9,1.0,0,1,0
28.0,1,24.0,2.0,10.0,8.0,0.0,0.0,0.0,34.4,33.16,1.0,0,1,0
39.0,1,10.15,4.0,12.0,4.0,1.0,0.0,1.0,10.66,17.46,1.0,1,0,0
50.0,0,11.3,2.0,14.0,6.0,1.0,0.0,1.0,11.33,13.91,1.0,0,1,0
53.0,1,2.35,15.0,3.0,7.0,0.0,1.0,1.0,3.0,99.97,1.0,0,1,0
40.0,0,1.46,10.0,2.0,4.0,0.0,0.0,1.0,1.6,34.56,1.0,0,1,0
51.0,1,14.83,2.0,4.0,0.0,0.0,1.0,0.0,11.11,80.49,1.0,0,1,0
26.0,0,3.77,6.0,4.0,3.0,1.0,1.0,1.0,5.65,34.14,1.0,0,1,0
41.0,1,6.63,14.0,13.0,2.0,1.0,0.0,0.0,5.18,62.3,1.0,0,1,0
25.0,0,25.56,5.0,7.0,6.0,1.0,1.0,0.0,30.24,84.12,1.0,1,0,0
24.0,0,17.56,2.0,10.0,5.0,0.0,0.0,0.0,17.38,69.6,1.0,1,0,0
53.0,0,19.38,14.0,0.0,5.0,0.0,1.0,1.0,12.05,6.91,1.0,0,1,0
35.0,1,6.44,13.0,8.0,1.0,1.0,0.0,1.0,9.4,19.28,1.0,0,1,0
20.0,0,25.03,2.0,1.0,5.0,0.0,1.0,1.0,20.92,87.36,1.0,0,1,0
45.0,0,26.17,9.0,8.0,7.0,1.0,1.0,1.0,30.28,47.12,1.0,0,1,0
23.0,0,16.18,3.0,8.0,4.0,0.0,1.0,1.0,20.03,59.85,1.0,1,0,0
38.0,0,27.46,15.0,12.0,8.0,0.0,0.0,0.0,24.57,2.45,1.0,0,0,1
45.0,1,25.5,3.0,12.0,1.0,0.0,0.0,1.0,19.4,48.73,1.0,0,1,0
57.0,0,22.21,12.0,13.0,6.0,0.0,1.0,1.0,12.41,43.09,1.0,0,1,0
18.0,1,22.29,6.0,14.0,5.0,1.0,1.0,1.0,32.36,68.62,1.0,0,1,0
53.0,0,4.06,19.0,2.0,5.0,1.0,1.0,1.0,4.39,27.44,1.0,1,0,0
38.0,0,8.85,10.0,14.0,3.0,1.0,0.0,0.0,10.77,74.39,1.0,1,0,0
52.0,1,2.94,6.0,6.0,9.0,1.0,0.0,0.0,2.85,49.5,1.0,1,0,0
30.0,1,1.25,19.0,2.0,8.0,1.0,1.0,0.0,0.92,50.97,1.0,1,0,0
27.0,1,5.59,17.0,7.0,5.0,0.0,0.0,1.0,8.36,49.5,1.0,0,1,0
27.0,0,26.53,16.0,7.0,7.0,0.0,0.0,0.0,38.93,30.2,1.0,1,0,0
30.0,1,7.96,8.0,12.0,7.0,0.0,1.0,1.0,10.83,53.51,1.0,1,0,0
54.0,0,29.13,19.0,2.0,3.0,0.0,1.0,0.0,41.25,57.68,1.0,0,1,0
55.0,1,18.32,8.0,4.0,4.0,1.0,0.0,1.0,19.69,44.81,1.0,0,1,0
41.0,1,7.88,15.0,14.0,1.0,1.0,1.0,1.0,6.84,32.06,1.0,1,0,0
19.0,0,15.42,8.0,6.0,3.0,0.0,0.0,0.0,13.0,87.99,1.0,0,1,0
39.0,1,7.35,3.0,0.0,5.0,1.0,0.0,0.0,10.54,31.02,1.0,1,0,0
34.0,1,29.54,10.0,2.0,1.0,1.0,0.0,0.0,43.09,67.22,1.0,1,0,0
53.0,0,25.57,3.0,0.0,1.0,1.0,0.0,1.0,24.05,90.48,1.0,1,0,0
31.0,0,1.76,1.0,1.0,9.0,0.0,0.0,1.0,1.95,64.68,1.0,1,0,0
27.0,0,28.49,8.0,13.0,6.0,1.0,1.0,1.0,37.19,36.59,1.0,0,1,0
52.0,1,21.91,9.0,13.0,9.0,0.0,1.0,1.0,26.35,29.72,1.0,1,0,0
42.0,1,3.39,12.0,6.0,4.0,1.0,0.0,1.0,14.3,85.34,1.0,0,1,0
20.0,1,20.45,18.0,6.0,2.0,0.0,0.0,0.0,22.67,49.0,1.0,0,1,0
55.0,1,19.76,17.0,2.0,2.0,0.0,1.0,1.0,21.39,59.34,1.0,0,1,0
34.0,1,7.34,8.0,14.0,6.0,0.0,1.0,1.0,6.43,59.63,1.0,0,1,0
29.0,0,22.99,11.0,12.0,2.0,0.0,1.0,0.0,13.18,53.38,1.0,0,1,0
41.0,1,3.52,7.0,5.0,9.0,0.0,0.0,0.0,1.96,93.13,1.0,0,0,1
46.0,0,15.19,14.0,12.0,4.0,1.0,1.0,1.0,9.9,93.1,1.0,0,1,0
42.0,1,1.29,10.0,5.0,1.0,0.0,1.0,1.0,0.72,4.04,1.0,0,1,0
53.0,0,29.09,15.0,1.0,2.0,1.0,1.0,1.0,30.11,50.57,1.0,0,1,0
43.0,1,22.8,12.0,12.0,3.0,1.0,1.0,1.0,20.6,56.56,1.0,0,1,0
55.0,1,5.61,17.0,8.0,0.0,0.0,1.0,1.0,2.95,92.56,1.0,1,0,0
18.0,0,10.91,8.0,12.0,3.0,1.0,1.0,0.0,5.69,6.97,1.0,0,1,0
37.0,1,5.66,14.0,7.0,3.0,1.0,0.0,1.0,5.79,78.91,1.0,1,0,0
45.0,0,23.23,15.0,1.0,2.0,1.0,0.0,0.0,24.37,64.24,1.0,1,0,0
33.0,1,2.71,11.0,11.0,9.0,0.0,0.0,0.0,1.46,73.25,1.0,0,1,0
34.0,1,25.37,12.0,3.0,8.0,1.0,1.0,1.0,29.68,29.17,1.0,1,0,0
57.0,0,28.32,16.0,8.0,2.0,1.0,1.0,0.0,17.72,74.66,1.0,0,1,0
45.0,1,20.62,18.0,3.0,1.0,0.0,1.0,1.0,20.51,28.27,1.0,0,1,0
29.0,0,7.18,10.0,7.0,6.0,0.0,0.0,1.0,4.73,67.57,1.0,1,0,0
44.0,1,11.44,19.0,4.0,8.0,1.0,0.0,0.0,6.17,78.7,1.0,1,0,0
59.0,1,14.84,18.0,9.0,5.0,1.0,1.0,0.0,10.57,78.33,1.0,0,1,0
47.0,1,18.53,1.0,5.0,4.0,1.0,1.0,0.0,17.87,54.44,1.0,0,1,0
58.0,1,20.39,4.0,0.0,0.0,1.0,1.0,1.0,25.36,41.36,1.0,0,1,0
51.0,1,17.07,7.0,3.0,2.0,1.0,0.0,0.0,13.07,24.36,1.0,0,1,0
54.0,1,11.19,1.0,4.0,8.0,0.0,1.0,0.0,13.26,3.35,1.0,0,0,1
23.0,1,26.84,8.0,5.0,7.0,0.0,1.0,0.0,36.57,4.89,1.0,0,1,0
24.0,0,3.36,17.0,5.0,8.0,1.0,1.0,0.0,14.3,41.85,1.0,0,1,0
49.0,1,14.52,8.0,4.0,7.0,1.0,0.0,0.0,14.84,9.49,1.0,1,0,0
49.0,1,23.49,5.0,2.0,0.0,1.0,1.0,0.0,21.36,11.2,1.0,0,1,0
42.0,1,2.77,1.0,10.0,7.0,1.0,0.0,0.0,1.46,19.47,1.0,0,1,0
50.0,0,21.45,15.0,14.0,7.0,0.0,0.0,1.0,19.13,48.13,1.0,0,0,1
24.0,0,24.77,4.0,1.0,4.0,0.0,1.0,1.0,21.73,59.18,1.0,1,0,0
29.0,1,20.16,7.0,14.0,5.0,1.0,0.0,1.0,22.62,69.43,1.0,1,0,0
33.0,1,1.38,14.0,6.0,1.0,1.0,0.0,0.0,1.89,48.62,1.0,0,1,0
39.0,1,6.22,12.0,7.0,0.0,0.0,1.0,1.0,7.29,66.47,1.0,1,0,0
53.0,0,10.92,3.0,11.0,7.0,0.0,0.0,1.0,9.34,86.21,1.0,0,1,0
30.0,1,7.78,18.0,11.0,6.0,0.0,1.0,1.0,7.38,37.42,1.0,0,1,0
24.0,0,28.92,8.0,4.0,3.0,1.0,1.0,0.0,40.12,68.82,1.0,0,0,1
39.0,1,19.9,2.0,3.0,6.0,1.0,1.0,1.0,22.67,65.85,1.0,0,1,0
26.0,0,9.61,6.0,6.0,1.0,1.0,1.0,1.0,8.55,63.65,1.0,1,0,0
49.0,0,27.96,7.0,1.0,1.0,0.0,0.0,0.0,30.76,58.35,1.0,0,1,0
28.0,1,22.48,7.0,10.0,6.0,1.0,0.0,0.0,25.72,72.62,1.0,0,1,0
25.0,1,9.25,13.0,12.0,2.0,0.0,0.0,1.0,9.09,81.85,1.0,1,0,0
50.0,1,11.99,1.0,7.0,5.0,0.0,1.0,1.0,16.37,39.21,1.0,0,1,0
40.0,1,6.78,8.0,8.0,6.0,1.0,1.0,1.0,8.9,65.48,1.0,0,1,0
42.0,1,29.16,13.0,12.0,6.0,0.0,0.0,0.0,29.87,24.85,1.0,0,1,0
25.0,1,16.0,19.0,14.0,9.0,0.0,1.0,0.0,23.33,75.6,1.0,0,0,1
39.0,1,26.99,17.0,11.0,3.0,1.0,1.0,1.0,39.22,88.04,1.0,0,1,0
21.0,0,11.05,13.0,9.0,2.0,1.0,0.0,1.0,16.2,76.15,1.0,0,1,0
57.0,1,25.96,16.0,14.0,0.0,0.0,0.0,0.0,18.7,49.11,1.0,0,1,0
20.0,1,2.56,15.0,0.0,6.0,1.0,1.0,0.0,1.54,13.34,1.0,0,0,1
46.0,0,29.48,11.0,4.0,8.0,0.0,1.0,0.0,32.99,87.31,1.0,1,0,0
58.0,1,27.45,12.0,3.0,0.0,0.0,1.0,1.0,33.7,81.46,1.0,1,0,0
46.0,1,11.53,3.0,4.0,4.0,1.0,0.0,1.0,9.3,69.8,1.0,0,1,0
51.0,1,23.47,9.0,8.0,3.0,0.0,1.0,0.0,24.35,85.15,1.0,0,1,0
51.0,1,22.82,14.0,14.0,9.0,0.0,0.0,0.0,26.19,53.3,1.0,0,1,0
45.0,0,27.14,7.0,11.0,1.0,0.0,0.0,1.0,26.15,99.08,1.0,0,1,0
30.0,0,9.91,10.0,2.0,6.0,0.0,0.0,1.0,10.32,83.71,1.0,0,1,0
32.0,1,14.5,10.0,7.0,6.0,1.0,1.0,1.0,8.34,16.36,1.0,0,0,1
40.0,1,26.08,3.0,0.0,7.0,0.0,0.0,1.0,38.97,40.22,1.0,1,0,0
43.0,0,23.58,19.0,10.0,2.0,1.0,0.0,1.0,20.72,17.01,1.0,0,1,0
21.0,1,12.41,2.0,2.0,5.0,0.0,0.0,1.0,8.75,22.43,1.0,0,1,0
43.0,0,25.53,17.0,3.0,3.0,1.0,1.0,0.0,25.02,50.1,1.0,1,0,0
57.0,0,2.36,2.0,12.0,2.0,1.0,0.0,0.0,1.93,36.14,1.0,0,1,0
26.0,0,23.68,16.0,14.0,5.0,0.0,1.0,0.0,21.11,90.97,1.0,0,1,0
22.0,1,7.0,17.0,12.0,0.0,0.0,1.0,1.0,7.44,0.01,1.0,0,1,0
49.0,1,9.3,10.0,1.0,6.0,1.0,1.0,1.0,7.24,1.04,1.0,0,1,0
37.0,1,15.3,4.0,0.0,6.0,0.0,0.0,0.0,17.85,92.04,1.0,1,0,0
28.0,0,14.04,11.0,0.0,6.0,0.0,0.0,1.0,13.08,23.9,1.0,0,1,0
32.0,1,16.1,17.0,14.0,1.0,1.0,1.0,0.0,9.4,0.25,1.0,0,1,0
49.0,1,16.8,12.0,7.0,0.0,0.0,0.0,0.0,23.3,43.76,1.0,0,1,0
45.0,0,10.61,10.0,3.0,8.0,1.0,1.0,0.0,10.37,19.56,1.0,1,0,0
39.0,1,6.08,16.0,11.0,1.0,1.0,1.0,0.0,8.65,5.33,1.0,0,1,0
58.0,1,23.29,4.0,1.0,4.0,0.0,1.0,0.0,20.51,53.05,1.0,0,1,0
34.0,1,12.6,3.0,9.0,4.0,0.0,1.0,1.0,13.14,14.02,1.0,0,0,1
43.0,0,15.67,9.0,2.0,7.0,0.0,0.0,0.0,21.52,49.5,1.0,0,0,1
24.0,1,19.7,6.0,7.0,0.0,1.0,0.0,1.0,18.96,49.5,1.0,0,0,1
59.0,0,27.38,12.0,5.0,6.0,0.0,0.0,1.0,31.03,22.17,1.0,1,0,0
43.0,0,21.52,1.0,7.0,2.0,1.0,0.0,0.0,16.08,73.98,1.0,0,1,0
42.0,0,2.32,14.0,9.0,1.0,0.0,1.0,1.0,1.71,84.86,1.0,0,1,0
27.0,1,25.32,10.0,4.0,4.0,1.0,1.0,0.0,26.4,9.31,1.0,0,1,0
36.0,1,29.69,18.0,2.0,3.0,0.0,0.0,1.0,33.05,15.16,1.0,0,1,0
28.0,1,14.7,13.0,7.0,8.0,0.0,1.0,1.0,16.99,47.46,1.0,0,0,1
30.0,0,29.12,9.0,9.0,0.0,1.0,0.0,1.0,36.94,59.02,1.0,1,0,0
25.0,0,16.87,19.0,7.0,2.0,0.0,1.0,0.0,24.0,8.33,1.0,0,1,0
57.0,1,14.33,4.0,13.0,2.0,1.0,1.0,1.0,10.61,37.5,1.0,0,1,0
39.0,0,10.61,3.0,4.0,3.0,0.0,0.0,0.0,11.88,89.76,1.0,0,0,1
48.0,1,20.07,6.0,4.0,6.0,0.0,1.0,1.0,18.93,49.5,1.0,1,0,0
45.0,1,7.66,9.0,2.0,4.0,0.0,1.0,1.0,4.51,31.12,1.0,0,1,0
28.0,1,4.04,10.0,2.0,9.0,1.0,0.0,1.0,3.85,22.74,1.0,1,0,0
18.0,1,1.79,9.0,12.0,5.0,0.0,0.0,0.0,2.31,58.28,1.0,0,1,0
55.0,1,9.48,17.0,11.0,2.0,0.0,0.0,1.0,5.49,9.61,1.0,0,1,0
41.0,1,12.48,10.0,14.0,4.0,0.0,1.0,1.0,13.81,23.34,1.0,1,0,0
48.0,1,17.01,6.0,7.0,1.0,0.0,1.0,0.0,15.48,16.68,1.0,1,0,0
58.0,0,9.49,16.0,7.0,3.0,1.0,1.0,1.0,10.95,20.77,1.0,0,1,0
43.0,1,29.54,17.0,14.0,2.0,0.0,0.0,0.0,39.03,21.48,1.0,0,1,0
22.0,0,9.46,11.0,0.0,2.0,1.0,1.0,1.0,9.85,62.75,1.0,0,0,1
37.0,0,13.79,7.0,3.0,3.0,0.0,0.0,1.0,11.09,48.81,1.0,1,0,0
58.0,1,4.0,4.0,8.0,7.0,1.0,1.0,0.0,2.36,86.23,1.0,1,0,0
28.0,0,8.56,10.0,5.0,7.0,1.0,1.0,1.0,6.75,73.56,1.0,0,1,0
50.0,0,2.4,14.0,5.0,0.0,0.0,1.0,0.0,2.08,49.89,1.0,0,1,0
55.0,0,17.23,17.0,13.0,4.0,1.0,0.0,1.0,19.66,30.74,1.0,0,1,0
44.0,1,22.78,14.0,9.0,1.0,0.0,1.0,0.0,20.24,83.2,1.0,0,1,0
51.0,1,6.68,13.0,10.0,9.0,0.0,1.0,0.0,6.03,7.95,1.0,0,1,0
32.0,1,11.67,2.0,10.0,5.0,1.0,0.0,0.0,9.23,68.1,1.0,0,1,0
49.0,1,1.48,9.0,12.0,2.0,1.0,1.0,1.0,1.28,11.3,1.0,0,1,0
38.0,1,25.35,3.0,6.0,9.0,1.0,1.0,1.0,19.42,53.28,1.0,0,1,0
22.0,0,23.62,4.0,10.0,9.0,0.0,1.0,0.0,29.15,90.16,1.0,1,0,0
23.0,0,2.83,10.0,6.0,8.0,1.0,0.0,0.0,4.2,23.81,1.0,0,1,0
55.0,1,11.58,15.0,5.0,8.0,1.0,1.0,1.0,14.3,7.85,1.0,0,1,0
39.0,0,28.7,8.0,8.0,7.0,0.0,1.0,1.0,16.46,33.95,1.0,0,1,0
35.0,0,12.37,18.0,7.0,1.0,1.0,0.0,1.0,14.01,49.5,1.0,0,1,0
31.0,0,16.26,5.0,11.0,1.0,1.0,0.0,1.0,19.56,72.48,1.0,0,1,0
27.0,0,11.3,2.0,7.0,1.0,0.0,1.0,0.0,14.44,2.97,1.0,0,0,1
30.0,1,18.29,9.0,1.0,4.0,1.0,0.0,0.0,23.09,13.09,1.0,1,0,0
48.0,1,29.37,14.0,6.0,9.0,0.0,1.0,1.0,29.62,41.07,1.0,0,1,0
47.0,1,29.93,1.0,14.0,8.0,1.0,0.0,0.0,22.82,49.5,1.0,0,1,0
20.0,0,23.47,4.0,11.0,6.0,1.0,1.0,0.0,14.57,95.59,1.0,0,1,0
47.0,0,12.73,17.0,0.0,6.0,1.0,0.0,0.0,6.47,51.1,1.0,1,0,0
23.0,1,15.34,10.0,9.0,2.0,1.0,0.0,1.0,7.69,37.69,1.0,0,1,0
46.0,1,11.35,2.0,14.0,2.0,1.0,1.0,1.0,16.3,97.97,1.0,0,1,0
25.0,0,29.58,6.0,7.0,9.0,0.0,0.0,1.0,32.77,64.61,1.0,1,0,0
50.0,1,21.53,19.0,12.0,2.0,1.0,0.0,0.0,23.13,51.58,1.0,1,0,0
34.0,1,14.02,9.0,2.0,0.0,1.0,0.0,1.0,12.29,24.11,1.0,1,0,0
28.0,0,1.35,19.0,10.0,7.0,1.0,0.0,1.0,1.75,25.31,1.0,1,0,0
30.0,0,16.09,19.0,12.0,1.0,1.0,1.0,0.0,11.59,36.23,1.0,0,0,1
28.0,1,29.53,9.0,8.0,6.0,0.0,1.0,1.0,36.56,75.07,1.0,0,1,0
48.0,0,16.17,3.0,14.0,8.0,1.0,1.0,0.0,14.3,81.6,1.0,0,1,0
45.0,1,6.29,6.0,4.0,1.0,1.0,1.0,0.0,7.6,19.21,1.0,1,0,0
23.0,0,1.64,6.0,6.0,0.0,0.0,0.0,1.0,1.98,81.74,1.0,1,0,0
58.0,0,11.29,17.0,13.0,4.0,0.0,0.0,1.0,9.2,33.09,1.0,0,1,0
33.0,1,27.63,13.0,6.0,9.0,1.0,1.0,1.0,14.3,20.03,1.0,0,1,0
21.0,0,29.9,13.0,8.0,4.0,1.0,0.0,0.0,30.13,19.48,1.0,0,1,0
52.0,1,28.42,7.0,1.0,0.0,0.0,0.0,0.0,21.53,46.34,1.0,0,1,0
43.0,0,22.15,9.0,3.0,8.0,1.0,0.0,1.0,26.0,76.71,1.0,0,1,0
29.0,1,17.19,18.0,11.0,2.0,1.0,0.0,1.0,21.5,57.07,1.0,0,1,0
28.0,0,18.13,1.0,7.0,1.0,1.0,1.0,1.0,26.3,46.46,1.0,1,0,0
54.0,0,16.63,13.0,4.0,6.0,0.0,0.0,0.0,9.53,1.8,1.0,0,1,0
42.0,1,21.5,10.0,10.0,4.0,0.0,1.0,0.0,22.36,56.36,1.0,1,0,0
35.0,0,13.15,9.0,4.0,3.0,1.0,0.0,0.0,13.02,49.5,1.0,1,0,0
36.0,1,20.41,1.0,2.0,3.0,0.0,1.0,0.0,14.3,9.81,1.0,0,1,0
40.0,0,4.53,9.0,4.0,8.0,0.0,1.0,0.0,5.74,95.62,1.0,0,1,0
55.0,0,8.71,11.0,12.0,8.0,0.0,1.0,0.0,6.05,9.15,1.0,1,0,0
35.0,1,25.24,4.0,6.0,0.0,1.0,1.0,1.0,20.89,69.07,1.0,1,0,0
43.0,0,27.21,16.0,3.0,9.0,0.0,1.0,1.0,34.45,52.46,1.0,1,0,0
23.0,0,16.63,14.0,7.0,6.0,0.0,0.0,1.0,16.25,88.42,1.0,1,0,0
21.0,1,1.92,18.0,13.0,7.0,0.0,0.0,0.0,1.22,41.41,1.0,0,0,1
46.0,0,27.88,9.0,10.0,4.0,1.0,0.0,0.0,38.87,50.85,1.0,0,1,0
51.0,1,21.36,1.0,5.0,6.0,0.0,1.0,1.0,26.29,55.29,1.0,0,0,1
34.0,1,13.01,3.0,5.0,7.0,1.0,0.0,0.0,13.83,87.48,1.0,1,0,0
33.0,1,18.35,1.0,5.0,7.0,0.0,1.0,0.0,20.36,79.96,1.0,1,0,0
19.0,0,13.46,3.0,3.0,8.0,1.0,1.0,0.0,15.16,28.01,1.0,0,1,0
51.0,0,15.74,14.0,13.0,4.0,0.0,1.0,1.0,14.48,95.53,1.0,0,0,1
25.0,1,26.72,14.0,14.0,1.0,0.0,1.0,1.0,33.26,75.31,1.0,0,1,0
30.0,0,5.67,13.0,2.0,5.0,1.0,1.0,1.0,6.89,1.2,1.0,1,0,0
59.0,1,4.01,1.0,9.0,0.0,1.0,1.0,0.0,2.02,18.37,1.0,0,1,0
25.0,0,1.08,15.0,5.0,9.0,0.0,1.0,1.0,0.66,85.58,1.0,0,1,0
47.0,1,10.11,7.0,5.0,5.0,1.0,0.0,0.0,5.31,64.59,1.0,0,1,0
49.0,1,5.27,16.0,1.0,2.0,0.0,1.0,1.0,3.53,25.81,1.0,0,1,0
53.0,0,7.38,1.0,13.0,2.0,1.0,1.0,1.0,4.22,17.14,1.0,0,1,0
47.0,1,1.33,15.0,9.0,6.0,0.0,0.0,1.0,0.92,14.68,1.0,1,0,0
18.0,1,7.59,15.0,8.0,3.0,1.0,0.0,0.0,7.88,31.81,1.0,0,1,0
56.0,0,10.65,19.0,3.0,4.0,0.0,0.0,0.0,12.46,89.85,1.0,0,1,0
34.0,1,1.92,6.0,3.0,5.0,0.0,0.0,0.0,2.72,35.2,1.0,0,1,0
37.0,1,18.63,6.0,9.0,9.0,1.0,1.0,0.0,23.09,66.07,1.0,0,1,0
41.0,0,17.5,1.0,12.0,5.0,1.0,0.0,0.0,9.3,11.16,1.0,0,1,0
39.0,1,3.81,16.0,11.0,1.0,0.0,0.0,0.0,3.69,53.14,1.0,0,1,0
46.0,1,18.26,18.0,10.0,2.0,0.0,1.0,1.0,21.47,34.29,1.0,0,1,0
39.0,1,29.96,13.0,7.0,0.0,0.0,0.0,0.0,24.42,16.05,1.0,1,0,0
26.0,1,28.39,12.0,11.0,2.0,1.0,0.0,1.0,24.67,79.78,1.0,0,1,0
54.0,1,1.08,18.0,7.0,7.0,0.0,1.0,1.0,1.41,81.55,1.0,0,1,0
27.0,1,24.07,10.0,2.0,3.0,1.0,1.0,1.0,13.17,30.63,1.0,0,1,0
53.0,1,11.25,10.0,9.0,1.0,1.0,0.0,1.0,11.7,65.38,1.0,0,0,1
54.0,1,2.85,11.0,6.0,3.0,1.0,1.0,1.0,3.72,39.41,1.0,0,1,0
45.0,0,9.58,18.0,6.0,6.0,1.0,1.0,0.0,14.3,4.45,1.0,0,1,0
45.0,1,10.33,12.0,1.0,8.0,1.0,1.0,0.0,6.41,42.78,1.0,0,1,0
59.0,1,16.17,17.0,2.0,4.0,1.0,0.0,1.0,21.75,57.59,1.0,0,1,0
38.0,0,20.17,3.0,14.0,5.0,1.0,0.0,0.0,11.64,29.9,1.0,0,1,0
41.0,1,15.74,1.0,11.0,4.0,1.0,1.0,0.0,32.35,94.89,1.0,0,1,0
59.0,1,8.13,1.0,13.0,9.0,1.0,1.0,0.0,5.82,55.8,1.0,0,1,0
57.0,1,10.33,6.0,3.0,8.0,0.0,1.0,1.0,6.36,37.15,1.0,0,1,0
19.0,1,9.94,19.0,1.0,6.0,1.0,0.0,0.0,5.71,73.5,1.0,0,1,0
25.0,1,11.52,4.0,13.0,2.0,0.0,0.0,1.0,9.72,34.09,1.0,1,0,0
44.0,1,29.99,13.0,8.0,1.0,1.0,1.0,1.0,25.45,2.47,1.0,0,0,1
39.0,0,23.56,12.0,9.0,8.0,1.0,0.0,1.0,24.18,0.83,1.0,0,1,0
54.0,0,29.27,8.0,10.0,2.0,1.0,0.0,0.0,36.09,30.2,1.0,1,0,0
44.0,0,21.1,7.0,5.0,7.0,1.0,0.0,1.0,21.31,15.6,1.0,0,0,1
46.0,0,12.78,7.0,0.0,3.0,1.0,1.0,0.0,18.9,35.25,1.0,1,0,0
20.0,0,12.3,7.0,14.0,4.0,1.0,0.0,0.0,8.74,76.97,1.0,0,1,0
30.0,1,15.17,14.0,0.0,5.0,1.0,0.0,1.0,10.78,30.91,1.0,1,0,0
27.0,1,13.09,18.0,7.0,4.0,1.0,0.0,1.0,15.77,55.96,1.0,0,1,0
53.0,1,25.02,19.0,10.0,9.0,1.0,1.0,1.0,20.37,91.96,1.0,0,1,0
26.0,1,14.49,19.0,5.0,1.0,1.0,1.0,1.0,9.73,69.83,1.0,0,1,0
44.0,1,15.74,18.0,12.0,5.0,0.0,1.0,0.0,12.37,56.18,1.0,0,1,0
51.0,0,23.47,6.0,9.0,6.0,0.0,1.0,1.0,17.04,86.71,1.0,0,1,0
18.0,0,25.78,16.0,11.0,0.0,0.0,1.0,1.0,32.2,33.06,1.0,0,1,0
49.0,1,13.19,3.0,6.0,9.0,1.0,1.0,1.0,9.32,19.78,1.0,1,0,0
42.0,1,20.37,2.0,7.0,8.0,1.0,1.0,1.0,29.32,74.72,1.0,0,1,0
46.0,1,2.71,15.0,1.0,5.0,1.0,1.0,0.0,2.15,5.88,1.0,0,1,0
24.0,0,16.35,11.0,2.0,3.0,0.0,0.0,0.0,20.43,42.42,1.0,0,1,0
20.0,0,2.3,19.0,7.0,1.0,0.0,0.0,0.0,3.09,28.71,1.0,0,1,0
37.0,1,1.85,18.0,3.0,8.0,0.0,0.0,0.0,1.15,97.13,1.0,0,1,0
37.0,0,18.77,11.0,12.0,5.0,0.0,0.0,1.0,10.66,37.71,1.0,0,0,1
47.0,1,9.8,3.0,14.0,8.0,0.0,1.0,1.0,10.76,66.34,1.0,0,1,0
52.0,0,22.53,10.0,7.0,1.0,1.0,0.0,1.0,25.24,26.85,1.0,0,1,0
39.0,0,26.99,6.0,2.0,4.0,1.0,0.0,0.0,30.3,98.32,1.0,1,0,0
56.0,1,5.04,12.0,1.0,5.0,1.0,0.0,1.0,4.82,18.04,1.0,0,1,0
44.0,0,22.01,4.0,6.0,4.0,0.0,0.0,0.0,31.58,90.67,1.0,1,0,0
43.0,0,15.92,12.0,0.0,5.0,1.0,0.0,0.0,18.98,44.54,1.0,0,1,0
31.0,1,4.25,4.0,10.0,2.0,0.0,1.0,1.0,2.44,42.73,1.0,0,1,0
34.0,0,19.9,2.0,2.0,8.0,1.0,0.0,0.0,25.57,70.13,1.0,0,1,0
35.0,1,18.67,12.0,1.0,1.0,0.0,1.0,0.0,14.48,9.33,1.0,0,1,0
46.0,0,15.95,13.0,4.0,1.0,1.0,1.0,0.0,19.51,54.67,1.0,0,1,0
37.0,1,27.87,16.0,1.0,5.0,0.0,1.0,0.0,14.3,22.0,1.0,1,0,0
44.0,1,16.11,4.0,9.0,9.0,1.0,0.0,0.0,20.41,49.5,1.0,1,0,0
35.0,0,29.72,8.0,4.0,2.0,0.0,1.0,0.0,30.99,87.75,1.0,1,0,0
21.0,0,15.77,5.0,12.0,1.0,1.0,0.0,1.0,19.25,99.73,1.0,1,0,0
18.0,1,15.74,14.0,2.0,5.0,1.0,1.0,0.0,4.33,97.12,1.0,0,1,0
18.0,0,14.64,15.0,8.0,5.0,1.0,0.0,1.0,19.05,82.12,1.0,1,0,0
43.0,0,6.29,11.0,9.0,6.0,0.0,1.0,0.0,9.1,49.5,1.0,0,1,0
37.0,0,18.32,10.0,8.0,3.0,0.0,0.0,1.0,22.76,92.42,1.0,1,0,0
40.0,1,21.1,10.0,7.0,5.0,1.0,0.0,1.0,26.25,17.64,1.0,0,1,0
27.0,1,14.58,6.0,12.0,2.0,1.0,1.0,1.0,10.45,8.57,1.0,1,0,0
28.0,1,3.83,16.0,4.0,9.0,1.0,1.0,0.0,3.27,12.68,1.0,1,0,0
58.0,0,14.59,4.0,9.0,5.0,0.0,0.0,1.0,9.12,16.26,1.0,0,1,0
58.0,0,3.36,9.0,10.0,4.0,0.0,1.0,1.0,3.47,82.24,1.0,0,1,0
22.0,1,20.78,10.0,6.0,5.0,1.0,1.0,1.0,19.67,94.13,1.0,0,1,0
18.0,1,15.74,5.0,1.0,2.0,1.0,1.0,1.0,19.01,35.18,1.0,0,1,0
34.0,0,28.91,10.0,2.0,1.0,1.0,0.0,1.0,16.46,3.44,1.0,1,0,0
39.0,0,5.32,16.0,11.0,2.0,0.0,1.0,0.0,7.62,30.75,1.0,0,0,1
51.0,0,16.44,11.0,10.0,2.0,0.0,0.0,0.0,18.17,70.61,1.0,0,1,0
58.0,0,17.46,6.0,1.0,6.0,1.0,0.0,0.0,14.4,94.29,1.0,0,1,0
46.0,1,27.75,7.0,9.0,0.0,0.0,0.0,1.0,23.52,44.97,1.0,1,0,0
21.0,0,19.19,12.0,10.0,3.0,0.0,0.0,1.0,14.3,33.61,1.0,0,1,0
22.0,1,5.22,13.0,0.0,2.0,1.0,0.0,0.0,6.85,65.32,1.0,0,1,0
28.0,1,13.65,17.0,2.0,9.0,0.0,1.0,1.0,9.7,21.11,1.0,0,0,1
38.0,1,19.99,9.0,3.0,6.0,0.0,0.0,1.0,27.12,76.58,1.0,1,0,0
52.0,0,21.31,8.0,11.0,0.0,1.0,0.0,1.0,17.29,41.4,1.0,0,1,0
29.0,1,26.03,16.0,8.0,7.0,0.0,0.0,1.0,35.69,97.73,1.0,0,1,0
43.0,0,6.23,3.0,11.0,9.0,1.0,1.0,1.0,8.7,93.41,1.0,1,0,0
36.0,0,28.59,5.0,1.0,6.0,1.0,0.0,1.0,34.21,66.54,1.0,1,0,0
24.0,1,2.72,13.0,8.0,7.0,1.0,1.0,0.0,3.79,64.8,1.0,1,0,0
24.0,1,29.53,18.0,0.0,7.0,1.0,1.0,1.0,14.3,12.32,1.0,0,1,0
43.0,0,25.88,16.0,8.0,8.0,0.0,1.0,1.0,16.68,28.09,1.0,0,0,1
57.0,1,20.15,14.0,5.0,0.0,1.0,0.0,0.0,29.34,86.19,1.0,0,1,0
22.0,0,22.31,11.0,7.0,8.0,0.0,0.0,0.0,15.4,36.3,1.0,1,0,0
38.0,0,3.11,18.0,7.0,0.0,0.0,0.0,0.0,3.09,42.41,1.0,0,1,0
31.0,0,2.2,8.0,7.0,2.0,0.0,1.0,0.0,1.94,83.98,1.0,0,1,0
21.0,1,3.95,12.0,10.0,6.0,0.0,0.0,0.0,3.35,42.69,1.0,0,0,1
40.0,0,3.53,19.0,8.0,7.0,1.0,0.0,0.0,4.53,85.0,1.0,0,1,0
59.0,0,16.87,2.0,6.0,4.0,0.0,1.0,0.0,13.34,6.94,1.0,0,1,0
37.0,0,7.25,9.0,3.0,0.0,0.0,0.0,1.0,7.52,69.11,1.0,1,0,0
32.0,1,25.95,9.0,5.0,2.0,0.0,1.0,0.0,14.3,6.3,1.0,1,0,0
46.0,0,13.93,14.0,5.0,6.0,1.0,0.0,0.0,19.41,79.0,1.0,1,0,0
25.0,0,21.17,15.0,1.0,1.0,0.0,0.0,0.0,13.87,55.22,1.0,0,1,0
58.0,0,19.93,10.0,1.0,1.0,0.0,1.0,0.0,13.46,55.59,1.0,0,1,0
36.0,1,10.28,13.0,10.0,8.0,0.0,1.0,1.0,6.28,37.67,1.0,0,0,1
56.0,0,8.05,5.0,4.0,5.0,0.0,0.0,1.0,10.13,90.33,1.0,0,1,0
45.0,0,10.93,6.0,0.0,3.0,1.0,0.0,1.0,7.23,50.91,1.0,1,0,0
44.0,1,24.1,5.0,4.0,9.0,1.0,0.0,1.0,24.9,26.04,1.0,0,1,0
21.0,1,18.0,1.0,9.0,8.0,1.0,1.0,0.0,22.8,82.41,1.0,1,0,0
39.0,0,8.35,18.0,14.0,6.0,1.0,0.0,1.0,5.14,94.81,1.0,0,1,0
52.0,0,15.74,8.0,2.0,6.0,1.0,0.0,0.0,35.36,24.23,1.0,0,1,0
54.0,0,2.59,17.0,2.0,7.0,0.0,1.0,1.0,2.03,60.53,1.0,1,0,0
18.0,1,21.28,11.0,7.0,2.0,1.0,0.0,1.0,27.5,58.86,1.0,0,1,0
20.0,1,13.73,11.0,10.0,1.0,1.0,1.0,0.0,17.76,60.96,1.0,1,0,0
41.0,0,22.21,3.0,2.0,0.0,0.0,0.0,0.0,18.84,56.42,1.0,1,0,0
44.0,1,27.9,8.0,2.0,1.0,1.0,1.0,1.0,29.31,10.02,1.0,1,0,0
57.0,0,22.75,8.0,0.0,2.0,0.0,0.0,1.0,25.73,41.25,1.0,0,0,1
53.0,0,13.82,3.0,13.0,5.0,1.0,1.0,1.0,12.65,98.57,1.0,0,1,0
51.0,1,5.38,10.0,7.0,7.0,0.0,0.0,1.0,4.62,8.82,1.0,0,1,0
46.0,0,24.38,19.0,12.0,2.0,0.0,1.0,1.0,32.96,66.96,1.0,0,1,0
41.0,1,15.74,14.0,14.0,6.0,1.0,1.0,1.0,10.08,89.43,1.0,0,1,0
41.0,1,3.18,18.0,13.0,4.0,0.0,1.0,1.0,4.12,20.07,1.0,0,1,0
59.0,0,21.85,3.0,9.0,4.0,1.0,1.0,1.0,15.38,80.24,1.0,0,1,0
21.0,1,9.46,14.0,9.0,7.0,1.0,1.0,1.0,11.35,24.18,1.0,0,1,0
20.0,0,2.42,11.0,5.0,9.0,1.0,1.0,0.0,1.91,3.04,1.0,0,1,0
51.0,1,27.18,10.0,10.0,4.0,1.0,0.0,1.0,38.8,52.11,1.0,0,1,0
40.0,0,15.01,14.0,7.0,9.0,0.0,1.0,0.0,16.59,71.09,1.0,1,0,0
40.0,0,9.15,1.0,2.0,6.0,0.0,0.0,0.0,9.46,19.69,1.0,0,1,0
22.0,0,21.78,16.0,13.0,9.0,0.0,0.0,0.0,17.32,7.04,1.0,0,1,0
48.0,1,26.69,6.0,10.0,7.0,0.0,1.0,1.0,26.92,55.35,1.0,1,0,0
58.0,0,1.01,18.0,5.0,7.0,0.0,1.0,0.0,0.57,14.77,1.0,0,1,0
23.0,1,20.95,16.0,14.0,2.0,1.0,0.0,1.0,13.48,18.43,1.0,0,0,1
54.0,1,23.24,19.0,11.0,5.0,0.0,0.0,1.0,18.48,70.35,1.0,1,0,0
27.0,1,7.09,16.0,1.0,7.0,0.0,1.0,1.0,10.28,61.21,1.0,0,1,0
57.0,1,15.2,5.0,2.0,4.0,0.0,0.0,1.0,14.71,94.7,1.0,1,0,0
24.0,1,3.59,12.0,12.0,0.0,0.0,0.0,0.0,3.23,32.34,1.0,1,0,0
56.0,0,22.66,6.0,3.0,6.0,0.0,0.0,0.0,28.84,21.44,1.0,0,1,0
55.0,1,25.58,2.0,8.0,2.0,1.0,1.0,1.0,30.53,65.57,1.0,1,0,0
38.0,0,4.14,16.0,14.0,1.0,0.0,1.0,1.0,4.82,97.2,1.0,0,1,0
37.0,0,24.68,11.0,11.0,9.0,1.0,0.0,0.0,27.29,55.35,1.0,0,1,0
20.0,1,23.38,12.0,3.0,4.0,1.0,0.0,0.0,14.73,29.38,1.0,0,1,0
39.0,0,11.06,11.0,6.0,0.0,0.0,1.0,1.0,9.85,91.05,1.0,0,1,0
21.0,0,21.02,19.0,11.0,8.0,1.0,0.0,1.0,29.45,61.04,1.0,0,1,0
45.0,1,1.0,8.0,7.0,9.0,0.0,0.0,0.0,1.46,21.27,1.0,0,0,1
29.0,0,28.02,18.0,4.0,4.0,0.0,1.0,1.0,26.13,94.96,1.0,0,1,0
55.0,1,16.96,5.0,14.0,5.0,0.0,0.0,0.0,8.5,27.3,1.0,0,1,0
53.0,1,18.99,12.0,7.0,6.0,0.0,0.0,1.0,18.98,89.85,1.0,0,1,0
58.0,1,20.28,10.0,14.0,5.0,0.0,0.0,1.0,14.75,61.46,1.0,1,0,0
22.0,0,17.28,15.0,10.0,4.0,0.0,1.0,1.0,11.89,50.26,1.0,0,0,1
30.0,0,25.85,5.0,7.0,3.0,1.0,1.0,1.0,20.26,33.26,1.0,1,0,0
40.0,0,18.68,17.0,4.0,2.0,0.0,1.0,1.0,11.63,11.89,1.0,0,0,1
47.0,0,27.33,4.0,4.0,4.0,1.0,1.0,1.0,14.3,24.48,1.0,1,0,0
54.0,1,17.89,12.0,6.0,9.0,1.0,0.0,1.0,16.9,33.1,1.0,0,0,1
42.0,1,5.96,18.0,5.0,9.0,0.0,1.0,1.0,4.54,28.87,1.0,1,0,0
44.0,0,27.49,8.0,2.0,2.0,1.0,1.0,0.0,20.79,7.33,1.0,0,1,0
31.0,1,20.77,17.0,13.0,4.0,1.0,1.0,1.0,14.99,57.98,1.0,0,1,0
53.0,0,21.28,8.0,13.0,7.0,1.0,0.0,0.0,21.21,47.52,1.0,1,0,0
56.0,1,29.58,13.0,6.0,1.0,1.0,0.0,0.0,36.48,10.65,1.0,0,1,0
33.0,1,3.18,3.0,11.0,3.0,0.0,1.0,1.0,3.68,46.39,1.0,0,1,0
39.0,1,13.43,3.0,13.0,7.0,0.0,0.0,1.0,19.82,7.9,1.0,0,1,0
38.0,1,7.93,7.0,0.0,4.0,1.0,1.0,0.0,11.21,93.15,1.0,0,0,1
38.0,1,19.28,18.0,3.0,7.0,0.0,0.0,1.0,17.69,25.91,1.0,0,1,0
25.0,0,24.4,7.0,3.0,5.0,0.0,1.0,0.0,32.04,72.48,1.0,1,0,0
33.0,0,29.02,2.0,5.0,0.0,1.0,0.0,0.0,19.86,25.12,1.0,1,0,0
48.0,1,14.18,7.0,5.0,4.0,1.0,1.0,0.0,10.1,47.45,1.0,0,0,1
59.0,0,23.8,2.0,9.0,9.0,0.0,0.0,0.0,28.58,93.33,1.0,0,0,1
27.0,1,27.59,7.0,7.0,1.0,0.0,0.0,0.0,19.77,87.17,1.0,1,0,0
49.0,1,15.74,14.0,11.0,6.0,1.0,1.0,1.0,19.8,77.89,1.0,0,1,0
51.0,1,8.04,15.0,0.0,9.0,0.0,1.0,0.0,6.61,79.02,1.0,0,1,0
26.0,1,18.63,16.0,12.0,3.0,1.0,0.0,0.0,13.65,82.35,1.0,0,1,0
34.0,0,29.13,8.0,6.0,1.0,0.0,0.0,1.0,14.3,74.26,1.0,1,0,0
28.0,1,29.64,16.0,13.0,0.0,1.0,1.0,0.0,32.96,89.69,1.0,1,0,0
49.0,0,19.63,7.0,3.0,4.0,1.0,1.0,1.0,10.92,35.02,1.0,1,0,0
27.0,1,26.72,11.0,12.0,9.0,1.0,0.0,1.0,32.13,52.61,1.0,0,1,0
39.0,1,6.81,4.0,5.0,7.0,0.0,0.0,0.0,9.5,64.64,1.0,0,1,0
34.0,0,8.14,18.0,9.0,7.0,0.0,1.0,1.0,6.87,19.78,1.0,0,1,0
21.0,1,28.63,13.0,14.0,9.0,1.0,1.0,0.0,26.15,50.33,1.0,0,1,0
42.0,1,4.92,17.0,13.0,1.0,1.0,0.0,1.0,5.37,12.41,1.0,0,1,0
38.0,0,6.54,12.0,8.0,5.0,0.0,0.0,1.0,7.63,61.16,1.0,0,1,0
54.0,0,13.2,18.0,2.0,6.0,0.0,0.0,1.0,13.79,9.76,1.0,1,0,0
55.0,0,18.1,10.0,7.0,9.0,1.0,1.0,0.0,21.55,50.34,1.0,0,1,0
18.0,1,18.51,7.0,2.0,0.0,0.0,0.0,1.0,24.22,46.16,1.0,0,1,0
42.0,1,9.47,12.0,5.0,4.0,1.0,1.0,0.0,14.11,11.18,1.0,0,0,1
53.0,0,27.7,12.0,1.0,5.0,1.0,0.0,0.0,24.73,43.93,1.0,0,1,0
34.0,0,27.54,13.0,8.0,6.0,1.0,0.0,0.0,29.87,67.78,1.0,0,1,0
58.0,1,12.37,1.0,13.0,8.0,0.0,1.0,1.0,10.84,59.47,1.0,0,1,0
41.0,1,13.59,7.0,12.0,2.0,0.0,1.0,1.0,10.03,45.8,1.0,0,1,0
19.0,0,21.37,16.0,1.0,7.0,1.0,1.0,1.0,32.0,36.49,1.0,0,1,0
57.0,0,15.74,16.0,11.0,9.0,0.0,0.0,1.0,14.3,5.74,1.0,0,1,0
32.0,0,15.74,16.0,4.0,2.0,0.0,0.0,1.0,14.3,95.59,1.0,0,1,0
49.0,0,13.01,16.0,5.0,8.0,1.0,1.0,1.0,14.09,40.27,1.0,0,1,0
56.0,1,11.09,14.0,3.0,7.0,0.0,0.0,1.0,13.42,41.65,1.0,0,1,0
23.0,1,7.83,11.0,11.0,8.0,1.0,1.0,1.0,9.62,12.83,1.0,1,0,0
18.0,1,14.29,19.0,6.0,4.0,1.0,0.0,1.0,17.2,53.27,1.0,0,1,0
40.0,1,20.91,11.0,12.0,8.0,1.0,0.0,1.0,26.94,97.92,1.0,0,0,1
56.0,0,22.52,2.0,6.0,2.0,1.0,1.0,0.0,28.03,25.3,1.0,0,1,0
34.0,1,23.59,7.0,11.0,6.0,0.0,1.0,1.0,24.67,31.33,1.0,0,1,0
51.0,0,11.87,9.0,6.0,2.0,0.0,1.0,1.0,11.52,23.62,1.0,1,0,0
58.0,1,23.17,9.0,10.0,5.0,1.0,0.0,0.0,14.3,86.66,1.0,0,1,0
46.0,1,1.19,14.0,6.0,7.0,0.0,0.0,0.0,1.47,47.52,1.0,0,1,0
26.0,1,14.83,10.0,12.0,1.0,0.0,0.0,1.0,12.35,82.35,1.0,1,0,0
30.0,0,24.02,10.0,9.0,7.0,1.0,0.0,0.0,12.08,85.01,1.0,0,1,0
23.0,1,19.27,18.0,10.0,0.0,1.0,1.0,1.0,15.69,74.91,1.0,1,0,0
23.0,0,14.75,1.0,9.0,3.0,0.0,1.0,0.0,15.26,26.1,1.0,0,0,1
37.0,0,19.69,2.0,8.0,6.0,0.0,0.0,0.0,20.2,3.53,1.0,0,1,0
20.0,1,27.3,4.0,1.0,0.0,1.0,1.0,1.0,24.02,14.33,1.0,0,1,0
34.0,0,17.43,2.0,4.0,5.0,1.0,0.0,0.0,24.97,69.69,1.0,0,1,0
29.0,1,24.19,4.0,9.0,9.0,1.0,1.0,1.0,23.62,49.5,1.0,0,0,1
18.0,0,29.44,6.0,8.0,5.0,0.0,1.0,1.0,18.81,76.64,1.0,1,0,0
34.0,1,21.46,4.0,11.0,6.0,0.0,0.0,0.0,14.88,24.4,1.0,0,0,1
20.0,0,17.63,18.0,12.0,8.0,1.0,0.0,1.0,14.3,15.3,1.0,0,1,0
43.0,0,2.09,5.0,13.0,6.0,0.0,1.0,0.0,1.61,92.31,1.0,1,0,0
32.0,1,11.86,11.0,10.0,2.0,0.0,0.0,1.0,9.54,66.42,1.0,0,1,0
53.0,1,17.4,13.0,10.0,3.0,0.0,1.0,1.0,14.51,74.2,1.0,0,1,0
49.0,1,24.12,3.0,1.0,0.0,0.0,0.0,0.0,32.23,9.39,1.0,0,0,1
49.0,1,13.71,19.0,2.0,4.0,1.0,1.0,1.0,17.35,41.25,1.0,0,1,0
21.0,0,28.84,11.0,6.0,6.0,0.0,0.0,1.0,28.73,6.33,1.0,0,0,1
35.0,0,8.88,11.0,8.0,2.0,1.0,1.0,0.0,8.39,65.78,1.0,0,1,0
36.0,1,15.74,2.0,13.0,5.0,1.0,0.0,1.0,19.84,48.94,1.0,1,0,0
52.0,0,13.15,15.0,14.0,2.0,1.0,1.0,0.0,14.3,45.15,1.0,0,1,0
57.0,1,15.09,8.0,2.0,3.0,1.0,1.0,1.0,21.42,90.29,1.0,0,1,0
31.0,0,24.27,2.0,14.0,4.0,1.0,0.0,1.0,19.21,74.01,1.0,0,1,0
50.0,1,9.59,8.0,9.0,5.0,1.0,1.0,0.0,12.87,96.43,1.0,0,1,0
31.0,0,3.81,15.0,7.0,5.0,0.0,0.0,0.0,4.73,4.63,1.0,0,1,0
51.0,1,16.09,16.0,10.0,0.0,0.0,0.0,1.0,9.89,61.57,1.0,1,0,0
21.0,1,15.74,13.0,14.0,7.0,0.0,1.0,1.0,13.29,63.02,1.0,0,1,0
41.0,1,24.12,17.0,7.0,2.0,1.0,0.0,1.0,23.75,2.65,1.0,0,1,0
46.0,1,29.08,14.0,11.0,3.0,1.0,0.0,1.0,22.16,78.71,1.0,0,1,0
36.0,1,2.6,14.0,3.0,7.0,0.0,0.0,0.0,14.3,15.36,1.0,0,1,0
23.0,0,18.16,1.0,10.0,4.0,1.0,0.0,0.0,14.21,70.13,1.0,1,0,0
50.0,1,20.76,1.0,12.0,5.0,1.0,0.0,1.0,23.58,3.78,1.0,1,0,0
57.0,0,29.59,10.0,5.0,0.0,0.0,1.0,0.0,25.47,61.37,1.0,0,1,0
36.0,0,28.34,15.0,10.0,7.0,0.0,0.0,0.0,23.98,52.08,1.0,0,1,0
18.0,1,21.66,5.0,11.0,4.0,0.0,0.0,1.0,16.71,48.33,1.0,1,0,0
22.0,0,16.13,5.0,7.0,0.0,1.0,1.0,0.0,20.99,36.67,1.0,0,1,0
44.0,0,5.68,4.0,11.0,6.0,0.0,0.0,1.0,6.51,42.02,1.0,0,1,0
33.0,0,12.14,14.0,8.0,1.0,1.0,0.0,0.0,14.82,47.69,1.0,0,1,0
23.0,1,17.97,7.0,1.0,5.0,0.0,1.0,1.0,16.06,29.77,1.0,0,1,0
57.0,1,22.03,15.0,0.0,2.0,0.0,1.0,0.0,29.51,93.53,1.0,0,1,0
39.0,1,19.43,11.0,4.0,5.0,0.0,1.0,1.0,17.81,96.5,1.0,0,1,0
52.0,1,21.71,14.0,9.0,8.0,0.0,0.0,1.0,14.69,29.99,1.0,1,0,0
36.0,0,13.45,10.0,2.0,5.0,0.0,0.0,1.0,13.59,77.87,1.0,0,1,0
29.0,0,22.1,10.0,10.0,0.0,0.0,1.0,1.0,20.88,75.16,1.0,0,1,0
33.0,0,5.17,7.0,12.0,5.0,1.0,1.0,1.0,3.06,87.56,1.0,0,1,0
27.0,0,5.72,10.0,5.0,2.0,1.0,1.0,0.0,6.65,0.38,1.0,0,1,0
42.0,0,5.72,14.0,11.0,3.0,1.0,0.0,0.0,7.5,33.81,1.0,0,1,0
37.0,0,26.84,5.0,13.0,3.0,1.0,1.0,0.0,22.98,14.5,1.0,0,0,1
48.0,1,3.2,1.0,10.0,8.0,1.0,0.0,0.0,4.03,39.09,1.0,0,1,0
21.0,0,24.24,19.0,0.0,7.0,1.0,1.0,1.0,26.32,57.56,1.0,1,0,0
40.0,0,7.77,8.0,11.0,6.0,1.0,0.0,1.0,6.01,90.88,1.0,0,1,0
19.0,0,14.58,19.0,10.0,4.0,0.0,1.0,0.0,12.31,83.96,1.0,1,0,0
39.0,1,27.56,17.0,3.0,9.0,0.0,1.0,1.0,39.86,49.9,1.0,0,1,0
54.0,0,17.99,19.0,5.0,3.0,1.0,1.0,0.0,12.88,2.35,1.0,0,1,0
25.0,0,7.09,16.0,1.0,2.0,1.0,1.0,0.0,4.62,30.09,1.0,1,0,0
24.0,1,9.24,4.0,10.0,0.0,0.0,0.0,1.0,5.32,10.66,1.0,0,1,0
31.0,0,27.69,8.0,10.0,8.0,1.0,1.0,0.0,38.09,65.06,1.0,1,0,0
20.0,1,13.39,4.0,7.0,7.0,1.0,1.0,0.0,15.69,69.54,1.0,0,1,0
33.0,1,18.02,13.0,3.0,0.0,0.0,1.0,0.0,11.11,64.88,1.0,0,0,1
36.0,0,14.34,7.0,1.0,1.0,0.0,0.0,1.0,18.15,27.47,1.0,1,0,0
35.0,0,11.97,1.0,0.0,0.0,1.0,1.0,0.0,13.52,91.95,1.0,0,0,1
33.0,1,7.48,9.0,7.0,0.0,1.0,1.0,0.0,11.12,58.85,1.0,0,1,0
25.0,0,20.9,4.0,9.0,8.0,0.0,1.0,1.0,21.14,59.72,1.0,0,1,0
50.0,0,21.83,14.0,0.0,4.0,0.0,0.0,1.0,22.19,81.56,1.0,1,0,0
29.0,1,8.97,9.0,6.0,2.0,1.0,0.0,1.0,6.72,6.92,1.0,1,0,0
28.0,1,23.88,3.0,6.0,1.0,0.0,0.0,1.0,16.5,20.96,1.0,0,0,1
22.0,0,25.78,15.0,12.0,7.0,1.0,0.0,1.0,31.8,58.96,1.0,0,1,0
44.0,1,27.7,5.0,5.0,7.0,1.0,0.0,1.0,24.17,61.04,1.0,1,0,0
29.0,0,5.68,1.0,7.0,5.0,0.0,0.0,1.0,6.95,46.68,1.0,0,1,0
34.0,0,9.81,11.0,9.0,1.0,0.0,1.0,0.0,12.5,77.99,1.0,0,1,0
23.0,0,25.95,19.0,0.0,0.0,1.0,0.0,1.0,36.42,34.56,1.0,0,1,0
50.0,0,6.76,5.0,11.0,5.0,1.0,1.0,0.0,6.27,1.12,1.0,0,1,0
22.0,1,1.1,17.0,0.0,0.0,1.0,1.0,0.0,0.66,34.0,1.0,0,0,1
45.0,0,26.25,19.0,12.0,5.0,0.0,1.0,1.0,13.7,96.59,1.0,0,1,0
31.0,1,10.47,17.0,0.0,9.0,0.0,0.0,0.0,8.29,77.9,1.0,1,0,0
22.0,0,13.02,5.0,5.0,1.0,1.0,0.0,0.0,18.65,31.83,1.0,0,1,0
50.0,0,13.94,9.0,6.0,6.0,1.0,1.0,1.0,17.39,22.24,1.0,0,1,0
58.0,1,25.6,6.0,9.0,9.0,1.0,1.0,0.0,27.11,81.03,1.0,0,1,0
36.0,0,10.8,13.0,8.0,1.0,1.0,1.0,0.0,7.99,19.99,1.0,0,1,0
39.0,1,26.88,11.0,9.0,1.0,0.0,0.0,0.0,32.6,58.02,1.0,0,1,0
22.0,1,18.89,1.0,4.0,5.0,1.0,1.0,1.0,23.44,50.8,1.0,1,0,0
19.0,0,16.29,17.0,0.0,3.0,0.0,1.0,1.0,11.9,42.27,1.0,0,0,1
47.0,0,10.44,6.0,8.0,5.0,1.0,1.0,1.0,12.61,42.6,1.0,0,1,0
56.0,0,8.07,3.0,4.0,7.0,0.0,1.0,0.0,5.01,70.24,1.0,0,1,0
39.0,0,19.1,16.0,5.0,9.0,0.0,0.0,0.0,11.49,10.28,1.0,0,1,0
50.0,1,13.96,13.0,8.0,2.0,0.0,0.0,1.0,7.75,39.52,1.0,1,0,0
30.0,0,27.4,12.0,1.0,4.0,1.0,1.0,1.0,35.9,96.84,1.0,0,1,0
37.0,0,15.26,11.0,13.0,4.0,0.0,0.0,0.0,11.76,77.82,1.0,0,1,0
24.0,0,15.84,2.0,2.0,9.0,1.0,1.0,0.0,17.49,2.1,1.0,0,1,0
32.0,0,13.08,19.0,13.0,8.0,1.0,1.0,0.0,8.43,44.71,1.0,0,0,1
40.0,0,23.89,8.0,6.0,6.0,0.0,1.0,0.0,22.51,11.72,1.0,0,1,0
31.0,1,13.32,13.0,2.0,8.0,1.0,0.0,0.0,7.03,48.47,1.0,0,1,0
40.0,0,8.81,14.0,14.0,7.0,0.0,1.0,1.0,11.98,10.36,1.0,0,1,0
36.0,1,26.0,15.0,1.0,2.0,0.0,0.0,1.0,27.03,38.92,1.0,1,0,0
46.0,0,18.31,17.0,6.0,1.0,1.0,0.0,0.0,25.46,54.5,1.0,1,0,0
37.0,0,18.15,15.0,7.0,2.0,1.0,1.0,0.0,17.57,36.73,1.0,0,1,0
46.0,0,18.71,10.0,8.0,5.0,1.0,1.0,0.0,15.27,57.86,1.0,0,0,1
41.0,1,21.85,1.0,1.0,9.0,0.0,1.0,1.0,19.68,98.5,1.0,1,0,0
35.0,0,10.08,12.0,12.0,3.0,0.0,0.0,1.0,7.5,24.58,1.0,1,0,0
27.0,1,1.98,9.0,1.0,0.0,1.0,1.0,0.0,2.74,56.45,1.0,1,0,0
58.0,1,24.51,5.0,10.0,9.0,1.0,1.0,0.0,19.5,47.13,1.0,1,0,0
25.0,0,4.74,15.0,6.0,9.0,0.0,1.0,0.0,3.76,80.93,1.0,0,1,0
43.0,1,21.93,3.0,13.0,8.0,1.0,0.0,1.0,24.82,31.49,1.0,0,1,0
46.0,0,3.39,19.0,14.0,5.0,1.0,0.0,1.0,2.11,63.8,1.0,1,0,0
27.0,0,11.88,7.0,3.0,0.0,0.0,1.0,1.0,8.54,69.3,1.0,0,1,0
34.0,1,2.83,7.0,4.0,2.0,1.0,0.0,0.0,2.63,97.57,1.0,0,1,0
19.0,0,16.14,7.0,0.0,0.0,0.0,1.0,0.0,11.02,15.13,1.0,0,1,0
23.0,0,19.94,2.0,14.0,8.0,0.0,0.0,1.0,15.1,99.83,1.0,1,0,0
22.0,1,5.97,2.0,5.0,3.0,1.0,1.0,1.0,7.16,72.12,1.0,0,1,0
45.0,1,11.78,12.0,9.0,1.0,0.0,0.0,1.0,9.19,45.63,1.0,1,0,0
58.0,1,27.98,5.0,12.0,3.0,1.0,0.0,1.0,31.82,26.36,1.0,1,0,0
22.0,1,13.83,10.0,7.0,1.0,0.0,1.0,0.0,13.75,62.87,1.0,0,1,0
35.0,1,24.27,7.0,10.0,5.0,0.0,0.0,0.0,30.77,14.18,1.0,0,1,0
43.0,1,27.89,16.0,14.0,5.0,1.0,1.0,0.0,34.88,94.68,1.0,0,1,0
37.0,0,29.26,3.0,0.0,6.0,0.0,1.0,0.0,20.41,18.44,1.0,0,1,0
58.0,1,27.05,2.0,1.0,8.0,1.0,1.0,1.0,39.04,77.43,1.0,0,1,0
44.0,1,10.2,17.0,6.0,8.0,0.0,0.0,0.0,13.28,34.51,1.0,0,1,0
29.0,0,28.91,9.0,13.0,3.0,1.0,0.0,1.0,29.85,21.58,1.0,0,1,0
24.0,0,24.56,8.0,1.0,8.0,1.0,1.0,1.0,26.03,80.87,1.0,0,1,0
20.0,1,25.28,12.0,8.0,7.0,0.0,1.0,0.0,33.59,88.78,1.0,1,0,0
27.0,1,1.44,7.0,5.0,0.0,0.0,0.0,1.0,1.42,0.56,1.0,0,1,0
51.0,0,28.67,14.0,11.0,6.0,1.0,1.0,1.0,28.05,97.42,1.0,1,0,0
42.0,1,23.56,16.0,11.0,6.0,0.0,1.0,0.0,26.63,42.19,1.0,0,1,0
52.0,1,23.27,1.0,4.0,9.0,1.0,1.0,0.0,13.69,9.61,1.0,1,0,0
33.0,0,3.36,10.0,6.0,3.0,1.0,1.0,0.0,3.64,45.32,1.0,1,0,0
19.0,1,7.74,11.0,9.0,6.0,0.0,0.0,0.0,5.6,11.86,1.0,1,0,0
41.0,0,28.91,7.0,7.0,9.0,1.0,1.0,1.0,17.83,25.88,1.0,0,1,0
27.0,1,15.52,18.0,12.0,9.0,1.0,0.0,0.0,20.42,55.75,1.0,1,0,0
55.0,0,12.54,19.0,8.0,4.0,0.0,0.0,0.0,11.06,35.92,1.0,0,1,0
39.0,0,25.36,14.0,5.0,4.0,1.0,0.0,0.0,25.43,22.78,1.0,0,1,0
43.0,0,3.53,17.0,4.0,4.0,1.0,0.0,1.0,2.8,19.65,1.0,0,1,0
56.0,1,13.09,19.0,6.0,5.0,1.0,1.0,0.0,6.95,63.66,1.0,0,1,0
44.0,0,11.9,13.0,1.0,6.0,0.0,1.0,1.0,11.21,90.97,1.0,0,1,0
46.0,1,11.15,3.0,14.0,4.0,0.0,1.0,1.0,13.94,5.64,1.0,1,0,0
55.0,0,9.92,2.0,7.0,8.0,0.0,1.0,1.0,12.48,24.42,1.0,0,1,0
37.0,0,7.09,9.0,11.0,8.0,0.0,0.0,1.0,10.08,66.54,1.0,0,1,0
44.0,0,6.01,7.0,3.0,6.0,1.0,0.0,1.0,8.06,49.5,1.0,0,1,0
58.0,1,19.57,14.0,0.0,9.0,1.0,0.0,0.0,29.01,68.13,1.0,1,0,0
37.0,1,27.66,5.0,2.0,2.0,1.0,1.0,0.0,29.64,5.26,1.0,0,1,0
36.0,0,15.76,15.0,12.0,3.0,1.0,0.0,1.0,8.68,17.89,1.0,0,1,0
37.0,1,9.64,10.0,8.0,3.0,0.0,0.0,1.0,13.14,34.77,1.0,1,0,0
52.0,1,5.62,7.0,3.0,6.0,1.0,1.0,1.0,8.16,15.74,1.0,0,1,0
19.0,1,25.07,5.0,14.0,1.0,1.0,0.0,0.0,24.17,18.23,1.0,0,1,0
47.0,0,29.17,4.0,9.0,4.0,0.0,0.0,0.0,17.91,27.37,1.0,0,1,0
51.0,1,11.13,11.0,9.0,3.0,0.0,1.0,1.0,5.84,37.28,1.0,1,0,0
39.0,0,9.44,19.0,13.0,9.0,1.0,0.0,1.0,10.51,39.18,1.0,1,0,0
20.0,0,18.44,6.0,10.0,8.0,1.0,0.0,1.0,14.3,49.94,1.0,0,1,0
23.0,0,23.48,18.0,2.0,0.0,1.0,0.0,0.0,12.12,92.82,1.0,0,1,0
32.0,1,14.21,5.0,3.0,9.0,1.0,0.0,1.0,20.59,99.33,1.0,0,1,0
44.0,0,19.27,15.0,2.0,2.0,0.0,0.0,1.0,20.08,1.97,1.0,1,0,0
27.0,1,21.78,6.0,2.0,5.0,0.0,1.0,1.0,24.23,49.38,1.0,1,0,0
26.0,1,28.86,4.0,1.0,3.0,1.0,0.0,0.0,30.71,75.21,1.0,0,1,0
50.0,0,5.79,17.0,5.0,2.0,0.0,0.0,1.0,4.73,7.33,1.0,0,1,0
49.0,0,29.92,15.0,12.0,5.0,1.0,1.0,1.0,41.91,94.12,1.0,1,0,0
23.0,0,12.37,18.0,14.0,2.0,1.0,1.0,1.0,6.23,93.77,1.0,1,0,0
58.0,1,21.97,6.0,9.0,6.0,1.0,0.0,1.0,27.4,20.84,1.0,1,0,0
53.0,1,17.6,19.0,5.0,0.0,1.0,1.0,1.0,14.3,49.5,1.0,1,0,0
39.0,0,15.11,12.0,9.0,8.0,0.0,0.0,1.0,10.43,58.15,1.0,1,0,0
46.0,0,21.24,9.0,3.0,9.0,1.0,0.0,1.0,19.88,3.39,1.0,0,1,0
21.0,1,12.48,8.0,13.0,1.0,0.0,1.0,1.0,8.71,29.73,1.0,0,1,0
18.0,1,4.66,15.0,7.0,3.0,1.0,0.0,0.0,6.38,26.34,1.0,0,1,0
36.0,0,15.18,1.0,5.0,5.0,0.0,1.0,1.0,19.67,87.97,1.0,1,0,0
43.0,1,16.14,2.0,11.0,5.0,1.0,0.0,1.0,21.9,89.75,1.0,0,1,0
42.0,1,6.86,3.0,7.0,7.0,0.0,1.0,1.0,9.16,3.45,1.0,0,1,0
27.0,1,28.13,19.0,5.0,7.0,1.0,1.0,0.0,37.27,74.14,1.0,0,1,0
32.0,1,7.6,10.0,14.0,3.0,1.0,0.0,0.0,8.22,11.99,1.0,0,1,0
39.0,1,12.87,14.0,12.0,5.0,1.0,1.0,0.0,18.04,79.09,1.0,1,0,0
38.0,1,5.49,19.0,8.0,8.0,0.0,0.0,0.0,3.07,84.56,1.0,0,1,0
39.0,0,16.54,11.0,7.0,6.0,0.0,0.0,1.0,13.0,5.92,1.0,0,1,0
53.0,1,9.92,6.0,13.0,7.0,0.0,0.0,1.0,7.07,32.63,1.0,1,0,0
51.0,0,15.19,19.0,2.0,7.0,1.0,0.0,1.0,9.43,37.97,1.0,0,1,0
47.0,0,7.51,10.0,1.0,1.0,1.0,1.0,0.0,3.8,95.51,1.0,1,0,0
42.0,1,2.56,8.0,9.0,6.0,0.0,0.0,0.0,2.31,37.09,1.0,1,0,0
45.0,0,23.6,2.0,13.0,2.0,1.0,1.0,0.0,28.89,25.6,1.0,0,0,1
18.0,0,19.59,18.0,13.0,6.0,1.0,1.0,0.0,22.43,61.97,1.0,1,0,0
21.0,0,10.88,4.0,5.0,1.0,0.0,0.0,0.0,12.52,15.89,1.0,0,1,0
24.0,1,2.38,3.0,6.0,0.0,0.0,0.0,1.0,3.3,62.51,1.0,0,1,0
39.0,0,26.1,2.0,6.0,8.0,1.0,0.0,0.0,38.04,45.86,1.0,0,1,0
53.0,1,5.92,4.0,4.0,9.0,0.0,0.0,1.0,6.99,73.14,1.0,0,1,0
36.0,0,27.99,18.0,5.0,9.0,1.0,1.0,0.0,16.37,57.88,1.0,0,1,0
18.0,0,14.88,11.0,6.0,0.0,1.0,1.0,0.0,17.51,17.66,1.0,0,1,0
27.0,0,10.87,9.0,10.0,0.0,1.0,1.0,1.0,11.47,93.74,1.0,1,0,0
53.0,0,22.51,8.0,1.0,2.0,0.0,0.0,1.0,12.7,44.88,1.0,0,1,0
26.0,1,26.43,8.0,9.0,0.0,1.0,0.0,1.0,20.01,74.46,1.0,0,1,0
59.0,0,11.75,5.0,14.0,6.0,0.0,0.0,1.0,8.67,53.19,1.0,0,1,0
49.0,0,12.81,10.0,13.0,6.0,0.0,1.0,0.0,16.3,86.53,1.0,0,1,0
49.0,1,13.56,7.0,11.0,7.0,0.0,0.0,0.0,11.46,33.7,1.0,0,1,0
23.0,1,27.75,5.0,6.0,1.0,1.0,1.0,0.0,27.77,63.89,1.0,0,1,0
55.0,1,21.08,13.0,0.0,6.0,0.0,0.0,0.0,27.1,7.94,1.0,1,0,0
34.0,0,8.18,16.0,5.0,8.0,1.0,1.0,0.0,11.75,7.77,1.0,0,1,0
27.0,1,6.36,14.0,7.0,9.0,1.0,0.0,0.0,6.6,84.35,1.0,0,1,0
44.0,1,15.74,5.0,12.0,4.0,0.0,0.0,0.0,8.1,81.84,1.0,0,1,0
52.0,1,8.64,19.0,0.0,9.0,0.0,1.0,1.0,5.15,35.93,1.0,1,0,0
38.0,1,15.74,4.0,0.0,2.0,0.0,1.0,0.0,7.64,67.6,1.0,0,1,0
42.0,1,20.1,11.0,5.0,8.0,1.0,1.0,1.0,23.85,82.9,1.0,0,1,0
45.0,1,4.36,2.0,4.0,0.0,1.0,1.0,1.0,3.0,14.39,1.0,0,1,0
32.0,0,12.23,13.0,14.0,2.0,0.0,1.0,1.0,7.48,98.47,1.0,0,1,0
21.0,1,19.13,16.0,2.0,1.0,1.0,1.0,0.0,26.08,88.59,1.0,1,0,0
46.0,0,9.43,9.0,13.0,1.0,0.0,1.0,1.0,5.8,69.09,1.0,0,1,0
26.0,1,2.89,16.0,9.0,2.0,1.0,1.0,0.0,4.08,54.32,1.0,0,1,0
44.0,1,3.37,7.0,12.0,9.0,1.0,1.0,1.0,2.61,89.49,1.0,1,0,0
43.0,1,4.65,16.0,9.0,6.0,0.0,1.0,1.0,3.86,73.93,1.0,1,0,0
36.0,0,25.24,13.0,6.0,5.0,0.0,1.0,1.0,25.89,58.47,1.0,1,0,0
45.0,1,20.08,5.0,6.0,8.0,1.0,0.0,1.0,13.82,89.16,1.0,1,0,0
34.0,1,2.87,15.0,6.0,9.0,1.0,1.0,0.0,3.41,21.06,1.0,1,0,0
58.0,1,12.34,7.0,13.0,9.0,0.0,1.0,1.0,12.63,24.44,1.0,0,1,0
59.0,1,9.08,18.0,14.0,2.0,1.0,1.0,0.0,13.13,93.01,1.0,1,0,0
37.0,0,17.76,2.0,5.0,4.0,0.0,1.0,1.0,25.06,6.71,1.0,0,0,1
57.0,0,16.16,8.0,3.0,8.0,0.0,1.0,1.0,20.52,4.62,1.0,0,1,0
56.0,0,14.95,10.0,8.0,2.0,1.0,0.0,0.0,10.24,79.19,1.0,0,1,0
40.0,0,10.12,10.0,11.0,7.0,0.0,0.0,1.0,7.22,41.4,1.0,0,0,1
49.0,0,5.0,11.0,14.0,8.0,0.0,1.0,1.0,3.84,91.63,1.0,0,1,0
50.0,1,22.53,8.0,8.0,6.0,0.0,1.0,1.0,30.06,30.07,1.0,1,0,0
22.0,1,26.52,16.0,6.0,5.0,0.0,1.0,0.0,30.44,28.72,1.0,0,1,0
51.0,1,28.38,16.0,6.0,5.0,0.0,1.0,0.0,19.17,95.72,1.0,0,1,0
57.0,0,2.7,17.0,7.0,5.0,0.0,0.0,0.0,2.59,55.38,1.0,0,1,0
28.0,1,22.46,6.0,10.0,4.0,1.0,1.0,1.0,33.13,61.37,1.0,0,1,0
20.0,0,22.07,18.0,4.0,6.0,0.0,0.0,1.0,27.2,89.81,1.0,0,1,0
50.0,1,28.47,17.0,10.0,6.0,0.0,0.0,0.0,40.83,38.08,1.0,0,1,0
28.0,0,8.33,12.0,8.0,6.0,0.0,0.0,1.0,10.9,24.79,1.0,1,0,0
33.0,1,22.52,15.0,5.0,2.0,1.0,0.0,0.0,27.59,57.11,1.0,0,0,1
35.0,1,2.58,7.0,6.0,5.0,0.0,1.0,0.0,3.43,41.0,1.0,0,1,0
47.0,1,19.31,14.0,11.0,8.0,1.0,0.0,1.0,23.03,16.36,1.0,0,1,0
27.0,1,15.74,4.0,6.0,8.0,0.0,1.0,0.0,11.92,11.86,1.0,0,1,0
35.0,0,23.3,17.0,8.0,3.0,0.0,0.0,1.0,28.8,72.55,1.0,0,1,0
55.0,1,26.04,10.0,6.0,8.0,1.0,1.0,1.0,19.0,3.42,1.0,0,1,0
36.0,1,11.58,6.0,13.0,1.0,0.0,1.0,0.0,11.47,52.75,1.0,0,1,0
53.0,1,16.24,10.0,2.0,7.0,0.0,0.0,0.0,23.57,32.96,1.0,0,1,0
30.0,0,4.4,15.0,5.0,1.0,1.0,0.0,0.0,5.76,15.09,1.0,0,1,0
20.0,1,13.09,6.0,5.0,4.0,0.0,0.0,1.0,18.67,89.07,1.0,0,1,0
27.0,1,11.46,16.0,10.0,5.0,0.0,0.0,0.0,16.82,74.05,1.0,1,0,0
55.0,1,6.31,12.0,11.0,1.0,0.0,1.0,1.0,6.86,77.31,1.0,0,1,0
18.0,1,26.94,19.0,6.0,8.0,0.0,0.0,0.0,18.75,43.59,1.0,1,0,0
44.0,1,5.29,16.0,5.0,5.0,1.0,0.0,0.0,6.57,64.83,1.0,0,0,1
25.0,0,19.44,14.0,3.0,7.0,0.0,1.0,0.0,9.86,9.05,1.0,0,0,1
59.0,0,26.81,6.0,13.0,3.0,0.0,1.0,0.0,15.79,13.93,1.0,0,0,1
34.0,0,27.45,9.0,5.0,2.0,0.0,1.0,1.0,21.58,32.26,1.0,0,1,0
26.0,1,24.0,1.0,2.0,3.0,1.0,1.0,1.0,12.36,45.78,1.0,0,1,0
23.0,0,6.11,8.0,0.0,0.0,1.0,1.0,0.0,7.23,9.38,1.0,0,1,0
42.0,1,24.71,7.0,14.0,0.0,0.0,0.0,0.0,32.53,56.5,1.0,1,0,0
56.0,1,9.02,14.0,0.0,7.0,0.0,0.0,0.0,11.31,23.98,1.0,1,0,0
45.0,1,27.75,8.0,4.0,0.0,1.0,0.0,0.0,17.88,77.46,1.0,1,0,0
50.0,1,21.56,11.0,10.0,5.0,0.0,1.0,0.0,28.11,0.05,1.0,0,1,0
54.0,0,23.77,9.0,12.0,9.0,0.0,0.0,1.0,31.58,86.61,1.0,1,0,0
26.0,0,3.47,19.0,13.0,8.0,0.0,0.0,0.0,2.07,73.26,1.0,0,1,0
35.0,0,17.9,7.0,7.0,2.0,0.0,0.0,0.0,17.76,54.62,1.0,0,1,0
38.0,1,24.81,6.0,2.0,9.0,1.0,1.0,0.0,29.48,73.75,1.0,1,0,0
19.0,0,25.99,18.0,12.0,1.0,1.0,1.0,0.0,23.56,36.46,1.0,0,1,0
55.0,0,1.83,10.0,1.0,4.0,1.0,0.0,1.0,2.54,16.26,1.0,0,0,1
57.0,1,28.24,19.0,7.0,1.0,1.0,0.0,0.0,29.06,0.91,1.0,0,1,0
53.0,0,2.26,11.0,7.0,9.0,0.0,0.0,0.0,1.41,54.86,1.0,1,0,0
54.0,1,18.82,5.0,8.0,0.0,0.0,0.0,0.0,19.39,29.19,1.0,0,1,0
32.0,0,21.11,9.0,1.0,8.0,1.0,1.0,0.0,22.74,21.27,1.0,1,0,0
45.0,0,4.11,8.0,11.0,9.0,1.0,1.0,1.0,5.97,86.7,1.0,1,0,0
35.0,0,2.39,11.0,7.0,8.0,0.0,1.0,1.0,2.2,72.52,1.0,0,0,1
51.0,1,23.76,6.0,1.0,0.0,0.0,1.0,1.0,33.1,99.02,1.0,0,1,0
39.0,0,12.16,15.0,6.0,3.0,0.0,1.0,1.0,9.97,66.16,1.0,0,0,1
28.0,0,4.11,6.0,7.0,4.0,0.0,0.0,1.0,3.91,89.54,1.0,0,1,0
39.0,0,23.12,11.0,0.0,1.0,0.0,1.0,1.0,27.17,11.83,1.0,0,1,0
39.0,0,25.63,15.0,7.0,8.0,1.0,1.0,1.0,35.51,72.28,1.0,0,1,0
39.0,1,18.03,12.0,14.0,8.0,0.0,0.0,0.0,22.97,8.62,1.0,1,0,0
24.0,1,5.68,9.0,2.0,8.0,0.0,1.0,0.0,3.72,9.46,1.0,0,1,0
41.0,0,1.44,10.0,12.0,7.0,1.0,0.0,1.0,1.0,85.78,1.0,1,0,0
21.0,0,21.32,10.0,7.0,5.0,0.0,1.0,0.0,12.11,36.01,1.0,1,0,0
45.0,0,16.95,17.0,6.0,0.0,0.0,1.0,0.0,19.01,31.64,1.0,0,1,0
32.0,1,19.87,16.0,9.0,9.0,0.0,1.0,1.0,18.68,18.38,1.0,0,0,1
18.0,0,24.58,8.0,2.0,4.0,1.0,0.0,1.0,33.82,48.49,1.0,0,1,0
20.0,0,13.59,17.0,7.0,7.0,0.0,0.0,0.0,20.24,20.36,1.0,1,0,0
31.0,1,4.61,11.0,8.0,3.0,0.0,0.0,1.0,6.36,53.78,1.0,0,1,0
55.0,1,28.26,11.0,1.0,7.0,0.0,1.0,1.0,15.45,66.04,1.0,0,1,0
18.0,1,16.81,6.0,14.0,5.0,0.0,0.0,0.0,24.28,65.49,1.0,0,1,0
55.0,0,18.84,2.0,0.0,0.0,1.0,0.0,1.0,11.36,36.46,1.0,0,1,0
55.0,1,28.07,1.0,7.0,0.0,0.0,1.0,1.0,26.59,70.4,1.0,0,1,0
38.0,1,28.02,6.0,9.0,2.0,0.0,1.0,1.0,22.34,26.61,1.0,0,1,0
46.0,0,17.59,5.0,5.0,0.0,0.0,1.0,0.0,11.55,80.77,1.0,0,1,0
22.0,1,9.63,9.0,9.0,3.0,0.0,1.0,0.0,6.46,0.01,1.0,0,1,0
27.0,0,29.92,5.0,0.0,2.0,1.0,0.0,1.0,25.31,96.66,1.0,0,1,0
45.0,0,20.74,18.0,2.0,6.0,1.0,0.0,1.0,10.9,43.36,1.0,1,0,0
38.0,1,12.84,19.0,8.0,8.0,0.0,0.0,0.0,7.25,33.4,1.0,0,1,0
24.0,0,17.24,15.0,8.0,6.0,0.0,1.0,1.0,20.93,62.45,1.0,1,0,0
20.0,1,13.06,15.0,5.0,4.0,1.0,1.0,0.0,14.71,87.91,1.0,1,0,0
37.0,1,26.76,9.0,7.0,0.0,1.0,1.0,0.0,16.04,35.26,1.0,1,0,0
36.0,1,14.99,14.0,7.0,4.0,1.0,0.0,0.0,13.98,7.0,1.0,1,0,0
52.0,0,24.88,5.0,5.0,0.0,1.0,0.0,0.0,27.56,35.38,1.0,0,1,0
21.0,1,25.37,17.0,0.0,5.0,0.0,0.0,0.0,15.16,0.51,1.0,1,0,0
22.0,0,24.91,15.0,5.0,7.0,1.0,0.0,0.0,14.3,18.5,1.0,0,1,0
18.0,0,15.74,17.0,12.0,6.0,0.0,1.0,0.0,29.59,5.2,1.0,1,0,0
21.0,0,25.79,9.0,4.0,0.0,1.0,1.0,0.0,18.76,38.76,1.0,1,0,0
29.0,1,12.23,13.0,7.0,7.0,0.0,1.0,0.0,12.46,5.97,1.0,0,1,0
44.0,0,4.33,13.0,12.0,8.0,0.0,0.0,1.0,4.36,98.39,1.0,1,0,0
59.0,0,25.43,5.0,1.0,9.0,1.0,0.0,1.0,21.21,78.19,1.0,0,1,0
40.0,1,15.45,14.0,11.0,1.0,1.0,0.0,0.0,19.46,41.95,1.0,0,1,0
42.0,1,4.69,7.0,6.0,0.0,1.0,0.0,1.0,5.43,79.04,1.0,0,1,0
38.0,0,4.34,5.0,5.0,5.0,0.0,1.0,1.0,5.92,41.74,1.0,1,0,0
41.0,0,5.62,12.0,0.0,3.0,1.0,1.0,0.0,2.84,64.71,1.0,1,0,0
42.0,1,22.78,3.0,11.0,6.0,1.0,0.0,0.0,25.15,82.15,1.0,1,0,0
49.0,0,21.61,9.0,7.0,2.0,0.0,0.0,0.0,32.26,68.44,1.0,0,1,0
49.0,0,15.74,10.0,5.0,2.0,0.0,0.0,1.0,8.91,8.45,1.0,0,1,0
22.0,1,25.56,1.0,12.0,7.0,1.0,1.0,0.0,21.58,4.35,1.0,1,0,0
53.0,0,9.16,14.0,14.0,6.0,0.0,0.0,0.0,6.01,56.99,1.0,0,1,0
59.0,1,24.0,10.0,2.0,4.0,1.0,0.0,1.0,22.28,19.64,1.0,1,0,0
59.0,0,15.18,10.0,4.0,2.0,0.0,0.0,1.0,14.03,98.41,1.0,0,1,0
56.0,1,22.21,11.0,6.0,0.0,0.0,0.0,1.0,24.1,1.63,1.0,0,1,0
33.0,0,12.06,2.0,8.0,2.0,1.0,1.0,0.0,6.83,74.85,1.0,0,1,0
50.0,1,11.07,2.0,3.0,8.0,1.0,1.0,1.0,9.82,4.24,1.0,1,0,0
38.0,0,25.4,11.0,11.0,0.0,0.0,1.0,0.0,34.41,61.09,1.0,0,1,0
26.0,1,2.02,8.0,13.0,4.0,1.0,1.0,1.0,2.31,42.0,1.0,0,1,0
23.0,0,29.27,3.0,1.0,3.0,1.0,1.0,1.0,27.36,63.28,1.0,0,1,0
52.0,1,19.8,9.0,2.0,5.0,1.0,0.0,1.0,14.3,76.2,1.0,0,1,0
56.0,0,13.54,16.0,6.0,1.0,1.0,0.0,1.0,10.56,3.32,1.0,0,1,0
39.0,0,19.21,16.0,7.0,3.0,1.0,0.0,0.0,23.98,52.13,1.0,0,1,0
58.0,1,4.56,10.0,4.0,8.0,1.0,0.0,1.0,4.23,94.23,1.0,1,0,0
22.0,1,15.91,6.0,14.0,4.0,0.0,0.0,0.0,11.87,21.78,1.0,0,1,0
59.0,1,29.57,11.0,14.0,5.0,1.0,0.0,0.0,38.82,7.75,1.0,1,0,0
40.0,1,7.82,8.0,2.0,1.0,1.0,1.0,0.0,5.99,77.1,1.0,1,0,0
34.0,1,21.95,1.0,0.0,8.0,1.0,0.0,0.0,12.39,74.14,1.0,0,1,0
29.0,0,13.61,6.0,9.0,6.0,1.0,0.0,0.0,14.26,39.02,1.0,0,1,0
40.0,1,19.92,8.0,12.0,6.0,0.0,1.0,0.0,15.52,83.02,1.0,1,0,0
39.0,1,6.94,14.0,0.0,1.0,0.0,1.0,1.0,3.5,54.39,1.0,0,1,0
20.0,0,14.64,3.0,10.0,7.0,1.0,1.0,0.0,14.66,47.54,1.0,0,1,0
47.0,1,29.42,10.0,1.0,8.0,1.0,0.0,1.0,41.03,82.19,1.0,0,1,0
39.0,1,6.66,10.0,4.0,5.0,0.0,0.0,1.0,7.62,9.81,1.0,1,0,0
26.0,1,19.46,11.0,7.0,4.0,1.0,1.0,0.0,10.08,22.39,1.0,0,1,0
46.0,0,17.69,6.0,12.0,2.0,1.0,1.0,1.0,15.55,44.41,1.0,0,0,1
54.0,1,17.39,8.0,6.0,2.0,0.0,1.0,0.0,12.99,8.54,1.0,1,0,0
40.0,0,18.84,7.0,1.0,5.0,1.0,1.0,1.0,22.05,99.59,1.0,0,1,0
30.0,0,15.56,6.0,1.0,0.0,1.0,0.0,0.0,14.89,31.35,1.0,0,1,0
49.0,1,1.49,18.0,7.0,9.0,0.0,1.0,0.0,1.0,94.77,1.0,0,1,0
40.0,0,27.1,12.0,12.0,8.0,1.0,1.0,1.0,25.92,47.45,1.0,0,1,0
34.0,1,24.98,8.0,11.0,5.0,1.0,0.0,0.0,35.76,92.45,1.0,0,1,0
57.0,1,6.05,19.0,0.0,8.0,0.0,0.0,0.0,5.51,44.0,1.0,0,1,0
38.0,1,12.98,5.0,1.0,2.0,0.0,1.0,1.0,17.79,81.47,1.0,0,1,0
19.0,1,23.35,19.0,4.0,9.0,0.0,0.0,0.0,22.78,75.11,1.0,0,1,0
54.0,1,29.42,9.0,2.0,2.0,1.0,0.0,1.0,37.0,94.69,1.0,0,1,0
23.0,0,28.58,12.0,14.0,9.0,0.0,1.0,0.0,36.75,63.75,1.0,0,0,1
35.0,0,27.08,15.0,10.0,6.0,1.0,1.0,1.0,34.14,22.71,1.0,0,1,0
47.0,0,5.59,13.0,9.0,6.0,1.0,0.0,0.0,6.36,54.19,1.0,0,0,1
39.0,0,27.52,13.0,5.0,3.0,0.0,1.0,1.0,39.97,14.59,1.0,0,1,0
50.0,1,26.47,5.0,1.0,7.0,1.0,1.0,0.0,37.81,33.49,1.0,0,1,0
47.0,1,11.93,2.0,14.0,1.0,1.0,0.0,0.0,9.58,78.92,1.0,0,1,0
34.0,0,12.44,19.0,13.0,0.0,0.0,0.0,0.0,14.86,1.4,1.0,0,1,0
49.0,1,14.34,8.0,7.0,0.0,0.0,0.0,1.0,16.7,62.09,1.0,0,1,0
59.0,0,20.03,14.0,3.0,1.0,1.0,0.0,0.0,14.03,69.3,1.0,0,0,1
31.0,0,8.56,6.0,2.0,5.0,1.0,0.0,0.0,6.55,89.98,1.0,0,0,1
27.0,0,1.67,7.0,4.0,7.0,1.0,1.0,1.0,1.35,75.65,1.0,0,1,0
53.0,0,5.1,14.0,13.0,2.0,1.0,0.0,1.0,4.24,40.28,1.0,0,1,0
51.0,1,13.76,6.0,7.0,5.0,0.0,1.0,0.0,18.64,76.56,1.0,0,1,0
26.0,1,9.18,16.0,8.0,7.0,1.0,1.0,1.0,11.54,62.55,1.0,0,1,0
59.0,0,23.17,4.0,0.0,8.0,1.0,1.0,0.0,30.3,58.68,1.0,0,1,0
45.0,0,4.09,7.0,3.0,7.0,1.0,1.0,1.0,5.78,7.37,1.0,0,1,0
28.0,0,27.61,16.0,5.0,6.0,0.0,1.0,1.0,28.01,53.97,1.0,0,1,0
31.0,0,26.96,4.0,5.0,3.0,0.0,0.0,1.0,14.3,86.71,1.0,0,1,0
56.0,0,27.35,7.0,12.0,2.0,0.0,1.0,0.0,32.69,43.69,1.0,0,1,0
36.0,1,22.45,2.0,8.0,6.0,1.0,1.0,0.0,21.66,70.42,1.0,0,1,0
32.0,0,4.1,8.0,0.0,0.0,1.0,0.0,0.0,2.84,90.37,0.0,0,1,0
45.0,0,13.71,10.0,14.0,6.0,1.0,1.0,0.0,12.75,53.42,1.0,0,0,1
41.0,1,4.81,2.0,12.0,5.0,1.0,0.0,1.0,3.4,8.81,1.0,0,1,0
25.0,1,29.64,6.0,14.0,2.0,1.0,1.0,0.0,23.33,5.42,1.0,1,0,0
26.0,1,10.66,4.0,13.0,2.0,1.0,0.0,0.0,8.35,79.77,1.0,1,0,0
50.0,1,17.97,1.0,4.0,1.0,1.0,0.0,0.0,22.66,3.27,1.0,0,1,0
50.0,1,23.6,6.0,9.0,0.0,1.0,1.0,1.0,23.78,99.89,1.0,1,0,0
36.0,1,27.7,12.0,7.0,4.0,0.0,0.0,1.0,35.82,12.75,1.0,1,0,0
20.0,1,22.91,14.0,5.0,6.0,0.0,0.0,0.0,31.56,77.51,1.0,1,0,0
27.0,1,20.56,15.0,8.0,6.0,0.0,1.0,1.0,22.86,86.77,1.0,0,1,0
57.0,1,14.51,18.0,14.0,5.0,1.0,1.0,1.0,13.16,30.64,1.0,0,1,0
59.0,0,18.56,17.0,3.0,9.0,0.0,1.0,1.0,25.18,54.16,1.0,0,0,1
18.0,1,3.73,9.0,9.0,5.0,0.0,1.0,1.0,3.98,95.24,1.0,1,0,0
46.0,0,26.63,15.0,7.0,6.0,0.0,1.0,1.0,36.14,95.52,1.0,0,0,1
51.0,0,16.77,18.0,8.0,7.0,1.0,1.0,0.0,12.84,93.01,1.0,1,0,0
30.0,0,2.16,18.0,2.0,4.0,1.0,0.0,1.0,2.3,27.49,1.0,1,0,0
18.0,0,27.68,5.0,10.0,0.0,1.0,1.0,1.0,19.7,5.95,1.0,1,0,0
51.0,0,15.19,16.0,6.0,6.0,0.0,1.0,1.0,18.2,10.28,1.0,1,0,0
46.0,0,26.19,9.0,4.0,1.0,0.0,1.0,0.0,28.47,14.19,1.0,0,1,0
30.0,0,25.85,3.0,9.0,4.0,0.0,1.0,1.0,27.3,67.17,1.0,0,0,1
46.0,0,24.66,12.0,0.0,6.0,0.0,1.0,1.0,28.09,80.24,1.0,1,0,0
56.0,1,2.78,14.0,6.0,6.0,1.0,1.0,1.0,2.43,5.03,1.0,1,0,0
41.0,0,8.16,1.0,7.0,8.0,1.0,1.0,1.0,5.65,89.04,1.0,1,0,0
43.0,0,26.39,9.0,14.0,4.0,0.0,1.0,0.0,34.48,74.73,1.0,0,1,0
34.0,0,27.07,9.0,5.0,5.0,1.0,1.0,0.0,23.94,53.03,1.0,0,1,0
24.0,0,14.28,13.0,0.0,9.0,1.0,0.0,0.0,21.26,99.0,1.0,0,0,1
30.0,1,13.76,8.0,8.0,5.0,0.0,0.0,0.0,13.5,26.52,1.0,0,1,0
22.0,0,6.08,11.0,6.0,0.0,0.0,0.0,1.0,6.02,21.8,1.0,0,1,0
43.0,1,29.08,14.0,13.0,9.0,1.0,1.0,0.0,34.25,33.48,1.0,0,1,0
20.0,1,7.18,16.0,5.0,6.0,1.0,1.0,0.0,8.38,52.65,1.0,1,0,0
24.0,0,6.54,11.0,3.0,9.0,0.0,0.0,0.0,4.45,38.68,1.0,1,0,0
56.0,0,20.16,19.0,2.0,6.0,1.0,1.0,1.0,15.57,82.95,1.0,1,0,0
18.0,1,8.04,10.0,3.0,3.0,0.0,0.0,0.0,5.88,89.45,1.0,1,0,0
34.0,0,28.22,8.0,0.0,3.0,1.0,1.0,1.0,15.62,96.67,1.0,0,1,0
42.0,0,1.32,11.0,8.0,5.0,0.0,1.0,1.0,0.69,81.83,1.0,0,1,0
20.0,1,1.17,8.0,1.0,2.0,1.0,1.0,1.0,1.34,60.81,1.0,0,1,0
32.0,1,15.64,10.0,1.0,9.0,1.0,1.0,0.0,15.62,61.36,1.0,1,0,0
46.0,0,15.15,17.0,2.0,5.0,0.0,0.0,0.0,21.13,18.65,1.0,0,1,0
49.0,0,5.74,11.0,13.0,3.0,0.0,1.0,0.0,4.6,26.32,1.0,1,0,0
43.0,0,15.34,12.0,12.0,9.0,1.0,0.0,0.0,19.75,99.73,1.0,0,1,0
33.0,1,12.94,10.0,0.0,7.0,1.0,1.0,1.0,7.8,26.13,1.0,0,1,0
42.0,0,26.82,17.0,9.0,4.0,1.0,0.0,0.0,35.31,46.69,1.0,0,0,1
45.0,1,1.27,3.0,2.0,7.0,0.0,1.0,0.0,1.8,38.53,1.0,0,1,0
26.0,1,29.31,7.0,3.0,8.0,0.0,1.0,0.0,33.04,68.83,1.0,1,0,0
18.0,0,19.11,3.0,8.0,3.0,0.0,1.0,1.0,23.62,33.55,1.0,0,1,0
46.0,1,5.4,17.0,4.0,0.0,1.0,1.0,1.0,8.03,68.29,1.0,0,1,0
39.0,0,2.36,8.0,10.0,9.0,1.0,0.0,1.0,2.07,96.08,1.0,0,1,0
33.0,0,16.61,19.0,5.0,6.0,0.0,0.0,1.0,8.79,25.24,1.0,0,1,0
58.0,1,7.81,14.0,12.0,6.0,0.0,0.0,0.0,9.24,37.07,1.0,1,0,0
58.0,0,9.73,5.0,0.0,4.0,1.0,0.0,1.0,4.99,34.22,1.0,0,1,0
24.0,1,8.11,19.0,2.0,4.0,1.0,0.0,1.0,8.66,30.04,1.0,0,1,0
31.0,1,19.85,13.0,13.0,0.0,1.0,1.0,1.0,21.78,27.03,1.0,0,1,0
46.0,0,17.05,18.0,6.0,2.0,0.0,0.0,0.0,18.49,63.0,1.0,1,0,0
36.0,0,3.26,11.0,6.0,0.0,1.0,0.0,0.0,2.17,54.81,1.0,1,0,0
36.0,0,16.27,12.0,9.0,6.0,0.0,0.0,1.0,9.38,50.87,1.0,0,1,0
19.0,0,23.94,8.0,12.0,4.0,1.0,1.0,1.0,33.7,80.06,1.0,0,1,0
58.0,1,3.35,12.0,11.0,3.0,0.0,0.0,0.0,3.49,14.65,1.0,1,0,0
32.0,1,26.8,1.0,11.0,6.0,1.0,0.0,1.0,22.06,16.97,1.0,1,0,0
20.0,1,17.77,18.0,14.0,8.0,0.0,0.0,0.0,22.6,51.31,1.0,0,1,0
28.0,0,28.57,2.0,12.0,5.0,0.0,0.0,0.0,40.62,35.37,1.0,1,0,0
47.0,1,5.3,12.0,0.0,8.0,1.0,1.0,1.0,4.79,17.38,1.0,1,0,0
57.0,1,29.81,19.0,8.0,5.0,0.0,1.0,0.0,17.84,69.06,1.0,1,0,0
35.0,0,19.68,7.0,0.0,9.0,0.0,0.0,0.0,23.47,49.5,1.0,1,0,0
19.0,0,17.46,7.0,6.0,8.0,0.0,1.0,1.0,24.58,20.22,1.0,0,0,1
49.0,0,15.94,1.0,11.0,5.0,1.0,1.0,1.0,23.6,26.44,1.0,0,1,0
25.0,1,1.69,18.0,11.0,8.0,1.0,0.0,1.0,2.22,72.31,1.0,0,0,1
39.0,0,28.25,8.0,1.0,2.0,1.0,1.0,1.0,21.7,32.75,1.0,0,1,0
23.0,1,19.68,10.0,8.0,4.0,1.0,1.0,0.0,16.89,20.45,1.0,1,0,0
29.0,1,3.66,1.0,11.0,4.0,0.0,1.0,1.0,2.33,96.56,1.0,0,1,0
57.0,1,1.61,15.0,11.0,9.0,1.0,1.0,1.0,1.95,8.8,1.0,0,1,0
53.0,1,2.47,15.0,8.0,7.0,0.0,1.0,0.0,14.3,14.69,1.0,1,0,0
32.0,1,18.67,4.0,8.0,6.0,1.0,1.0,0.0,17.4,71.73,1.0,1,0,0
45.0,0,18.81,10.0,3.0,1.0,0.0,1.0,0.0,19.41,42.57,1.0,0,1,0
35.0,1,15.49,8.0,5.0,1.0,1.0,1.0,0.0,13.67,75.29,1.0,0,1,0
19.0,0,9.9,14.0,12.0,6.0,0.0,0.0,1.0,6.43,55.28,1.0,0,1,0
30.0,1,16.42,13.0,11.0,9.0,1.0,1.0,1.0,12.97,4.02,1.0,0,0,1
32.0,1,15.97,17.0,1.0,9.0,1.0,1.0,1.0,14.3,68.41,1.0,1,0,0
37.0,0,1.56,7.0,2.0,3.0,0.0,1.0,0.0,1.91,80.58,1.0,0,1,0
46.0,1,9.19,6.0,5.0,5.0,1.0,0.0,0.0,10.24,55.27,1.0,1,0,0
59.0,1,2.54,9.0,0.0,5.0,0.0,0.0,0.0,3.72,30.76,1.0,0,0,1
46.0,0,27.1,8.0,6.0,9.0,0.0,1.0,0.0,30.18,1.55,1.0,0,1,0
20.0,0,22.03,14.0,1.0,3.0,1.0,0.0,0.0,15.98,90.67,1.0,1,0,0
36.0,1,29.89,3.0,7.0,6.0,1.0,0.0,1.0,29.62,70.7,1.0,0,1,0
20.0,1,9.76,13.0,4.0,8.0,0.0,1.0,1.0,13.04,4.48,1.0,1,0,0
31.0,1,26.48,9.0,6.0,0.0,1.0,0.0,0.0,21.87,84.06,1.0,0,1,0
57.0,0,18.49,9.0,7.0,9.0,0.0,0.0,0.0,22.87,5.31,1.0,0,1,0
21.0,1,14.14,11.0,2.0,1.0,1.0,0.0,1.0,18.17,71.15,1.0,0,1,0
28.0,0,7.45,6.0,5.0,8.0,1.0,0.0,1.0,10.68,69.41,1.0,0,1,0
48.0,0,22.41,12.0,11.0,4.0,0.0,0.0,1.0,20.2,91.61,1.0,1,0,0
39.0,1,27.22,4.0,8.0,3.0,0.0,0.0,0.0,20.67,16.54,1.0,0,1,0
44.0,0,7.82,4.0,3.0,6.0,1.0,0.0,0.0,7.88,56.73,1.0,0,1,0
47.0,1,6.09,17.0,9.0,4.0,1.0,1.0,0.0,9.1,54.47,1.0,1,0,0
19.0,1,21.19,7.0,6.0,0.0,1.0,0.0,1.0,29.71,3.5,1.0,0,1,0
26.0,0,29.33,6.0,14.0,8.0,1.0,0.0,1.0,22.99,63.83,1.0,0,1,0
45.0,0,22.75,8.0,0.0,7.0,0.0,0.0,1.0,15.85,25.4,1.0,0,0,1
48.0,0,9.25,7.0,11.0,2.0,0.0,1.0,0.0,9.04,33.25,1.0,1,0,0
51.0,0,13.18,8.0,6.0,9.0,1.0,1.0,1.0,8.77,24.14,1.0,0,1,0
32.0,0,12.15,9.0,8.0,2.0,0.0,1.0,0.0,15.29,5.59,1.0,0,1,0
42.0,0,25.71,1.0,9.0,2.0,1.0,0.0,0.0,13.8,16.66,1.0,0,0,1
53.0,1,23.37,3.0,7.0,6.0,1.0,1.0,0.0,16.94,20.73,1.0,0,1,0
25.0,1,18.08,18.0,3.0,1.0,1.0,0.0,0.0,9.37,57.73,1.0,0,1,0
26.0,1,8.97,19.0,2.0,8.0,0.0,1.0,1.0,6.52,13.5,1.0,0,1,0
54.0,0,28.2,11.0,6.0,3.0,0.0,0.0,0.0,15.58,92.07,1.0,0,1,0
56.0,0,19.95,16.0,12.0,6.0,0.0,0.0,1.0,23.41,23.18,1.0,1,0,0
49.0,0,29.14,18.0,11.0,7.0,0.0,0.0,0.0,31.19,65.17,1.0,1,0,0
34.0,1,17.82,6.0,0.0,4.0,1.0,1.0,1.0,12.72,15.76,1.0,0,0,1
52.0,1,24.81,2.0,7.0,7.0,1.0,1.0,1.0,17.49,79.51,1.0,1,0,0
54.0,0,24.58,4.0,13.0,3.0,0.0,1.0,0.0,19.45,7.15,1.0,0,1,0
36.0,0,10.78,5.0,11.0,9.0,1.0,1.0,0.0,13.99,73.76,1.0,0,1,0
46.0,0,28.96,14.0,0.0,1.0,0.0,1.0,0.0,14.3,39.32,1.0,0,0,1
24.0,0,1.64,1.0,6.0,2.0,0.0,0.0,1.0,1.02,46.55,1.0,0,1,0
45.0,1,23.29,14.0,5.0,5.0,0.0,0.0,1.0,23.48,36.63,1.0,0,1,0
26.0,1,29.0,13.0,9.0,9.0,0.0,1.0,0.0,39.58,40.2,1.0,0,0,1
45.0,1,10.83,16.0,7.0,5.0,1.0,0.0,0.0,7.84,0.53,1.0,0,1,0
23.0,0,19.8,4.0,7.0,6.0,1.0,1.0,1.0,12.0,2.61,1.0,0,1,0
46.0,1,17.3,6.0,4.0,3.0,1.0,0.0,0.0,17.16,79.39,1.0,1,0,0
34.0,1,23.08,9.0,8.0,7.0,0.0,0.0,0.0,28.44,21.35,1.0,0,0,1
33.0,0,26.12,1.0,3.0,7.0,0.0,1.0,0.0,29.21,60.73,1.0,0,1,0
40.0,0,18.49,17.0,6.0,6.0,1.0,0.0,0.0,16.98,65.33,1.0,1,0,0
48.0,1,24.66,4.0,5.0,2.0,1.0,1.0,1.0,13.33,69.8,1.0,0,1,0
20.0,1,10.06,6.0,9.0,2.0,0.0,0.0,1.0,8.05,59.73,1.0,0,1,0
38.0,0,7.63,16.0,5.0,1.0,1.0,0.0,0.0,10.83,49.5,1.0,0,0,1
43.0,1,13.49,7.0,10.0,6.0,0.0,0.0,1.0,9.75,58.15,1.0,0,0,1
53.0,0,20.65,5.0,11.0,5.0,0.0,0.0,1.0,23.0,92.82,1.0,0,1,0
59.0,0,6.43,9.0,4.0,6.0,1.0,1.0,0.0,9.05,66.46,1.0,0,1,0
54.0,0,20.73,19.0,1.0,1.0,1.0,1.0,0.0,20.48,35.29,1.0,0,1,0
39.0,1,12.43,1.0,3.0,3.0,0.0,0.0,1.0,11.76,35.66,1.0,0,1,0
59.0,1,24.07,8.0,0.0,0.0,1.0,1.0,1.0,15.43,7.96,1.0,0,1,0
29.0,0,2.07,4.0,8.0,1.0,0.0,1.0,1.0,3.06,49.5,1.0,0,1,0
59.0,1,20.37,17.0,8.0,6.0,1.0,1.0,1.0,13.78,89.08,1.0,0,1,0
30.0,1,19.84,1.0,7.0,4.0,0.0,0.0,1.0,19.47,4.31,1.0,0,1,0
28.0,1,28.29,2.0,3.0,9.0,1.0,1.0,1.0,18.99,86.18,1.0,0,1,0
33.0,1,21.69,14.0,4.0,2.0,0.0,1.0,1.0,18.4,13.84,1.0,1,0,0
25.0,0,24.09,2.0,0.0,1.0,1.0,1.0,0.0,33.34,23.9,1.0,0,1,0
57.0,1,27.23,1.0,3.0,2.0,1.0,1.0,0.0,31.13,68.08,1.0,0,1,0
57.0,0,20.58,13.0,3.0,3.0,1.0,0.0,1.0,10.49,73.02,1.0,1,0,0
19.0,0,9.41,8.0,14.0,9.0,1.0,0.0,0.0,13.8,50.57,1.0,1,0,0
47.0,1,26.22,9.0,4.0,9.0,1.0,1.0,1.0,33.66,96.77,1.0,0,1,0
47.0,0,22.68,2.0,1.0,4.0,1.0,1.0,1.0,33.96,48.96,1.0,0,1,0
29.0,0,13.31,17.0,1.0,7.0,0.0,1.0,1.0,16.81,25.84,1.0,1,0,0
27.0,1,21.61,6.0,11.0,8.0,0.0,0.0,0.0,27.33,0.91,1.0,0,1,0
28.0,0,26.16,3.0,1.0,1.0,1.0,1.0,1.0,31.38,86.73,1.0,1,0,0
32.0,0,29.29,17.0,10.0,2.0,1.0,1.0,1.0,27.04,39.53,1.0,0,1,0
33.0,1,28.62,6.0,7.0,3.0,0.0,0.0,0.0,23.32,78.25,1.0,0,1,0
34.0,1,10.43,8.0,12.0,6.0,1.0,0.0,1.0,10.69,77.39,1.0,0,1,0
43.0,1,13.23,14.0,11.0,5.0,1.0,1.0,0.0,8.97,4.36,1.0,1,0,0
19.0,1,4.18,10.0,1.0,5.0,1.0,0.0,0.0,5.11,82.16,1.0,0,0,1
29.0,1,8.18,10.0,5.0,9.0,0.0,0.0,1.0,12.25,28.91,1.0,0,1,0
43.0,0,26.59,10.0,1.0,6.0,1.0,0.0,1.0,29.27,84.12,1.0,0,1,0
39.0,0,11.46,10.0,12.0,0.0,0.0,0.0,0.0,15.55,49.22,1.0,0,1,0
35.0,1,15.74,11.0,7.0,7.0,1.0,0.0,1.0,12.77,59.16,1.0,0,1,0
49.0,1,20.31,16.0,13.0,8.0,0.0,0.0,1.0,26.91,10.14,1.0,1,0,0
55.0,0,23.67,3.0,0.0,1.0,1.0,0.0,1.0,33.31,37.93,1.0,0,1,0
20.0,1,6.3,15.0,1.0,0.0,1.0,0.0,0.0,8.43,97.09,1.0,0,0,1
55.0,1,9.84,13.0,13.0,3.0,0.0,1.0,1.0,11.09,92.59,1.0,1,0,0
20.0,0,14.0,11.0,7.0,1.0,0.0,1.0,1.0,19.97,99.42,1.0,0,0,1
47.0,0,11.58,14.0,5.0,5.0,0.0,0.0,1.0,16.92,51.02,1.0,1,0,0
18.0,0,29.5,7.0,14.0,2.0,1.0,1.0,0.0,38.8,81.83,1.0,0,1,0
47.0,1,25.21,10.0,8.0,5.0,1.0,1.0,1.0,26.4,45.5,1.0,0,1,0
49.0,0,14.91,15.0,5.0,7.0,0.0,1.0,0.0,19.91,94.14,1.0,0,1,0
45.0,1,26.5,6.0,7.0,6.0,0.0,0.0,0.0,23.11,98.6,1.0,0,1,0
38.0,0,11.08,7.0,14.0,6.0,1.0,1.0,0.0,9.38,87.78,1.0,0,1,0
30.0,1,23.79,10.0,11.0,6.0,0.0,1.0,0.0,20.17,62.12,1.0,0,1,0
44.0,1,7.49,4.0,6.0,4.0,0.0,1.0,0.0,5.24,98.9,1.0,0,0,1
53.0,1,23.4,9.0,0.0,7.0,1.0,1.0,0.0,26.28,98.37,1.0,0,1,0
24.0,0,14.24,7.0,1.0,3.0,0.0,0.0,0.0,16.54,47.51,1.0,1,0,0
39.0,0,15.74,15.0,3.0,4.0,1.0,1.0,0.0,5.6,30.38,1.0,0,0,1
27.0,0,8.92,3.0,11.0,2.0,0.0,1.0,0.0,10.66,18.74,1.0,1,0,0
56.0,1,12.67,5.0,0.0,2.0,0.0,1.0,1.0,16.22,67.7,1.0,0,1,0
32.0,0,22.73,17.0,7.0,1.0,0.0,0.0,0.0,27.02,3.48,1.0,0,1,0
32.0,0,3.12,1.0,3.0,4.0,0.0,1.0,0.0,14.3,76.38,1.0,0,1,0
21.0,1,20.13,1.0,6.0,1.0,1.0,0.0,1.0,16.92,5.13,1.0,0,1,0
49.0,1,21.76,16.0,6.0,9.0,0.0,0.0,1.0,31.9,26.54,1.0,0,1,0
40.0,0,19.96,14.0,7.0,3.0,0.0,0.0,0.0,22.73,49.8,1.0,1,0,0
23.0,0,23.06,11.0,8.0,9.0,0.0,1.0,1.0,25.07,9.74,1.0,0,1,0
41.0,0,6.17,14.0,8.0,0.0,1.0,0.0,1.0,8.31,3.63,1.0,0,1,0
37.0,1,18.03,8.0,13.0,1.0,0.0,0.0,0.0,16.6,47.98,1.0,0,0,1
54.0,0,28.29,19.0,6.0,0.0,1.0,0.0,0.0,16.87,88.68,1.0,0,1,0
37.0,1,18.71,2.0,8.0,1.0,1.0,1.0,0.0,13.85,40.83,1.0,0,1,0
29.0,1,18.73,10.0,14.0,3.0,1.0,1.0,0.0,24.5,20.03,1.0,1,0,0
50.0,0,22.36,5.0,4.0,0.0,0.0,0.0,0.0,27.54,40.84,1.0,0,1,0
45.0,0,10.66,15.0,9.0,5.0,1.0,1.0,0.0,6.58,72.26,1.0,1,0,0
25.0,1,21.31,1.0,3.0,0.0,0.0,1.0,0.0,14.3,4.14,1.0,0,1,0
18.0,1,27.57,2.0,2.0,2.0,1.0,1.0,0.0,14.3,3.07,1.0,1,0,0
54.0,1,1.32,19.0,5.0,1.0,1.0,0.0,0.0,1.9,46.28,1.0,0,1,0
39.0,0,26.23,17.0,9.0,1.0,0.0,1.0,1.0,17.7,67.67,1.0,0,1,0
23.0,0,7.34,15.0,10.0,3.0,1.0,1.0,1.0,7.7,61.38,1.0,0,1,0
38.0,1,14.22,18.0,8.0,8.0,0.0,0.0,1.0,18.66,49.5,1.0,0,1,0
49.0,1,25.72,8.0,3.0,2.0,1.0,0.0,1.0,26.46,16.57,1.0,0,1,0
52.0,0,24.89,14.0,13.0,5.0,0.0,1.0,1.0,21.18,53.87,1.0,0,1,0
32.0,1,26.87,8.0,1.0,9.0,0.0,1.0,0.0,34.68,37.79,1.0,0,1,0
22.0,1,28.27,8.0,10.0,2.0,0.0,0.0,0.0,35.94,11.05,1.0,0,1,0
23.0,0,13.97,19.0,2.0,9.0,0.0,1.0,0.0,18.59,12.81,1.0,0,1,0
42.0,1,20.03,13.0,2.0,4.0,0.0,0.0,0.0,28.95,64.53,1.0,0,1,0
57.0,0,12.32,5.0,1.0,8.0,0.0,0.0,1.0,8.02,95.72,1.0,1,0,0
46.0,0,11.17,10.0,12.0,2.0,1.0,1.0,0.0,9.39,10.63,1.0,0,1,0
24.0,1,13.52,7.0,8.0,7.0,0.0,0.0,0.0,20.09,49.49,1.0,0,1,0
57.0,1,22.55,9.0,3.0,5.0,1.0,1.0,1.0,24.68,24.79,1.0,0,1,0
30.0,0,15.54,14.0,2.0,7.0,1.0,1.0,0.0,18.18,49.5,1.0,1,0,0
55.0,1,24.61,6.0,13.0,1.0,0.0,0.0,1.0,34.06,22.45,1.0,0,1,0
35.0,0,22.61,10.0,9.0,8.0,0.0,1.0,0.0,26.93,54.57,1.0,0,1,0
19.0,1,1.59,1.0,5.0,0.0,1.0,1.0,1.0,1.88,5.67,1.0,0,1,0
25.0,1,15.74,11.0,7.0,2.0,1.0,1.0,1.0,11.65,74.25,1.0,0,1,0
28.0,1,13.66,8.0,10.0,3.0,0.0,1.0,0.0,13.75,60.67,1.0,1,0,0
50.0,0,14.24,6.0,7.0,5.0,0.0,0.0,0.0,16.71,38.48,1.0,0,1,0
55.0,1,24.73,17.0,9.0,3.0,1.0,0.0,0.0,32.33,21.79,1.0,1,0,0
44.0,0,16.88,4.0,5.0,1.0,1.0,1.0,1.0,15.42,53.63,1.0,0,1,0
37.0,0,26.68,6.0,4.0,2.0,1.0,1.0,0.0,16.64,95.52,1.0,0,1,0
29.0,0,21.67,15.0,10.0,2.0,1.0,1.0,1.0,18.76,70.81,1.0,1,0,0
48.0,1,17.03,10.0,6.0,5.0,0.0,1.0,1.0,14.3,27.94,1.0,0,1,0
44.0,0,22.88,17.0,2.0,4.0,1.0,0.0,1.0,28.62,74.29,1.0,0,1,0
49.0,0,2.11,10.0,11.0,4.0,1.0,1.0,1.0,1.1,49.5,1.0,0,0,1
27.0,1,1.79,5.0,9.0,3.0,0.0,1.0,0.0,1.59,4.8,1.0,1,0,0
20.0,0,3.42,19.0,1.0,3.0,1.0,1.0,1.0,3.24,61.75,1.0,1,0,0
44.0,0,13.69,7.0,12.0,8.0,0.0,0.0,0.0,14.38,23.39,1.0,0,1,0
52.0,1,7.83,19.0,7.0,6.0,0.0,0.0,1.0,11.51,40.97,1.0,0,1,0
48.0,0,29.54,10.0,7.0,7.0,0.0,0.0,0.0,36.65,47.85,1.0,0,0,1
32.0,1,16.73,19.0,11.0,3.0,1.0,1.0,0.0,12.09,79.93,1.0,0,1,0
33.0,0,20.21,11.0,13.0,2.0,0.0,0.0,0.0,22.91,58.01,1.0,1,0,0
30.0,0,9.09,3.0,8.0,0.0,0.0,0.0,0.0,7.69,34.01,1.0,0,1,0
52.0,1,10.33,11.0,11.0,8.0,0.0,1.0,1.0,13.55,65.72,1.0,0,1,0
28.0,0,10.73,6.0,5.0,8.0,1.0,1.0,1.0,7.2,19.21,1.0,0,0,1
38.0,0,21.26,6.0,3.0,1.0,1.0,0.0,1.0,13.7,82.28,1.0,0,1,0
28.0,0,14.74,15.0,5.0,3.0,0.0,0.0,1.0,8.86,20.14,1.0,0,1,0
47.0,1,16.01,3.0,11.0,3.0,0.0,1.0,1.0,16.72,55.85,1.0,0,1,0
52.0,1,18.17,11.0,6.0,0.0,1.0,1.0,1.0,11.32,20.51,1.0,0,1,0
39.0,1,23.3,8.0,11.0,1.0,0.0,0.0,0.0,12.62,32.56,1.0,0,1,0
55.0,1,3.62,8.0,7.0,7.0,1.0,0.0,1.0,3.01,42.25,1.0,0,1,0
48.0,1,23.53,16.0,2.0,5.0,1.0,0.0,0.0,30.55,36.74,1.0,0,1,0
31.0,0,17.33,3.0,11.0,0.0,1.0,0.0,0.0,11.37,93.39,1.0,1,0,0
41.0,1,20.4,8.0,5.0,6.0,1.0,0.0,0.0,17.5,22.35,1.0,0,1,0
49.0,1,10.5,8.0,13.0,6.0,0.0,1.0,1.0,9.83,18.01,1.0,0,0,1
39.0,1,12.87,13.0,9.0,5.0,1.0,1.0,0.0,14.3,49.5,1.0,0,1,0
49.0,0,7.7,1.0,5.0,7.0,0.0,0.0,1.0,7.52,94.89,1.0,0,1,0
32.0,0,29.4,10.0,9.0,4.0,0.0,1.0,1.0,29.75,50.33,1.0,0,1,0
52.0,1,15.41,5.0,6.0,1.0,1.0,1.0,1.0,11.63,95.94,1.0,1,0,0
20.0,0,29.89,5.0,14.0,3.0,1.0,1.0,0.0,34.93,19.04,1.0,0,0,1
33.0,0,15.2,17.0,13.0,7.0,1.0,1.0,0.0,7.99,1.03,1.0,1,0,0
22.0,0,7.37,14.0,3.0,7.0,1.0,1.0,1.0,10.79,30.29,1.0,0,1,0
38.0,0,15.72,6.0,5.0,4.0,1.0,0.0,1.0,15.69,49.5,1.0,0,1,0
27.0,1,2.15,14.0,14.0,5.0,0.0,0.0,0.0,1.21,59.21,1.0,1,0,0
36.0,1,27.24,12.0,1.0,8.0,1.0,1.0,1.0,28.85,24.17,1.0,0,0,1
42.0,0,24.74,1.0,14.0,9.0,1.0,0.0,1.0,25.09,66.16,1.0,0,0,1
21.0,0,22.05,5.0,7.0,9.0,0.0,1.0,0.0,14.3,83.02,1.0,0,1,0
46.0,0,18.68,18.0,2.0,9.0,1.0,1.0,1.0,13.24,68.72,1.0,0,0,1
36.0,0,17.82,14.0,14.0,1.0,0.0,0.0,1.0,13.74,72.79,1.0,0,1,0
19.0,1,29.91,7.0,14.0,4.0,1.0,1.0,1.0,18.84,30.76,1.0,0,1,0
27.0,0,9.06,15.0,8.0,8.0,0.0,0.0,1.0,9.34,52.92,1.0,0,1,0
42.0,1,23.61,9.0,7.0,2.0,0.0,1.0,1.0,32.56,4.27,1.0,0,1,0
37.0,0,17.86,15.0,11.0,5.0,1.0,1.0,1.0,25.42,35.91,1.0,0,1,0
36.0,1,29.3,16.0,5.0,3.0,1.0,1.0,1.0,42.57,81.57,1.0,1,0,0
40.0,0,25.01,9.0,9.0,3.0,0.0,0.0,0.0,27.52,79.01,1.0,1,0,0
41.0,1,29.96,7.0,1.0,2.0,1.0,0.0,0.0,33.6,94.08,1.0,1,0,0
28.0,1,18.06,7.0,14.0,9.0,0.0,1.0,1.0,14.64,96.88,1.0,0,1,0
51.0,1,6.93,17.0,7.0,0.0,0.0,0.0,0.0,9.6,97.27,1.0,1,0,0
45.0,0,15.61,11.0,10.0,7.0,0.0,1.0,1.0,15.42,15.74,1.0,0,1,0
22.0,1,21.62,6.0,14.0,4.0,0.0,0.0,1.0,16.85,12.06,1.0,1,0,0
22.0,0,23.46,14.0,5.0,1.0,0.0,1.0,0.0,34.38,87.51,1.0,1,0,0
38.0,1,1.01,15.0,10.0,0.0,1.0,1.0,0.0,1.22,38.31,1.0,1,0,0
29.0,1,15.65,8.0,0.0,0.0,0.0,1.0,1.0,15.1,35.72,1.0,0,1,0
21.0,0,7.82,4.0,5.0,3.0,1.0,0.0,0.0,4.45,53.37,1.0,1,0,0
59.0,1,26.37,1.0,12.0,3.0,1.0,1.0,0.0,16.88,45.14,1.0,0,1,0
37.0,0,5.43,6.0,4.0,5.0,0.0,0.0,0.0,3.78,22.3,1.0,0,1,0
55.0,0,20.33,1.0,5.0,6.0,1.0,0.0,1.0,28.52,84.46,1.0,1,0,0
42.0,0,8.72,5.0,12.0,0.0,0.0,0.0,1.0,12.83,90.93,1.0,0,1,0
31.0,0,11.34,19.0,0.0,9.0,1.0,0.0,0.0,8.7,74.75,1.0,1,0,0
28.0,1,28.28,5.0,3.0,1.0,1.0,0.0,1.0,28.23,4.81,1.0,0,1,0
49.0,1,7.97,5.0,6.0,2.0,0.0,1.0,1.0,10.3,11.79,1.0,0,1,0
28.0,0,3.76,17.0,12.0,8.0,0.0,1.0,0.0,3.33,34.6,1.0,1,0,0
35.0,1,3.01,12.0,14.0,3.0,1.0,0.0,1.0,2.99,55.67,1.0,0,1,0
44.0,1,15.63,7.0,4.0,5.0,1.0,0.0,0.0,21.69,60.95,1.0,0,1,0
35.0,0,19.61,15.0,5.0,1.0,1.0,1.0,0.0,13.87,10.0,1.0,0,1,0
40.0,1,10.49,19.0,1.0,1.0,0.0,1.0,0.0,15.67,96.02,1.0,0,1,0
28.0,0,21.02,13.0,7.0,1.0,0.0,0.0,1.0,20.1,52.96,1.0,1,0,0
38.0,1,2.77,12.0,9.0,4.0,1.0,0.0,1.0,2.1,49.5,1.0,0,1,0
22.0,1,25.86,19.0,3.0,8.0,0.0,0.0,1.0,36.01,19.11,1.0,1,0,0
40.0,0,24.68,13.0,5.0,5.0,0.0,0.0,1.0,14.23,95.08,1.0,1,0,0
58.0,1,29.58,6.0,2.0,8.0,1.0,1.0,1.0,33.79,44.74,1.0,0,1,0
42.0,1,28.16,1.0,8.0,5.0,0.0,1.0,0.0,15.82,11.78,1.0,1,0,0
58.0,0,11.33,6.0,12.0,8.0,1.0,0.0,0.0,16.39,61.44,1.0,1,0,0
27.0,1,12.58,13.0,7.0,4.0,1.0,0.0,1.0,14.34,49.5,1.0,0,1,0
39.0,0,15.74,13.0,13.0,0.0,0.0,0.0,1.0,20.32,80.8,1.0,0,1,0
36.0,1,4.89,13.0,14.0,5.0,0.0,0.0,1.0,4.52,54.55,1.0,0,1,0
18.0,0,10.11,4.0,14.0,3.0,1.0,1.0,0.0,6.72,10.57,1.0,1,0,0
24.0,0,4.44,5.0,5.0,8.0,1.0,0.0,1.0,3.82,75.06,1.0,1,0,0
21.0,0,14.19,13.0,8.0,5.0,0.0,1.0,1.0,19.92,30.47,1.0,0,1,0
18.0,0,17.01,9.0,9.0,0.0,1.0,0.0,1.0,14.3,40.82,1.0,1,0,0
32.0,0,7.12,17.0,8.0,5.0,1.0,1.0,1.0,8.27,77.56,1.0,1,0,0
57.0,1,1.77,3.0,1.0,2.0,0.0,0.0,0.0,2.6,10.65,1.0,1,0,0
29.0,1,21.86,18.0,8.0,2.0,0.0,0.0,1.0,23.47,97.78,1.0,1,0,0
39.0,0,1.58,15.0,7.0,6.0,1.0,1.0,1.0,1.07,70.21,1.0,0,1,0
39.0,1,29.23,1.0,14.0,1.0,1.0,1.0,1.0,35.47,19.26,1.0,1,0,0
34.0,0,7.43,9.0,1.0,8.0,1.0,1.0,0.0,8.11,5.81,1.0,1,0,0
46.0,1,20.25,6.0,8.0,8.0,1.0,0.0,1.0,18.97,54.45,1.0,1,0,0
31.0,1,13.61,18.0,4.0,6.0,1.0,1.0,0.0,8.81,37.93,1.0,0,1,0
37.0,0,2.73,1.0,12.0,8.0,0.0,0.0,1.0,3.22,2.95,1.0,0,1,0
50.0,0,14.69,7.0,11.0,5.0,1.0,0.0,1.0,13.87,60.92,1.0,0,1,0
32.0,1,15.99,10.0,8.0,8.0,1.0,1.0,1.0,17.25,30.87,1.0,0,1,0
29.0,1,25.79,6.0,7.0,9.0,1.0,1.0,1.0,21.03,32.2,1.0,1,0,0
57.0,0,22.24,7.0,3.0,1.0,1.0,1.0,1.0,14.58,16.22,1.0,0,1,0
37.0,1,3.3,10.0,0.0,4.0,0.0,0.0,0.0,2.84,14.04,1.0,1,0,0
47.0,1,7.07,8.0,10.0,5.0,1.0,0.0,1.0,9.56,14.43,1.0,1,0,0
55.0,0,10.04,2.0,4.0,5.0,1.0,0.0,0.0,6.62,88.61,1.0,1,0,0
20.0,1,4.38,9.0,14.0,3.0,1.0,1.0,1.0,4.25,53.31,1.0,0,1,0
45.0,0,14.25,9.0,6.0,3.0,1.0,1.0,1.0,11.37,46.94,1.0,0,0,1
39.0,1,29.54,7.0,12.0,4.0,0.0,0.0,1.0,43.2,70.45,1.0,1,0,0
47.0,0,15.92,9.0,6.0,5.0,0.0,1.0,1.0,9.31,31.98,1.0,1,0,0
30.0,1,22.51,10.0,5.0,7.0,1.0,0.0,1.0,16.78,82.22,1.0,0,1,0
30.0,1,20.81,3.0,12.0,9.0,0.0,1.0,1.0,19.76,19.72,1.0,0,1,0
19.0,0,25.65,16.0,5.0,0.0,1.0,1.0,0.0,19.17,80.27,1.0,0,1,0
54.0,0,7.26,16.0,14.0,7.0,0.0,1.0,1.0,8.76,5.6,1.0,0,1,0
55.0,1,22.86,2.0,7.0,1.0,0.0,0.0,1.0,19.91,15.68,1.0,0,1,0
19.0,1,26.56,11.0,10.0,6.0,0.0,1.0,0.0,34.02,89.27,1.0,0,1,0
53.0,1,5.97,16.0,9.0,3.0,0.0,0.0,1.0,6.28,10.9,1.0,1,0,0
43.0,0,11.06,15.0,8.0,7.0,1.0,0.0,1.0,10.25,24.56,1.0,0,1,0
28.0,0,29.13,1.0,3.0,5.0,0.0,0.0,1.0,25.19,4.27,1.0,0,1,0
25.0,1,23.64,17.0,13.0,4.0,0.0,0.0,0.0,17.07,59.87,1.0,0,1,0
57.0,1,9.2,3.0,3.0,9.0,0.0,1.0,1.0,6.92,32.77,1.0,0,1,0
39.0,1,17.35,19.0,7.0,9.0,0.0,0.0,1.0,11.74,63.35,1.0,1,0,0
37.0,0,12.73,7.0,14.0,4.0,1.0,1.0,1.0,17.21,8.58,1.0,0,1,0
25.0,0,15.21,11.0,4.0,3.0,1.0,0.0,1.0,15.94,39.51,1.0,0,1,0
46.0,1,11.3,10.0,9.0,2.0,1.0,1.0,1.0,11.11,37.17,1.0,0,1,0
57.0,1,9.1,14.0,13.0,2.0,1.0,0.0,0.0,7.48,53.68,1.0,1,0,0
43.0,0,20.57,16.0,8.0,2.0,1.0,1.0,1.0,20.92,29.5,1.0,0,1,0
47.0,0,23.58,6.0,5.0,6.0,0.0,0.0,0.0,32.6,98.48,1.0,1,0,0
34.0,1,26.34,2.0,8.0,7.0,1.0,0.0,0.0,35.72,31.6,1.0,0,1,0
39.0,1,5.5,11.0,11.0,7.0,0.0,1.0,0.0,6.05,69.64,1.0,0,1,0
33.0,1,24.86,11.0,11.0,1.0,0.0,1.0,0.0,25.6,36.63,1.0,1,0,0
24.0,0,8.39,10.0,3.0,2.0,0.0,1.0,0.0,6.09,53.36,1.0,0,1,0
33.0,1,13.39,4.0,0.0,1.0,1.0,1.0,1.0,15.97,22.67,1.0,1,0,0
44.0,0,27.14,17.0,13.0,5.0,0.0,0.0,1.0,36.73,17.28,1.0,0,1,0
40.0,0,14.18,10.0,3.0,2.0,0.0,1.0,1.0,11.42,97.24,1.0,0,1,0
41.0,1,6.71,9.0,8.0,5.0,0.0,0.0,1.0,6.28,54.09,1.0,1,0,0
26.0,1,5.64,13.0,12.0,3.0,0.0,1.0,0.0,3.42,46.08,1.0,0,0,1
52.0,0,14.72,11.0,6.0,9.0,1.0,1.0,1.0,19.99,49.5,1.0,0,1,0
37.0,1,23.12,10.0,14.0,9.0,0.0,0.0,1.0,13.82,22.35,1.0,1,0,0
54.0,0,29.92,5.0,14.0,5.0,0.0,1.0,1.0,36.03,82.2,1.0,0,1,0
59.0,1,23.83,3.0,5.0,2.0,1.0,1.0,0.0,16.37,24.82,1.0,1,0,0
34.0,1,26.43,4.0,13.0,4.0,1.0,1.0,1.0,32.61,54.25,1.0,1,0,0
48.0,1,22.69,3.0,13.0,7.0,1.0,1.0,1.0,25.93,12.72,1.0,0,1,0
25.0,1,26.97,10.0,1.0,2.0,0.0,1.0,1.0,32.1,49.5,1.0,0,1,0
32.0,0,3.21,13.0,3.0,8.0,0.0,1.0,0.0,3.65,48.3,1.0,0,1,0
48.0,0,27.97,5.0,0.0,8.0,0.0,1.0,0.0,25.08,28.06,1.0,0,1,0
47.0,0,12.5,13.0,12.0,6.0,1.0,1.0,1.0,14.0,30.75,1.0,0,1,0
37.0,1,27.73,10.0,2.0,7.0,1.0,1.0,1.0,20.37,0.98,1.0,1,0,0
56.0,0,3.2,11.0,12.0,8.0,0.0,1.0,1.0,2.48,49.5,1.0,0,0,1
29.0,0,21.74,3.0,1.0,0.0,1.0,0.0,0.0,12.29,60.09,1.0,0,1,0
34.0,0,22.33,17.0,12.0,5.0,1.0,1.0,1.0,24.85,71.84,1.0,0,1,0
59.0,1,29.91,19.0,3.0,9.0,1.0,1.0,0.0,40.1,54.69,1.0,0,1,0
47.0,0,23.3,13.0,3.0,2.0,1.0,1.0,1.0,20.47,8.19,1.0,0,0,1
46.0,1,12.09,16.0,10.0,5.0,0.0,1.0,0.0,8.57,94.09,1.0,0,1,0
36.0,1,17.16,18.0,13.0,8.0,0.0,0.0,1.0,22.72,71.34,1.0,0,1,0
28.0,0,11.63,19.0,8.0,9.0,0.0,1.0,0.0,13.31,23.74,1.0,0,1,0
51.0,1,6.68,6.0,6.0,7.0,0.0,1.0,0.0,9.31,67.15,1.0,0,1,0
24.0,0,8.21,7.0,12.0,1.0,0.0,0.0,0.0,4.16,11.15,1.0,0,1,0
51.0,0,7.44,15.0,2.0,3.0,1.0,1.0,1.0,6.7,77.94,1.0,0,1,0
37.0,0,16.92,5.0,6.0,4.0,0.0,1.0,0.0,23.7,48.09,1.0,0,1,0
55.0,0,27.28,16.0,7.0,9.0,0.0,0.0,1.0,32.06,40.94,1.0,0,1,0
41.0,0,27.47,6.0,11.0,5.0,1.0,0.0,1.0,26.61,0.91,1.0,0,1,0
27.0,1,2.59,3.0,6.0,6.0,1.0,1.0,0.0,2.37,65.25,1.0,0,1,0
49.0,0,3.32,12.0,7.0,3.0,1.0,1.0,0.0,4.63,82.9,1.0,0,1,0
32.0,1,15.74,4.0,13.0,3.0,1.0,1.0,0.0,10.8,28.83,1.0,0,0,1
54.0,0,8.4,3.0,8.0,4.0,1.0,1.0,1.0,4.3,1.18,1.0,1,0,0
37.0,0,3.75,16.0,0.0,8.0,1.0,1.0,1.0,2.33,77.53,1.0,0,1,0
20.0,0,12.27,16.0,9.0,8.0,1.0,0.0,0.0,12.42,63.57,1.0,0,1,0
54.0,1,18.04,19.0,5.0,0.0,1.0,1.0,1.0,11.09,77.69,1.0,1,0,0
57.0,1,17.77,15.0,3.0,4.0,0.0,0.0,0.0,13.77,53.83,1.0,0,1,0
25.0,1,16.76,9.0,0.0,4.0,1.0,0.0,0.0,22.37,46.09,1.0,0,1,0
57.0,1,10.82,2.0,1.0,6.0,1.0,1.0,1.0,9.59,21.94,1.0,0,1,0
40.0,0,21.49,6.0,9.0,7.0,0.0,1.0,0.0,20.44,7.88,1.0,0,0,1
57.0,0,24.97,14.0,3.0,2.0,0.0,1.0,0.0,16.83,47.14,1.0,1,0,0
28.0,1,11.04,9.0,0.0,0.0,0.0,0.0,1.0,12.17,86.84,1.0,0,1,0
25.0,1,3.48,10.0,14.0,1.0,1.0,0.0,1.0,2.16,5.93,1.0,0,1,0
46.0,1,15.74,18.0,5.0,5.0,0.0,0.0,0.0,10.84,98.91,1.0,0,0,1
47.0,0,4.98,15.0,0.0,5.0,0.0,1.0,1.0,6.21,94.7,1.0,0,0,1
27.0,1,14.55,4.0,12.0,4.0,1.0,1.0,0.0,19.99,64.07,1.0,0,0,1
56.0,1,5.52,5.0,8.0,4.0,0.0,0.0,1.0,5.98,91.42,1.0,0,1,0
45.0,0,14.42,6.0,9.0,8.0,1.0,1.0,0.0,12.0,55.35,1.0,0,1,0
53.0,1,7.41,15.0,2.0,6.0,1.0,0.0,1.0,10.02,40.46,1.0,1,0,0
30.0,0,22.42,2.0,11.0,5.0,0.0,1.0,1.0,24.59,57.17,1.0,0,1,0
49.0,0,1.8,16.0,10.0,6.0,1.0,1.0,1.0,1.54,87.66,1.0,0,1,0
53.0,0,17.09,5.0,0.0,2.0,0.0,1.0,0.0,14.06,95.75,1.0,0,1,0
54.0,0,5.92,4.0,5.0,6.0,0.0,0.0,1.0,4.86,49.5,1.0,1,0,0
43.0,0,1.03,1.0,5.0,2.0,0.0,0.0,0.0,0.57,17.97,1.0,1,0,0
39.0,1,26.21,8.0,6.0,7.0,1.0,1.0,0.0,15.76,59.17,1.0,0,1,0
21.0,1,20.47,10.0,6.0,9.0,0.0,0.0,0.0,12.07,44.48,1.0,1,0,0
48.0,0,3.87,15.0,9.0,9.0,0.0,0.0,0.0,3.14,48.13,1.0,0,1,0
35.0,0,20.26,2.0,10.0,8.0,0.0,0.0,1.0,19.73,42.82,1.0,1,0,0
55.0,1,18.74,19.0,3.0,2.0,0.0,1.0,0.0,12.14,6.76,1.0,0,1,0
41.0,1,14.73,12.0,4.0,6.0,0.0,1.0,1.0,19.56,84.59,1.0,0,1,0
40.0,0,13.16,10.0,2.0,7.0,0.0,1.0,1.0,7.44,97.84,1.0,0,1,0
39.0,1,26.73,12.0,5.0,2.0,1.0,0.0,1.0,38.63,20.97,1.0,0,1,0
19.0,1,8.11,9.0,12.0,5.0,1.0,0.0,1.0,14.3,62.2,1.0,0,1,0
48.0,0,12.55,8.0,13.0,6.0,1.0,0.0,0.0,17.5,53.66,1.0,0,1,0
28.0,1,10.54,2.0,14.0,3.0,1.0,0.0,1.0,8.02,89.65,1.0,0,0,1
45.0,1,23.36,7.0,6.0,5.0,1.0,0.0,0.0,34.73,70.41,1.0,0,1,0
49.0,1,27.58,4.0,8.0,6.0,0.0,0.0,1.0,28.17,74.97,1.0,0,1,0
22.0,1,25.64,19.0,8.0,6.0,1.0,1.0,0.0,13.29,95.19,1.0,0,1,0
55.0,0,24.13,8.0,11.0,0.0,0.0,1.0,0.0,18.89,66.35,1.0,0,1,0
39.0,1,29.62,13.0,12.0,1.0,1.0,1.0,0.0,42.66,45.36,1.0,0,1,0
57.0,0,21.22,3.0,4.0,0.0,0.0,1.0,1.0,16.97,5.19,1.0,1,0,0
41.0,1,22.78,5.0,3.0,8.0,1.0,0.0,1.0,19.58,90.64,1.0,0,1,0
52.0,0,29.5,8.0,6.0,6.0,0.0,0.0,1.0,16.05,58.97,1.0,1,0,0
40.0,0,1.2,2.0,13.0,6.0,0.0,0.0,1.0,0.9,68.23,1.0,1,0,0
34.0,1,19.39,10.0,2.0,2.0,1.0,0.0,0.0,14.72,50.53,1.0,0,1,0
18.0,0,22.43,16.0,3.0,4.0,1.0,1.0,1.0,27.27,39.36,1.0,0,1,0
48.0,0,27.62,4.0,14.0,1.0,0.0,1.0,1.0,27.78,50.39,1.0,1,0,0
48.0,0,26.63,14.0,8.0,4.0,1.0,1.0,1.0,17.6,4.85,1.0,0,1,0
59.0,0,25.42,3.0,4.0,7.0,1.0,1.0,1.0,32.93,79.79,1.0,0,1,0
59.0,0,28.43,10.0,7.0,9.0,0.0,1.0,0.0,31.6,15.8,1.0,0,0,1
51.0,1,15.74,13.0,13.0,2.0,0.0,0.0,1.0,12.74,33.27,1.0,0,1,0
26.0,0,1.2,5.0,6.0,3.0,0.0,0.0,1.0,0.87,8.7,1.0,0,1,0
39.0,0,1.32,17.0,1.0,7.0,1.0,1.0,0.0,1.88,81.99,1.0,0,0,1
30.0,1,16.79,17.0,8.0,5.0,0.0,1.0,1.0,19.09,16.83,1.0,0,1,0
42.0,1,13.62,11.0,4.0,0.0,0.0,0.0,0.0,17.81,39.89,1.0,0,1,0
35.0,0,14.09,19.0,4.0,2.0,1.0,1.0,1.0,10.22,41.55,1.0,1,0,0
29.0,1,12.61,18.0,3.0,1.0,0.0,0.0,1.0,13.73,31.64,1.0,1,0,0
57.0,1,27.61,17.0,7.0,9.0,0.0,0.0,1.0,15.28,86.01,1.0,0,1,0
34.0,1,11.42,11.0,10.0,1.0,1.0,0.0,0.0,12.5,77.18,1.0,0,1,0
32.0,1,25.83,15.0,3.0,3.0,0.0,1.0,0.0,18.17,74.37,1.0,1,0,0
59.0,1,27.18,8.0,1.0,5.0,1.0,1.0,0.0,31.78,22.51,1.0,1,0,0
32.0,1,15.49,12.0,4.0,9.0,1.0,0.0,1.0,22.18,18.95,1.0,0,1,0
32.0,0,13.96,17.0,2.0,9.0,0.0,0.0,1.0,13.38,24.66,1.0,0,1,0
56.0,0,23.07,10.0,3.0,4.0,0.0,0.0,0.0,18.58,38.62,1.0,0,1,0
30.0,1,21.53,4.0,2.0,3.0,1.0,0.0,1.0,13.42,47.88,1.0,1,0,0
34.0,1,10.53,11.0,6.0,7.0,1.0,0.0,0.0,12.33,25.02,1.0,1,0,0
49.0,0,3.97,8.0,13.0,4.0,1.0,0.0,0.0,4.3,45.78,1.0,0,0,1
26.0,1,8.68,16.0,5.0,1.0,1.0,0.0,1.0,9.07,18.44,1.0,1,0,0
57.0,0,4.8,16.0,1.0,3.0,1.0,1.0,1.0,6.89,26.9,1.0,0,1,0
37.0,1,9.55,3.0,10.0,6.0,1.0,0.0,0.0,14.12,26.07,1.0,0,1,0
43.0,0,8.59,12.0,14.0,3.0,1.0,0.0,0.0,10.45,72.71,1.0,1,0,0
44.0,0,19.49,13.0,13.0,5.0,0.0,1.0,1.0,13.56,45.85,1.0,1,0,0
38.0,1,28.68,1.0,7.0,1.0,1.0,1.0,1.0,41.49,61.52,1.0,0,1,0
35.0,1,20.89,4.0,4.0,8.0,0.0,0.0,0.0,17.65,66.93,1.0,0,1,0
30.0,1,27.87,6.0,5.0,3.0,1.0,1.0,1.0,16.14,6.85,1.0,0,0,1
33.0,1,23.74,5.0,7.0,0.0,0.0,0.0,0.0,17.59,79.48,1.0,0,1,0
26.0,0,22.11,5.0,10.0,2.0,0.0,0.0,1.0,29.41,28.4,1.0,0,1,0
29.0,1,13.01,10.0,10.0,6.0,1.0,1.0,0.0,9.16,50.98,1.0,1,0,0
55.0,0,10.42,19.0,11.0,9.0,1.0,0.0,1.0,9.33,33.84,1.0,1,0,0
36.0,1,25.54,18.0,6.0,8.0,0.0,1.0,1.0,19.76,77.36,1.0,0,1,0
39.0,0,27.26,2.0,14.0,5.0,0.0,1.0,1.0,14.93,22.83,1.0,1,0,0
52.0,1,14.1,16.0,10.0,3.0,0.0,1.0,1.0,14.97,96.38,1.0,0,1,0
35.0,1,1.26,15.0,2.0,1.0,1.0,1.0,1.0,1.42,40.01,1.0,0,1,0
33.0,0,23.98,5.0,1.0,8.0,1.0,0.0,0.0,30.96,71.16,1.0,0,1,0
56.0,1,9.27,9.0,2.0,7.0,1.0,0.0,1.0,8.48,64.14,1.0,1,0,0
21.0,1,1.29,5.0,14.0,6.0,1.0,0.0,1.0,0.83,74.26,1.0,0,0,1
42.0,1,24.34,5.0,7.0,1.0,1.0,0.0,0.0,28.04,55.11,1.0,1,0,0
49.0,1,16.01,9.0,3.0,1.0,1.0,1.0,1.0,22.25,38.38,1.0,0,0,1
57.0,1,20.87,9.0,7.0,7.0,1.0,1.0,0.0,12.94,17.96,1.0,0,1,0
30.0,0,27.53,2.0,14.0,8.0,0.0,1.0,1.0,18.79,51.94,1.0,0,1,0
34.0,1,16.69,7.0,3.0,8.0,0.0,1.0,1.0,13.84,6.09,1.0,0,1,0
54.0,0,15.59,1.0,14.0,7.0,0.0,0.0,0.0,17.93,5.88,1.0,0,1,0
23.0,1,9.43,2.0,6.0,0.0,1.0,1.0,0.0,9.65,61.34,1.0,1,0,0
36.0,1,9.85,12.0,12.0,4.0,0.0,1.0,1.0,11.94,48.05,1.0,1,0,0
30.0,0,24.1,6.0,5.0,6.0,0.0,1.0,1.0,12.81,50.61,1.0,0,0,1
43.0,0,14.02,19.0,9.0,9.0,0.0,1.0,0.0,18.37,31.87,1.0,0,1,0
31.0,0,5.74,16.0,0.0,5.0,1.0,1.0,0.0,8.54,79.06,1.0,0,1,0
48.0,0,3.74,4.0,12.0,0.0,1.0,0.0,1.0,2.04,20.12,1.0,0,1,0
39.0,0,14.71,18.0,10.0,9.0,0.0,0.0,1.0,14.64,58.61,1.0,0,1,0
56.0,1,14.48,5.0,7.0,5.0,1.0,0.0,0.0,17.95,86.05,1.0,0,1,0
25.0,0,19.95,18.0,5.0,3.0,0.0,1.0,0.0,19.48,83.41,1.0,0,1,0
42.0,0,14.66,6.0,1.0,2.0,1.0,1.0,1.0,16.02,2.86,1.0,0,1,0
30.0,1,5.16,14.0,4.0,3.0,0.0,1.0,0.0,7.33,27.9,1.0,0,1,0
49.0,1,15.73,17.0,11.0,7.0,0.0,1.0,1.0,16.36,71.47,1.0,0,1,0
55.0,0,27.3,18.0,1.0,5.0,1.0,0.0,1.0,20.11,74.07,1.0,0,1,0
55.0,0,5.62,10.0,9.0,8.0,0.0,0.0,0.0,6.96,48.27,1.0,0,1,0
45.0,0,21.0,19.0,6.0,4.0,0.0,1.0,1.0,18.38,20.25,1.0,0,1,0
47.0,1,18.22,18.0,14.0,8.0,1.0,1.0,0.0,14.3,27.9,1.0,0,1,0
20.0,0,22.71,4.0,10.0,3.0,1.0,0.0,1.0,17.0,80.1,1.0,0,1,0
45.0,1,5.37,15.0,9.0,3.0,0.0,0.0,0.0,3.11,19.22,1.0,0,1,0
20.0,1,28.31,6.0,5.0,5.0,0.0,0.0,0.0,40.57,94.23,1.0,0,1,0
51.0,1,19.01,6.0,6.0,9.0,1.0,1.0,0.0,20.21,50.09,1.0,0,1,0
33.0,1,25.57,3.0,14.0,6.0,0.0,1.0,1.0,14.3,28.34,1.0,1,0,0
39.0,0,8.15,9.0,5.0,1.0,0.0,1.0,0.0,11.1,38.96,1.0,1,0,0
49.0,1,22.44,11.0,9.0,3.0,1.0,0.0,1.0,11.9,25.65,1.0,1,0,0
55.0,1,23.65,5.0,0.0,7.0,0.0,1.0,1.0,17.67,38.43,1.0,0,1,0
25.0,0,12.53,14.0,14.0,8.0,0.0,1.0,1.0,10.22,13.08,1.0,0,1,0
25.0,1,12.13,2.0,2.0,4.0,0.0,0.0,0.0,12.01,82.32,1.0,1,0,0
23.0,0,20.08,19.0,14.0,5.0,0.0,0.0,1.0,24.42,96.37,1.0,0,1,0
31.0,1,3.71,8.0,9.0,9.0,0.0,0.0,1.0,4.38,65.91,1.0,1,0,0
49.0,0,22.33,13.0,1.0,6.0,1.0,1.0,1.0,33.21,80.86,1.0,0,1,0
52.0,1,2.24,19.0,0.0,6.0,0.0,1.0,1.0,3.19,22.81,1.0,0,1,0
27.0,1,6.53,10.0,0.0,2.0,0.0,0.0,1.0,4.48,6.28,1.0,1,0,0
20.0,0,20.26,15.0,3.0,1.0,1.0,1.0,0.0,27.55,62.71,1.0,0,1,0
29.0,1,3.85,4.0,10.0,9.0,0.0,1.0,0.0,5.17,81.76,1.0,0,1,0
48.0,1,29.18,4.0,0.0,7.0,0.0,1.0,1.0,31.36,83.43,1.0,0,1,0
46.0,0,26.18,18.0,1.0,8.0,0.0,0.0,0.0,21.94,53.28,1.0,0,1,0
22.0,1,19.16,19.0,0.0,7.0,1.0,0.0,0.0,13.58,62.21,1.0,0,1,0
42.0,1,24.75,9.0,12.0,7.0,1.0,0.0,1.0,17.63,36.83,1.0,0,1,0
58.0,0,26.74,15.0,11.0,1.0,1.0,0.0,0.0,22.4,83.07,1.0,1,0,0
48.0,0,8.52,12.0,11.0,3.0,0.0,1.0,0.0,8.55,69.76,1.0,1,0,0
38.0,0,25.63,4.0,5.0,5.0,0.0,1.0,0.0,27.78,18.59,1.0,0,1,0
37.0,0,6.65,3.0,10.0,7.0,0.0,0.0,0.0,5.49,27.94,1.0,0,0,1
56.0,0,12.99,5.0,3.0,1.0,0.0,0.0,1.0,11.13,15.19,1.0,0,1,0
39.0,1,17.19,17.0,7.0,7.0,1.0,1.0,0.0,8.83,50.57,1.0,0,1,0
21.0,0,21.7,5.0,10.0,0.0,1.0,1.0,0.0,14.3,20.22,1.0,1,0,0
30.0,1,1.87,4.0,4.0,5.0,0.0,0.0,1.0,2.63,15.88,1.0,1,0,0
59.0,0,9.42,7.0,13.0,7.0,1.0,1.0,0.0,4.84,16.04,1.0,1,0,0
37.0,1,18.65,7.0,9.0,7.0,0.0,0.0,1.0,9.94,26.59,1.0,0,1,0
30.0,1,11.36,7.0,4.0,6.0,0.0,1.0,0.0,8.02,80.9,1.0,0,1,0
34.0,0,23.48,17.0,10.0,6.0,1.0,0.0,0.0,29.19,93.83,1.0,1,0,0
53.0,1,19.9,15.0,10.0,9.0,1.0,1.0,0.0,23.46,99.59,1.0,0,1,0
39.0,1,7.8,7.0,7.0,8.0,1.0,0.0,0.0,8.95,4.03,1.0,1,0,0
18.0,0,5.23,15.0,7.0,1.0,0.0,0.0,1.0,5.62,56.89,1.0,0,1,0
32.0,0,19.24,4.0,9.0,0.0,0.0,1.0,1.0,13.5,26.64,1.0,1,0,0
30.0,0,14.06,2.0,5.0,1.0,1.0,0.0,0.0,12.62,98.89,1.0,0,1,0
34.0,0,5.9,13.0,5.0,2.0,1.0,1.0,1.0,5.77,98.43,1.0,0,1,0
41.0,1,10.46,12.0,2.0,8.0,1.0,0.0,1.0,11.32,93.41,1.0,0,1,0
25.0,1,9.79,10.0,12.0,9.0,1.0,0.0,0.0,6.84,1.42,1.0,1,0,0
44.0,1,4.14,19.0,5.0,6.0,1.0,0.0,1.0,5.09,15.45,1.0,1,0,0
39.0,1,16.86,15.0,9.0,5.0,0.0,0.0,1.0,13.64,55.25,1.0,0,1,0
25.0,1,23.15,17.0,12.0,4.0,0.0,0.0,1.0,26.86,18.73,1.0,1,0,0
25.0,1,17.69,6.0,6.0,5.0,1.0,0.0,0.0,17.94,85.49,1.0,0,1,0
43.0,0,24.96,5.0,1.0,1.0,1.0,1.0,0.0,27.26,69.97,1.0,0,1,0
30.0,1,4.7,13.0,2.0,0.0,0.0,0.0,0.0,4.29,18.41,1.0,0,1,0
56.0,1,13.63,14.0,5.0,0.0,0.0,1.0,0.0,12.88,81.84,1.0,0,1,0
54.0,1,18.67,14.0,9.0,2.0,1.0,1.0,0.0,25.54,49.83,1.0,0,1,0
45.0,0,20.6,15.0,8.0,0.0,0.0,1.0,0.0,20.1,70.97,1.0,0,1,0
42.0,0,21.18,16.0,12.0,8.0,1.0,1.0,0.0,27.4,13.98,1.0,1,0,0
33.0,0,22.14,10.0,8.0,9.0,0.0,1.0,0.0,19.82,51.79,1.0,1,0,0
19.0,0,19.89,1.0,7.0,4.0,0.0,1.0,1.0,23.88,77.63,1.0,1,0,0
35.0,1,3.73,11.0,7.0,8.0,1.0,0.0,1.0,14.3,34.56,1.0,0,1,0
34.0,1,21.16,7.0,8.0,4.0,1.0,1.0,0.0,29.98,18.68,1.0,0,0,1
47.0,1,22.02,17.0,10.0,0.0,0.0,0.0,0.0,32.31,63.95,1.0,1,0,0
56.0,0,29.81,4.0,14.0,6.0,1.0,0.0,0.0,41.77,64.41,1.0,0,1,0
30.0,1,21.11,7.0,10.0,6.0,1.0,0.0,1.0,17.87,20.43,1.0,1,0,0
49.0,1,20.92,3.0,8.0,3.0,1.0,0.0,0.0,16.24,6.94,1.0,0,1,0
46.0,1,15.93,14.0,9.0,2.0,1.0,0.0,1.0,10.87,16.65,1.0,0,1,0
47.0,0,26.17,18.0,10.0,0.0,0.0,1.0,0.0,35.93,27.55,1.0,0,1,0
35.0,0,29.91,18.0,12.0,6.0,0.0,0.0,0.0,18.5,3.63,1.0,0,1,0
30.0,0,23.59,1.0,8.0,4.0,0.0,0.0,1.0,26.95,92.27,1.0,1,0,0
38.0,1,18.76,6.0,4.0,9.0,0.0,1.0,1.0,15.6,23.05,1.0,0,1,0
47.0,1,3.29,9.0,14.0,0.0,0.0,1.0,1.0,2.26,73.89,1.0,0,1,0
38.0,1,22.08,2.0,5.0,0.0,0.0,0.0,1.0,15.11,41.47,1.0,0,0,1
34.0,1,21.55,8.0,14.0,2.0,1.0,1.0,0.0,29.54,50.2,1.0,0,0,1
57.0,0,23.49,4.0,7.0,2.0,0.0,1.0,1.0,31.94,53.69,1.0,1,0,0
36.0,1,4.61,10.0,12.0,1.0,1.0,0.0,0.0,3.56,77.28,1.0,0,1,0
39.0,0,19.96,1.0,0.0,7.0,1.0,0.0,0.0,10.65,78.79,1.0,0,1,0
26.0,1,9.58,11.0,3.0,7.0,1.0,0.0,1.0,13.12,14.13,1.0,1,0,0
27.0,0,23.05,9.0,14.0,5.0,0.0,0.0,0.0,12.85,30.33,1.0,0,1,0
48.0,1,7.97,19.0,13.0,4.0,0.0,1.0,0.0,4.66,57.3,1.0,0,1,0
40.0,1,20.84,11.0,10.0,5.0,1.0,1.0,0.0,27.55,33.04,1.0,0,1,0
47.0,0,9.55,4.0,12.0,0.0,0.0,0.0,1.0,12.58,13.28,1.0,0,1,0
50.0,0,1.26,5.0,0.0,1.0,0.0,0.0,1.0,0.89,40.84,1.0,0,1,0
26.0,1,19.37,17.0,11.0,6.0,1.0,0.0,1.0,10.43,21.84,1.0,0,1,0
18.0,1,4.28,18.0,0.0,0.0,1.0,0.0,0.0,14.3,14.35,1.0,0,1,0
52.0,1,20.12,5.0,2.0,7.0,0.0,0.0,0.0,19.18,30.4,1.0,0,1,0
28.0,0,27.84,18.0,6.0,2.0,0.0,0.0,1.0,25.56,29.97,1.0,0,1,0
51.0,1,29.11,17.0,14.0,3.0,0.0,1.0,1.0,19.86,9.72,1.0,0,1,0
33.0,0,7.84,10.0,0.0,6.0,0.0,0.0,1.0,11.05,58.41,1.0,1,0,0
26.0,1,24.47,11.0,6.0,9.0,1.0,1.0,1.0,25.75,31.43,1.0,1,0,0
49.0,1,11.25,17.0,9.0,6.0,0.0,0.0,0.0,14.71,17.33,1.0,0,1,0
32.0,1,27.11,8.0,13.0,1.0,1.0,1.0,0.0,16.37,81.86,1.0,0,1,0
29.0,1,23.84,8.0,9.0,4.0,1.0,0.0,0.0,35.13,0.26,1.0,0,1,0
50.0,0,3.14,2.0,14.0,7.0,1.0,1.0,0.0,4.11,45.43,1.0,0,1,0
31.0,0,12.81,7.0,12.0,8.0,1.0,1.0,1.0,10.09,43.49,1.0,0,1,0
25.0,1,10.78,6.0,0.0,4.0,0.0,0.0,1.0,5.61,67.11,1.0,0,1,0
39.0,1,23.77,18.0,8.0,1.0,1.0,0.0,0.0,15.8,38.94,1.0,1,0,0
44.0,1,12.9,7.0,4.0,3.0,0.0,0.0,1.0,11.85,51.27,1.0,1,0,0
29.0,0,20.85,18.0,12.0,4.0,0.0,0.0,0.0,10.49,90.85,1.0,0,1,0
18.0,1,18.47,12.0,14.0,5.0,1.0,0.0,1.0,9.99,16.83,1.0,0,1,0
57.0,1,29.29,7.0,5.0,5.0,1.0,1.0,1.0,17.53,10.55,1.0,1,0,0
59.0,0,28.2,7.0,14.0,0.0,0.0,0.0,0.0,36.93,74.68,1.0,0,1,0
28.0,0,13.4,1.0,11.0,5.0,1.0,1.0,0.0,14.03,74.29,1.0,1,0,0
56.0,0,21.98,10.0,8.0,9.0,1.0,1.0,0.0,15.19,91.96,1.0,0,1,0
48.0,1,25.05,10.0,7.0,0.0,0.0,0.0,0.0,19.15,98.32,1.0,1,0,0
34.0,1,27.07,12.0,2.0,4.0,1.0,0.0,0.0,30.92,38.44,1.0,0,0,1
50.0,0,2.98,3.0,2.0,6.0,1.0,0.0,1.0,2.44,37.74,1.0,0,0,1
49.0,1,9.76,3.0,4.0,7.0,1.0,0.0,1.0,11.54,90.47,1.0,0,1,0
46.0,1,10.29,13.0,12.0,4.0,0.0,1.0,1.0,13.15,86.07,1.0,0,1,0
38.0,1,13.6,13.0,12.0,1.0,1.0,1.0,0.0,10.97,37.54,1.0,0,1,0
38.0,0,5.91,6.0,6.0,2.0,0.0,1.0,0.0,5.12,7.63,1.0,0,0,1
57.0,1,15.39,3.0,2.0,6.0,0.0,1.0,0.0,8.47,58.12,1.0,0,1,0
40.0,1,20.23,15.0,3.0,9.0,1.0,0.0,1.0,26.7,26.87,1.0,0,1,0
23.0,1,15.42,9.0,13.0,3.0,0.0,1.0,1.0,17.06,90.86,1.0,0,1,0
39.0,1,20.31,6.0,1.0,0.0,1.0,0.0,1.0,28.2,80.61,1.0,0,1,0
55.0,1,2.93,6.0,8.0,2.0,1.0,1.0,1.0,2.02,90.1,1.0,0,1,0
54.0,1,26.4,8.0,9.0,9.0,0.0,1.0,1.0,38.56,8.09,1.0,0,1,0
25.0,1,28.23,11.0,8.0,1.0,0.0,1.0,0.0,34.07,86.46,1.0,0,1,0
58.0,1,18.92,19.0,12.0,8.0,1.0,1.0,1.0,13.18,59.31,1.0,0,1,0
52.0,1,26.56,16.0,10.0,0.0,0.0,0.0,0.0,25.58,21.54,1.0,0,0,1
28.0,1,4.81,9.0,1.0,8.0,0.0,0.0,0.0,5.77,30.13,1.0,1,0,0
41.0,0,24.13,11.0,4.0,9.0,0.0,1.0,1.0,12.47,45.66,1.0,1,0,0
38.0,1,4.46,16.0,0.0,4.0,1.0,1.0,1.0,5.71,62.76,1.0,0,1,0
19.0,0,12.83,6.0,7.0,5.0,1.0,1.0,1.0,18.57,23.27,1.0,1,0,0
57.0,1,10.39,17.0,5.0,5.0,1.0,1.0,1.0,6.04,20.7,1.0,0,1,0
36.0,0,17.98,16.0,13.0,5.0,1.0,1.0,0.0,25.14,89.22,1.0,0,1,0
56.0,1,9.74,18.0,9.0,8.0,1.0,0.0,0.0,9.39,84.52,1.0,0,1,0
45.0,1,19.48,1.0,9.0,8.0,0.0,1.0,0.0,19.78,76.68,1.0,0,1,0
34.0,0,11.65,18.0,1.0,9.0,0.0,0.0,1.0,15.61,49.5,1.0,0,1,0
23.0,0,25.96,8.0,1.0,6.0,1.0,1.0,0.0,28.29,76.6,1.0,0,0,1
36.0,0,19.38,10.0,9.0,2.0,1.0,0.0,0.0,16.5,92.41,1.0,0,1,0
55.0,1,7.24,2.0,4.0,6.0,0.0,1.0,0.0,8.92,84.37,1.0,0,1,0
45.0,0,10.75,9.0,6.0,4.0,1.0,1.0,0.0,6.86,38.86,1.0,0,1,0
19.0,0,25.58,4.0,8.0,8.0,1.0,0.0,0.0,29.83,47.13,1.0,0,1,0
55.0,1,12.21,11.0,8.0,7.0,0.0,1.0,1.0,15.56,60.46,1.0,0,1,0
54.0,0,16.54,10.0,11.0,9.0,1.0,1.0,0.0,13.81,47.56,1.0,0,1,0
21.0,0,19.82,14.0,14.0,5.0,1.0,1.0,0.0,29.14,29.69,1.0,1,0,0
39.0,0,11.09,7.0,14.0,4.0,1.0,1.0,1.0,12.65,86.12,1.0,0,1,0
43.0,1,9.53,19.0,10.0,9.0,1.0,1.0,0.0,5.68,80.34,1.0,0,1,0
53.0,0,14.78,6.0,5.0,1.0,0.0,0.0,1.0,21.67,38.99,1.0,1,0,0
30.0,1,7.23,16.0,1.0,2.0,1.0,0.0,1.0,8.99,11.47,1.0,1,0,0
49.0,0,9.24,19.0,5.0,2.0,1.0,0.0,0.0,11.05,0.49,1.0,1,0,0
34.0,0,2.8,19.0,0.0,3.0,0.0,1.0,0.0,2.11,9.24,1.0,1,0,0
58.0,0,9.82,10.0,10.0,2.0,0.0,0.0,0.0,9.56,15.47,1.0,0,1,0
53.0,0,10.3,12.0,10.0,6.0,1.0,1.0,1.0,14.43,65.78,1.0,0,1,0
36.0,1,28.89,15.0,12.0,5.0,1.0,1.0,0.0,23.35,21.96,1.0,1,0,0
52.0,0,18.1,8.0,1.0,7.0,0.0,0.0,0.0,16.71,63.48,1.0,1,0,0
57.0,1,23.83,10.0,11.0,1.0,0.0,1.0,1.0,18.03,32.83,1.0,0,1,0
45.0,0,2.32,8.0,2.0,1.0,0.0,0.0,0.0,1.66,89.51,0.0,0,1,0
18.0,1,4.09,16.0,4.0,5.0,0.0,0.0,0.0,2.22,46.91,1.0,1,0,0
59.0,0,24.62,16.0,9.0,4.0,0.0,1.0,1.0,30.45,67.29,1.0,0,1,0
35.0,1,19.08,2.0,7.0,6.0,0.0,0.0,1.0,11.27,46.09,1.0,0,1,0
39.0,1,6.54,17.0,11.0,8.0,0.0,0.0,0.0,6.74,91.25,1.0,0,1,0
39.0,1,12.74,5.0,9.0,4.0,0.0,1.0,0.0,7.0,68.74,1.0,1,0,0
29.0,1,16.62,5.0,12.0,0.0,1.0,0.0,0.0,24.66,64.22,1.0,0,0,1
25.0,1,25.46,12.0,13.0,2.0,1.0,0.0,1.0,30.79,59.23,1.0,0,1,0
41.0,0,2.75,7.0,12.0,7.0,1.0,1.0,1.0,3.11,98.86,1.0,0,1,0
33.0,1,18.3,5.0,12.0,2.0,1.0,0.0,1.0,12.56,68.48,1.0,0,1,0
21.0,1,21.79,4.0,4.0,6.0,1.0,1.0,0.0,22.4,75.41,1.0,0,1,0
55.0,1,29.36,17.0,4.0,9.0,1.0,1.0,1.0,29.46,8.17,1.0,0,1,0
44.0,0,24.41,6.0,3.0,2.0,0.0,0.0,0.0,20.96,81.42,1.0,0,1,0
39.0,0,9.01,14.0,2.0,1.0,1.0,1.0,1.0,5.91,49.5,1.0,0,1,0
33.0,0,21.58,9.0,6.0,9.0,0.0,1.0,0.0,18.71,33.67,1.0,1,0,0
29.0,0,23.14,4.0,10.0,5.0,1.0,0.0,1.0,25.66,58.17,1.0,1,0,0
39.0,1,22.16,10.0,6.0,1.0,1.0,1.0,0.0,21.88,62.56,1.0,0,1,0
41.0,0,24.78,16.0,0.0,9.0,1.0,1.0,1.0,26.52,26.02,1.0,0,1,0
31.0,1,15.74,16.0,6.0,4.0,1.0,0.0,0.0,29.17,43.71,1.0,0,0,1
42.0,0,3.85,16.0,2.0,4.0,1.0,0.0,1.0,2.87,72.13,1.0,0,1,0
51.0,1,4.04,6.0,12.0,4.0,1.0,1.0,0.0,2.47,22.58,1.0,1,0,0
20.0,1,24.1,15.0,2.0,5.0,1.0,1.0,1.0,24.62,83.61,1.0,0,1,0
41.0,1,8.32,3.0,14.0,2.0,1.0,0.0,1.0,11.58,7.75,1.0,1,0,0
59.0,1,2.7,9.0,5.0,9.0,0.0,1.0,0.0,4.04,58.12,1.0,1,0,0
26.0,1,12.64,1.0,14.0,4.0,1.0,0.0,0.0,16.25,37.97,1.0,1,0,0
43.0,0,24.78,11.0,5.0,7.0,1.0,1.0,1.0,17.87,5.33,1.0,1,0,0
37.0,1,4.67,6.0,10.0,3.0,1.0,1.0,1.0,5.28,77.45,1.0,0,0,1
57.0,1,20.48,5.0,12.0,4.0,0.0,1.0,0.0,15.13,54.65,1.0,0,1,0
27.0,1,1.1,18.0,7.0,0.0,0.0,1.0,1.0,1.18,71.53,1.0,0,1,0
36.0,1,4.18,12.0,3.0,0.0,0.0,1.0,1.0,4.1,38.01,1.0,0,1,0
20.0,0,11.17,7.0,4.0,7.0,0.0,1.0,0.0,9.85,85.96,1.0,1,0,0
41.0,0,3.42,2.0,2.0,1.0,0.0,0.0,1.0,3.9,8.37,1.0,1,0,0
22.0,1,25.53,7.0,2.0,9.0,0.0,1.0,0.0,34.66,23.34,1.0,0,1,0
20.0,1,26.06,9.0,8.0,9.0,1.0,1.0,0.0,21.82,79.46,1.0,0,1,0
39.0,1,22.91,8.0,4.0,6.0,1.0,1.0,0.0,22.6,95.47,1.0,1,0,0
39.0,1,8.03,9.0,7.0,6.0,1.0,0.0,1.0,7.68,84.64,1.0,0,1,0
32.0,0,16.17,10.0,8.0,8.0,1.0,1.0,1.0,12.11,23.09,1.0,0,1,0
52.0,0,6.34,12.0,9.0,5.0,0.0,0.0,1.0,5.84,34.85,1.0,1,0,0
29.0,1,9.16,2.0,5.0,1.0,0.0,1.0,1.0,4.78,76.55,1.0,0,1,0
58.0,1,15.96,10.0,8.0,0.0,1.0,0.0,0.0,16.24,94.63,1.0,0,1,0
43.0,1,22.32,3.0,13.0,0.0,1.0,1.0,0.0,27.25,28.92,1.0,0,1,0
51.0,1,3.74,1.0,10.0,3.0,0.0,1.0,1.0,3.24,38.63,1.0,0,1,0
40.0,1,9.6,17.0,6.0,7.0,0.0,1.0,0.0,11.97,2.29,1.0,0,1,0
48.0,0,27.87,1.0,10.0,9.0,0.0,1.0,1.0,34.86,50.44,1.0,0,1,0
37.0,0,13.44,5.0,9.0,7.0,1.0,1.0,1.0,19.95,8.82,1.0,0,1,0
29.0,1,28.23,14.0,9.0,8.0,0.0,1.0,0.0,29.53,8.56,1.0,0,1,0
40.0,0,29.75,6.0,6.0,1.0,0.0,0.0,1.0,26.9,76.13,1.0,0,1,0
21.0,0,16.27,9.0,4.0,6.0,1.0,1.0,0.0,18.54,34.39,1.0,0,1,0
40.0,0,9.35,14.0,6.0,3.0,1.0,1.0,0.0,10.53,93.56,1.0,0,0,1
18.0,1,23.93,4.0,9.0,2.0,1.0,0.0,1.0,35.59,71.61,1.0,0,1,0
42.0,0,5.62,1.0,3.0,3.0,1.0,0.0,0.0,6.79,29.48,1.0,1,0,0
19.0,0,8.31,6.0,10.0,3.0,0.0,1.0,0.0,6.7,68.19,1.0,1,0,0
47.0,1,23.76,7.0,10.0,2.0,0.0,0.0,1.0,16.34,86.56,1.0,0,1,0
20.0,0,13.58,6.0,5.0,8.0,1.0,0.0,0.0,17.56,43.6,1.0,1,0,0
38.0,1,6.84,1.0,1.0,7.0,0.0,0.0,1.0,4.65,56.18,1.0,0,1,0
42.0,0,19.88,8.0,13.0,9.0,0.0,0.0,0.0,22.41,21.75,1.0,1,0,0
37.0,1,22.25,12.0,9.0,1.0,1.0,0.0,0.0,14.07,40.22,1.0,0,1,0
39.0,1,4.63,11.0,2.0,2.0,1.0,0.0,1.0,5.64,57.9,1.0,1,0,0
38.0,1,9.03,2.0,1.0,9.0,0.0,0.0,1.0,11.58,61.55,1.0,0,1,0
50.0,0,7.42,2.0,12.0,6.0,1.0,1.0,0.0,11.06,72.0,1.0,1,0,0
55.0,1,12.02,2.0,9.0,4.0,1.0,1.0,1.0,17.48,95.74,1.0,0,1,0
32.0,1,23.14,8.0,1.0,0.0,0.0,1.0,0.0,28.09,83.85,1.0,1,0,0
32.0,0,21.7,7.0,6.0,0.0,1.0,0.0,0.0,16.87,85.16,1.0,0,1,0
42.0,0,20.21,16.0,4.0,7.0,0.0,1.0,1.0,10.99,55.75,1.0,1,0,0
38.0,0,1.18,9.0,12.0,5.0,1.0,1.0,0.0,1.25,14.42,1.0,0,1,0
41.0,0,5.12,16.0,12.0,3.0,0.0,1.0,0.0,6.48,63.55,1.0,0,1,0
39.0,1,7.48,2.0,5.0,2.0,1.0,1.0,1.0,3.82,40.63,1.0,1,0,0
23.0,1,8.89,3.0,2.0,8.0,1.0,0.0,1.0,9.11,3.18,1.0,0,0,1
40.0,1,5.25,2.0,14.0,8.0,0.0,0.0,1.0,7.26,19.49,1.0,0,1,0
21.0,0,12.9,19.0,9.0,3.0,0.0,0.0,1.0,14.67,49.5,1.0,0,0,1
44.0,0,3.18,17.0,4.0,7.0,1.0,0.0,0.0,3.76,63.1,1.0,1,0,0
35.0,1,22.75,12.0,4.0,3.0,0.0,0.0,0.0,22.17,97.84,1.0,1,0,0
38.0,1,23.84,11.0,10.0,7.0,0.0,0.0,0.0,34.4,92.34,1.0,0,1,0
45.0,1,17.65,19.0,3.0,6.0,1.0,1.0,0.0,15.44,59.43,1.0,0,1,0
52.0,1,3.6,6.0,9.0,5.0,1.0,1.0,0.0,3.16,15.49,1.0,1,0,0
39.0,1,26.81,10.0,3.0,6.0,0.0,0.0,0.0,27.29,33.63,1.0,0,1,0
57.0,1,29.0,14.0,11.0,5.0,1.0,1.0,1.0,31.49,23.3,1.0,0,1,0
40.0,0,6.87,1.0,12.0,5.0,1.0,1.0,1.0,7.13,47.05,1.0,0,1,0
20.0,1,21.43,15.0,7.0,6.0,1.0,0.0,0.0,28.26,80.06,1.0,0,1,0
57.0,1,25.42,6.0,5.0,3.0,0.0,1.0,0.0,33.92,82.18,1.0,1,0,0
27.0,1,16.66,13.0,10.0,4.0,0.0,0.0,0.0,10.52,17.81,1.0,1,0,0
42.0,1,10.38,14.0,1.0,8.0,1.0,1.0,1.0,11.38,54.91,1.0,0,1,0
25.0,1,14.88,13.0,1.0,1.0,0.0,0.0,0.0,14.3,67.67,1.0,0,1,0
28.0,1,15.86,16.0,1.0,8.0,1.0,0.0,1.0,17.44,39.66,1.0,0,1,0
22.0,1,12.62,1.0,5.0,4.0,0.0,0.0,0.0,14.99,90.54,1.0,0,1,0
54.0,0,27.97,14.0,11.0,9.0,1.0,1.0,1.0,14.3,35.9,1.0,0,1,0
55.0,1,22.57,13.0,0.0,0.0,0.0,1.0,0.0,30.84,49.01,1.0,1,0,0
39.0,0,8.0,10.0,2.0,6.0,0.0,1.0,1.0,4.14,58.68,1.0,1,0,0
22.0,0,17.98,10.0,0.0,4.0,0.0,1.0,1.0,13.29,42.74,1.0,0,1,0
26.0,0,20.97,4.0,3.0,2.0,1.0,0.0,1.0,28.58,96.36,1.0,1,0,0
19.0,1,5.06,10.0,12.0,2.0,0.0,0.0,0.0,5.91,76.05,1.0,0,1,0
18.0,1,11.39,12.0,0.0,0.0,1.0,1.0,0.0,12.89,82.91,1.0,1,0,0
57.0,1,27.26,6.0,8.0,6.0,1.0,1.0,1.0,37.07,75.26,1.0,0,1,0
47.0,1,17.45,15.0,10.0,1.0,0.0,1.0,0.0,22.8,58.81,1.0,1,0,0
28.0,1,7.29,5.0,11.0,7.0,1.0,0.0,1.0,9.12,2.82,1.0,0,1,0
45.0,1,4.56,10.0,10.0,3.0,0.0,1.0,1.0,2.5,76.47,1.0,0,1,0
29.0,1,16.03,9.0,12.0,3.0,0.0,1.0,1.0,20.54,61.27,1.0,0,1,0
56.0,1,16.88,10.0,5.0,4.0,1.0,1.0,1.0,11.83,8.07,1.0,0,1,0
43.0,1,10.7,12.0,13.0,5.0,1.0,1.0,0.0,5.63,11.86,1.0,0,1,0
30.0,1,19.28,4.0,7.0,6.0,1.0,1.0,0.0,19.12,48.12,1.0,0,1,0
25.0,0,2.99,4.0,13.0,2.0,1.0,1.0,1.0,4.31,85.28,1.0,0,1,0
45.0,1,5.21,13.0,1.0,3.0,1.0,0.0,1.0,7.22,55.37,1.0,1,0,0
47.0,1,16.84,14.0,13.0,8.0,0.0,0.0,1.0,24.96,91.96,1.0,0,1,0
26.0,1,2.79,12.0,14.0,0.0,1.0,0.0,0.0,2.08,81.57,1.0,1,0,0
56.0,0,26.55,13.0,5.0,7.0,1.0,0.0,1.0,31.74,63.08,1.0,0,1,0
48.0,1,5.12,13.0,3.0,7.0,1.0,0.0,0.0,2.85,31.34,1.0,0,0,1
38.0,1,20.54,2.0,6.0,6.0,1.0,1.0,1.0,26.77,85.27,1.0,0,0,1
51.0,0,12.34,19.0,7.0,5.0,0.0,1.0,0.0,12.63,49.5,1.0,0,1,0
48.0,1,12.59,9.0,13.0,6.0,1.0,1.0,1.0,18.84,55.28,1.0,1,0,0
42.0,0,23.18,10.0,5.0,9.0,1.0,0.0,1.0,17.15,50.06,1.0,0,1,0
29.0,0,15.48,17.0,12.0,3.0,1.0,0.0,0.0,19.89,21.28,1.0,0,0,1
18.0,0,22.04,10.0,12.0,3.0,1.0,1.0,0.0,14.79,1.57,1.0,0,1,0
39.0,0,15.65,13.0,0.0,4.0,0.0,0.0,1.0,12.32,71.65,1.0,0,1,0
57.0,1,18.19,1.0,14.0,3.0,1.0,1.0,1.0,14.47,91.96,1.0,0,1,0
54.0,0,23.06,2.0,7.0,3.0,0.0,1.0,1.0,24.86,18.37,1.0,0,1,0
18.0,0,18.61,17.0,10.0,8.0,1.0,1.0,1.0,16.1,93.47,1.0,0,1,0
18.0,1,18.85,13.0,0.0,5.0,0.0,0.0,1.0,17.69,7.19,1.0,1,0,0
59.0,1,23.89,17.0,8.0,2.0,0.0,0.0,1.0,24.41,55.25,1.0,0,1,0
59.0,1,28.52,13.0,1.0,2.0,0.0,0.0,1.0,15.86,11.56,1.0,0,1,0
38.0,0,11.92,17.0,10.0,9.0,1.0,0.0,0.0,13.89,88.91,1.0,0,1,0
39.0,1,17.74,19.0,9.0,7.0,1.0,1.0,0.0,20.39,10.32,1.0,0,1,0
34.0,0,3.5,14.0,5.0,2.0,0.0,1.0,0.0,5.13,25.11,1.0,0,1,0
39.0,0,15.74,10.0,7.0,3.0,0.0,1.0,0.0,7.23,80.59,1.0,1,0,0
55.0,1,12.95,2.0,4.0,5.0,0.0,0.0,1.0,6.88,68.85,1.0,0,1,0
52.0,1,25.22,14.0,13.0,8.0,0.0,0.0,1.0,15.97,38.81,1.0,0,1,0
33.0,1,15.89,17.0,1.0,5.0,0.0,0.0,1.0,14.66,83.68,1.0,0,1,0
25.0,1,22.2,5.0,4.0,2.0,1.0,1.0,0.0,15.85,63.57,1.0,0,1,0
34.0,1,1.55,18.0,0.0,5.0,1.0,0.0,1.0,1.11,25.98,1.0,1,0,0
34.0,1,14.47,3.0,7.0,5.0,0.0,0.0,0.0,19.82,74.03,1.0,0,1,0
43.0,0,27.14,16.0,7.0,4.0,1.0,1.0,1.0,22.36,33.31,1.0,0,1,0
30.0,0,7.51,19.0,13.0,4.0,1.0,1.0,1.0,6.89,81.57,1.0,0,1,0
34.0,1,1.91,18.0,1.0,2.0,1.0,1.0,1.0,14.3,78.16,1.0,0,1,0
55.0,0,13.57,5.0,5.0,4.0,1.0,1.0,1.0,11.4,30.85,1.0,0,1,0
34.0,0,21.43,8.0,10.0,4.0,1.0,1.0,0.0,22.59,10.37,1.0,0,1,0
31.0,0,14.18,6.0,7.0,6.0,0.0,0.0,0.0,14.5,82.08,1.0,1,0,0
23.0,0,14.34,15.0,9.0,8.0,1.0,1.0,1.0,10.92,36.44,1.0,0,1,0
52.0,0,20.42,3.0,12.0,4.0,1.0,0.0,1.0,24.85,32.53,1.0,0,1,0
31.0,0,8.38,9.0,7.0,8.0,1.0,1.0,0.0,11.18,1.82,1.0,0,1,0
25.0,1,22.8,11.0,11.0,4.0,1.0,1.0,0.0,29.26,72.59,1.0,0,1,0
32.0,1,5.44,14.0,13.0,3.0,1.0,1.0,0.0,4.87,27.41,1.0,0,1,0
44.0,1,12.48,9.0,14.0,5.0,1.0,0.0,0.0,17.88,43.59,1.0,1,0,0
30.0,0,20.02,10.0,13.0,7.0,1.0,1.0,0.0,28.01,89.98,1.0,1,0,0
48.0,1,25.02,15.0,6.0,3.0,1.0,1.0,0.0,14.3,12.53,1.0,0,1,0
52.0,1,23.95,18.0,2.0,4.0,1.0,0.0,1.0,14.94,3.8,1.0,0,1,0
23.0,1,21.93,19.0,12.0,9.0,0.0,0.0,0.0,30.57,56.05,1.0,0,1,0
22.0,0,11.41,7.0,13.0,0.0,0.0,1.0,0.0,14.2,69.99,1.0,0,1,0
39.0,1,4.55,19.0,14.0,9.0,1.0,0.0,0.0,3.69,52.82,1.0,1,0,0
40.0,0,7.29,5.0,11.0,0.0,1.0,1.0,1.0,5.87,33.96,1.0,1,0,0
42.0,1,26.08,18.0,13.0,7.0,0.0,1.0,1.0,21.44,36.14,1.0,0,0,1
51.0,1,25.86,1.0,10.0,6.0,1.0,0.0,1.0,35.2,14.96,1.0,0,1,0
43.0,1,28.6,12.0,3.0,4.0,0.0,1.0,1.0,21.17,31.17,1.0,0,1,0
22.0,0,3.2,6.0,0.0,8.0,0.0,0.0,0.0,3.68,75.89,1.0,1,0,0
43.0,0,16.57,13.0,8.0,0.0,0.0,1.0,0.0,22.11,49.91,1.0,1,0,0
37.0,0,19.81,17.0,13.0,2.0,0.0,1.0,0.0,17.58,89.08,1.0,1,0,0
23.0,0,21.61,9.0,9.0,5.0,1.0,1.0,0.0,12.13,16.8,1.0,0,1,0
23.0,0,19.67,1.0,9.0,0.0,0.0,1.0,1.0,24.76,44.24,1.0,0,1,0
35.0,1,23.33,12.0,1.0,5.0,1.0,0.0,1.0,12.13,70.16,1.0,0,1,0
21.0,1,11.42,1.0,9.0,1.0,1.0,0.0,0.0,15.2,27.23,1.0,0,1,0
34.0,0,6.2,4.0,6.0,9.0,1.0,1.0,1.0,14.3,26.68,1.0,0,1,0
31.0,0,6.93,7.0,7.0,4.0,0.0,0.0,1.0,9.02,10.56,1.0,1,0,0
31.0,1,1.35,5.0,13.0,9.0,0.0,0.0,0.0,1.41,89.29,1.0,0,1,0
30.0,0,11.16,5.0,3.0,1.0,0.0,1.0,1.0,9.59,17.25,1.0,0,1,0
24.0,1,3.66,7.0,10.0,0.0,1.0,1.0,0.0,5.12,97.01,1.0,1,0,0
32.0,0,10.32,17.0,10.0,3.0,1.0,1.0,1.0,13.08,44.88,1.0,0,1,0
36.0,1,19.22,12.0,14.0,1.0,0.0,0.0,0.0,11.16,98.18,1.0,1,0,0
52.0,0,26.94,15.0,9.0,8.0,1.0,1.0,0.0,38.54,4.04,1.0,0,1,0
34.0,0,25.35,3.0,0.0,2.0,0.0,1.0,0.0,24.51,56.71,1.0,0,1,0
52.0,1,8.33,17.0,4.0,8.0,0.0,1.0,0.0,5.41,69.08,1.0,0,0,1
36.0,1,4.89,14.0,9.0,3.0,1.0,0.0,0.0,6.22,51.63,1.0,0,0,1
37.0,0,6.6,10.0,9.0,9.0,1.0,0.0,1.0,6.72,57.01,1.0,0,1,0
53.0,0,29.16,15.0,5.0,6.0,0.0,0.0,0.0,34.2,53.84,1.0,1,0,0
52.0,1,16.93,15.0,6.0,6.0,0.0,1.0,0.0,20.22,14.95,1.0,0,1,0
49.0,0,6.29,19.0,0.0,5.0,1.0,1.0,1.0,4.39,53.19,1.0,0,1,0
57.0,1,25.38,11.0,12.0,7.0,1.0,0.0,1.0,37.33,54.17,1.0,0,1,0
41.0,1,12.46,10.0,3.0,5.0,1.0,1.0,1.0,7.55,35.56,1.0,0,1,0
34.0,0,27.08,10.0,11.0,8.0,1.0,1.0,1.0,29.94,60.75,1.0,1,0,0
24.0,1,8.56,9.0,4.0,4.0,0.0,0.0,0.0,5.53,41.19,1.0,1,0,0
18.0,1,12.4,3.0,4.0,2.0,0.0,0.0,0.0,17.08,75.52,1.0,0,0,1
52.0,0,15.64,1.0,6.0,4.0,0.0,0.0,1.0,10.53,3.82,1.0,1,0,0
49.0,1,26.89,11.0,3.0,3.0,0.0,0.0,1.0,25.3,1.0,1.0,0,1,0
53.0,1,26.19,16.0,9.0,2.0,0.0,1.0,1.0,15.37,52.39,1.0,1,0,0
30.0,1,17.66,3.0,6.0,0.0,0.0,1.0,0.0,16.74,98.92,1.0,0,0,1
23.0,1,7.43,9.0,7.0,7.0,0.0,0.0,0.0,3.75,44.55,1.0,1,0,0
31.0,0,12.7,11.0,1.0,3.0,0.0,1.0,1.0,11.98,1.19,1.0,1,0,0
54.0,1,29.29,17.0,13.0,2.0,1.0,1.0,1.0,34.79,31.71,1.0,0,0,1
32.0,0,18.63,1.0,0.0,3.0,1.0,0.0,0.0,12.72,46.73,1.0,0,1,0
21.0,1,23.65,9.0,12.0,0.0,0.0,0.0,0.0,24.9,90.11,1.0,0,1,0
57.0,0,14.05,3.0,9.0,5.0,1.0,0.0,1.0,13.69,12.13,1.0,1,0,0
33.0,1,16.43,10.0,9.0,2.0,0.0,1.0,0.0,13.72,92.44,1.0,0,0,1
45.0,0,13.44,5.0,0.0,7.0,0.0,0.0,1.0,15.74,94.02,1.0,0,1,0
33.0,1,21.38,11.0,12.0,9.0,1.0,0.0,1.0,31.97,64.1,1.0,0,1,0
21.0,1,25.69,5.0,0.0,4.0,0.0,1.0,1.0,36.94,22.52,1.0,1,0,0
43.0,1,15.71,10.0,8.0,8.0,1.0,0.0,0.0,23.1,53.67,1.0,0,1,0
45.0,1,14.95,14.0,3.0,8.0,0.0,1.0,0.0,7.78,81.67,1.0,1,0,0
49.0,0,10.87,12.0,8.0,1.0,0.0,0.0,1.0,8.22,35.8,1.0,0,1,0
19.0,0,6.14,19.0,6.0,4.0,1.0,1.0,1.0,14.3,90.53,1.0,0,1,0
48.0,1,28.24,9.0,14.0,6.0,1.0,1.0,1.0,15.48,8.69,1.0,0,1,0
20.0,0,15.74,7.0,6.0,6.0,0.0,0.0,1.0,8.8,30.72,1.0,0,1,0
25.0,1,24.22,16.0,12.0,9.0,1.0,0.0,1.0,27.91,99.32,1.0,0,1,0
41.0,1,15.74,7.0,1.0,2.0,1.0,0.0,1.0,32.25,58.39,1.0,0,1,0
32.0,0,23.94,14.0,1.0,6.0,1.0,0.0,1.0,18.57,59.03,1.0,0,1,0
48.0,0,28.17,8.0,11.0,6.0,1.0,0.0,1.0,35.61,23.99,1.0,0,1,0
26.0,0,19.08,18.0,4.0,3.0,1.0,1.0,1.0,22.14,85.76,1.0,0,1,0
56.0,1,27.04,3.0,14.0,6.0,0.0,0.0,0.0,30.11,42.91,1.0,0,1,0
19.0,1,5.86,2.0,9.0,7.0,0.0,0.0,1.0,7.28,79.35,1.0,0,1,0
25.0,0,19.17,5.0,0.0,2.0,1.0,0.0,1.0,14.45,81.07,1.0,1,0,0
24.0,1,23.4,8.0,6.0,1.0,1.0,1.0,1.0,19.63,17.49,1.0,0,1,0
56.0,0,8.88,19.0,14.0,8.0,0.0,0.0,0.0,9.42,50.18,1.0,0,1,0
59.0,0,22.48,9.0,10.0,6.0,1.0,1.0,0.0,21.11,38.4,1.0,1,0,0
33.0,0,23.58,2.0,6.0,5.0,1.0,1.0,1.0,28.81,15.48,1.0,0,1,0
52.0,0,25.1,15.0,10.0,9.0,1.0,0.0,0.0,32.65,12.34,1.0,0,0,1
47.0,0,10.07,8.0,7.0,9.0,0.0,0.0,1.0,10.35,4.58,1.0,1,0,0
27.0,0,20.77,10.0,6.0,8.0,0.0,1.0,0.0,18.57,70.2,1.0,0,1,0
55.0,1,9.82,10.0,7.0,4.0,1.0,1.0,0.0,13.86,78.22,1.0,0,1,0
35.0,1,22.43,19.0,14.0,1.0,1.0,1.0,1.0,28.03,47.14,1.0,0,1,0
22.0,0,14.43,1.0,14.0,6.0,1.0,1.0,0.0,16.93,56.39,1.0,0,1,0
46.0,0,18.33,2.0,2.0,8.0,0.0,1.0,1.0,10.22,26.2,1.0,0,1,0
56.0,0,13.06,10.0,2.0,2.0,1.0,0.0,1.0,13.42,71.48,1.0,0,1,0
51.0,1,5.7,14.0,7.0,3.0,1.0,1.0,0.0,3.54,58.4,1.0,1,0,0
40.0,0,6.16,15.0,8.0,8.0,1.0,1.0,0.0,7.15,88.23,1.0,0,1,0
22.0,0,3.25,14.0,9.0,1.0,0.0,1.0,1.0,2.6,74.61,1.0,0,1,0
47.0,0,18.92,8.0,7.0,3.0,1.0,1.0,1.0,23.43,1.89,1.0,1,0,0
23.0,1,25.61,18.0,7.0,4.0,1.0,1.0,1.0,32.73,80.98,1.0,0,1,0
21.0,0,1.6,17.0,0.0,3.0,1.0,0.0,1.0,1.28,2.71,1.0,0,1,0
46.0,1,2.92,7.0,1.0,6.0,1.0,0.0,0.0,4.31,81.38,1.0,0,1,0
40.0,1,14.27,1.0,12.0,5.0,1.0,1.0,0.0,14.51,98.73,1.0,0,1,0
23.0,0,22.39,9.0,9.0,8.0,0.0,0.0,1.0,16.07,48.09,1.0,0,0,1
49.0,1,5.57,9.0,9.0,3.0,1.0,1.0,1.0,7.1,22.69,1.0,0,1,0
59.0,1,8.88,11.0,9.0,8.0,1.0,0.0,1.0,11.2,0.96,1.0,0,1,0
35.0,1,7.73,19.0,8.0,0.0,0.0,0.0,1.0,7.06,15.03,1.0,0,1,0
32.0,0,12.57,6.0,1.0,5.0,1.0,0.0,1.0,14.56,50.38,1.0,0,1,0
57.0,1,7.52,7.0,14.0,6.0,1.0,0.0,1.0,3.92,80.66,1.0,0,1,0
49.0,0,11.23,15.0,1.0,8.0,1.0,1.0,1.0,8.89,87.15,1.0,1,0,0
26.0,0,22.13,6.0,7.0,0.0,0.0,0.0,0.0,30.57,68.36,1.0,0,0,1
54.0,0,18.72,9.0,4.0,0.0,0.0,1.0,0.0,13.71,8.68,1.0,0,1,0
27.0,1,3.35,15.0,4.0,1.0,0.0,0.0,1.0,4.71,99.13,1.0,0,1,0
37.0,0,19.49,6.0,10.0,5.0,1.0,0.0,0.0,21.05,74.71,1.0,1,0,0
23.0,1,14.84,7.0,5.0,2.0,1.0,1.0,1.0,20.82,42.65,1.0,0,1,0
20.0,1,28.1,17.0,7.0,5.0,0.0,1.0,0.0,17.73,81.37,1.0,0,1,0
59.0,1,9.39,6.0,7.0,1.0,0.0,0.0,1.0,9.05,58.86,1.0,0,1,0
28.0,1,22.06,9.0,8.0,9.0,0.0,0.0,1.0,17.57,60.28,1.0,0,1,0
34.0,0,22.19,3.0,9.0,5.0,0.0,0.0,1.0,30.78,97.13,1.0,0,1,0
49.0,0,7.42,14.0,10.0,6.0,0.0,1.0,0.0,6.24,80.11,1.0,1,0,0
21.0,1,27.19,6.0,2.0,5.0,0.0,0.0,0.0,29.6,26.22,1.0,1,0,0
21.0,0,15.24,4.0,8.0,1.0,0.0,0.0,0.0,20.23,17.52,1.0,0,1,0
34.0,0,20.69,16.0,13.0,4.0,1.0,1.0,1.0,15.08,17.23,1.0,0,1,0
58.0,0,5.23,16.0,10.0,9.0,1.0,0.0,0.0,2.85,45.45,1.0,0,0,1
36.0,1,8.48,9.0,2.0,5.0,0.0,0.0,1.0,8.43,38.86,1.0,0,1,0
22.0,0,18.0,4.0,0.0,7.0,1.0,1.0,1.0,21.31,45.28,1.0,1,0,0
49.0,1,10.25,8.0,11.0,8.0,0.0,0.0,1.0,12.5,6.27,1.0,0,1,0
39.0,0,15.49,8.0,10.0,4.0,1.0,1.0,0.0,14.21,20.21,1.0,0,1,0
23.0,1,15.74,6.0,4.0,6.0,1.0,1.0,0.0,6.86,49.5,1.0,0,1,0
52.0,1,19.58,8.0,6.0,3.0,0.0,1.0,0.0,17.68,75.76,1.0,1,0,0
39.0,1,15.13,10.0,2.0,9.0,1.0,0.0,0.0,9.41,39.33,1.0,0,1,0
18.0,0,1.13,14.0,8.0,4.0,1.0,1.0,0.0,0.65,39.05,1.0,0,1,0
37.0,1,19.84,14.0,0.0,0.0,1.0,1.0,0.0,15.94,88.38,1.0,0,1,0
39.0,0,13.24,18.0,5.0,2.0,1.0,0.0,1.0,16.91,18.19,1.0,1,0,0
28.0,1,10.91,13.0,14.0,1.0,0.0,0.0,1.0,13.84,35.72,1.0,0,0,1
30.0,1,3.73,15.0,11.0,5.0,0.0,0.0,0.0,4.13,76.35,1.0,0,0,1
59.0,1,7.39,3.0,11.0,8.0,1.0,1.0,1.0,9.8,57.46,1.0,0,0,1
20.0,0,7.49,6.0,5.0,9.0,1.0,1.0,1.0,7.5,49.5,1.0,0,1,0
26.0,1,28.13,17.0,13.0,2.0,0.0,1.0,1.0,20.91,1.18,1.0,0,1,0
29.0,1,13.54,16.0,12.0,1.0,1.0,0.0,0.0,14.49,1.91,1.0,0,1,0
40.0,1,2.22,6.0,7.0,1.0,0.0,1.0,0.0,3.16,65.6,1.0,0,1,0
31.0,0,5.03,8.0,14.0,5.0,1.0,1.0,0.0,2.7,62.25,1.0,1,0,0
50.0,1,3.29,13.0,12.0,9.0,1.0,0.0,1.0,4.82,4.45,1.0,1,0,0
35.0,1,18.08,13.0,2.0,5.0,1.0,1.0,0.0,22.5,13.2,1.0,0,1,0
58.0,1,6.41,17.0,11.0,4.0,0.0,0.0,1.0,7.6,72.26,1.0,1,0,0
26.0,1,15.46,3.0,4.0,8.0,1.0,0.0,0.0,17.22,30.96,1.0,0,0,1
40.0,0,11.73,13.0,10.0,6.0,0.0,1.0,1.0,8.89,99.17,1.0,0,1,0
27.0,1,24.31,7.0,9.0,6.0,0.0,1.0,0.0,33.69,31.25,1.0,0,1,0
36.0,1,10.29,5.0,10.0,0.0,0.0,1.0,1.0,15.14,33.57,1.0,0,1,0
22.0,0,14.29,11.0,14.0,9.0,0.0,1.0,1.0,20.35,41.95,1.0,0,1,0
40.0,0,21.92,10.0,4.0,9.0,1.0,0.0,1.0,13.35,82.77,1.0,0,1,0
47.0,0,13.57,4.0,7.0,1.0,0.0,0.0,0.0,16.78,55.73,1.0,0,1,0
42.0,1,24.0,7.0,6.0,2.0,0.0,1.0,0.0,25.36,85.72,1.0,0,1,0
45.0,0,20.19,4.0,2.0,4.0,0.0,0.0,1.0,14.3,42.72,1.0,0,0,1
51.0,0,12.91,10.0,14.0,3.0,0.0,0.0,0.0,11.0,60.83,1.0,0,1,0
42.0,0,15.62,1.0,6.0,7.0,1.0,1.0,0.0,22.76,0.46,1.0,0,1,0
27.0,1,29.05,17.0,9.0,3.0,0.0,0.0,0.0,23.61,57.55,1.0,0,0,1
31.0,1,20.19,5.0,7.0,5.0,0.0,1.0,0.0,24.99,8.05,1.0,0,1,0
59.0,1,27.24,17.0,4.0,8.0,0.0,1.0,1.0,27.34,19.3,1.0,0,1,0
47.0,0,6.18,3.0,10.0,1.0,0.0,1.0,1.0,6.9,99.75,1.0,1,0,0
58.0,1,15.01,9.0,4.0,7.0,1.0,1.0,1.0,9.24,63.72,1.0,0,1,0
42.0,0,27.35,3.0,13.0,4.0,0.0,0.0,1.0,30.38,86.93,1.0,1,0,0
31.0,0,10.36,3.0,13.0,9.0,1.0,0.0,1.0,11.02,5.73,1.0,0,1,0
52.0,0,29.06,9.0,10.0,5.0,0.0,0.0,1.0,35.42,38.46,1.0,0,1,0
39.0,1,3.82,5.0,0.0,2.0,1.0,0.0,1.0,3.01,86.24,1.0,0,1,0
27.0,0,27.18,10.0,12.0,7.0,0.0,1.0,0.0,36.21,41.08,1.0,0,1,0
52.0,0,13.91,15.0,7.0,5.0,0.0,1.0,1.0,20.1,25.36,1.0,1,0,0
28.0,1,3.14,12.0,12.0,0.0,0.0,0.0,1.0,4.34,48.1,1.0,1,0,0
28.0,0,26.51,6.0,5.0,0.0,0.0,0.0,1.0,23.63,47.09,1.0,0,0,1
38.0,0,8.31,7.0,5.0,7.0,1.0,1.0,0.0,10.49,99.07,1.0,1,0,0
38.0,0,1.65,7.0,14.0,1.0,0.0,1.0,0.0,1.43,35.45,1.0,0,1,0
39.0,1,4.94,4.0,4.0,4.0,1.0,0.0,1.0,6.73,95.73,1.0,1,0,0
24.0,0,20.11,13.0,4.0,1.0,0.0,1.0,1.0,17.6,91.2,1.0,1,0,0
34.0,1,29.36,15.0,13.0,3.0,0.0,0.0,0.0,20.14,44.95,1.0,1,0,0
19.0,1,4.23,18.0,2.0,8.0,1.0,1.0,0.0,4.18,94.5,1.0,1,0,0
29.0,0,14.4,18.0,11.0,1.0,0.0,0.0,1.0,9.15,72.89,1.0,0,1,0
59.0,0,6.24,7.0,14.0,3.0,1.0,1.0,1.0,6.78,88.5,1.0,0,1,0
35.0,0,22.61,10.0,2.0,9.0,0.0,1.0,1.0,24.34,89.18,1.0,1,0,0
28.0,0,4.42,16.0,1.0,4.0,0.0,1.0,1.0,4.38,8.55,1.0,0,1,0
33.0,1,7.96,8.0,8.0,9.0,1.0,0.0,1.0,8.79,89.68,1.0,0,1,0
35.0,1,6.7,19.0,7.0,9.0,0.0,0.0,1.0,9.88,48.96,1.0,1,0,0
52.0,0,17.02,11.0,10.0,4.0,1.0,0.0,1.0,15.03,63.7,1.0,0,1,0
43.0,1,26.32,6.0,2.0,4.0,0.0,1.0,0.0,24.29,30.05,1.0,0,1,0
33.0,0,15.82,10.0,4.0,9.0,0.0,0.0,1.0,12.25,64.55,1.0,0,1,0
23.0,0,2.69,19.0,14.0,9.0,1.0,1.0,1.0,1.84,2.71,1.0,1,0,0
59.0,0,17.34,14.0,9.0,1.0,0.0,0.0,0.0,13.68,37.12,1.0,0,1,0
29.0,0,24.13,6.0,14.0,7.0,0.0,0.0,0.0,17.2,62.86,1.0,1,0,0
30.0,1,4.83,4.0,4.0,4.0,1.0,0.0,1.0,4.5,19.69,1.0,0,1,0
21.0,1,3.11,15.0,7.0,5.0,1.0,1.0,0.0,2.28,67.26,1.0,0,1,0
56.0,0,15.74,5.0,5.0,7.0,0.0,0.0,0.0,6.56,82.89,1.0,0,1,0
19.0,0,22.64,16.0,6.0,7.0,1.0,1.0,1.0,17.8,3.73,1.0,1,0,0
43.0,1,18.16,7.0,4.0,9.0,1.0,1.0,1.0,16.79,49.5,1.0,0,1,0
44.0,1,16.68,2.0,11.0,6.0,1.0,1.0,1.0,10.5,58.06,1.0,0,0,1
44.0,1,8.23,13.0,0.0,7.0,0.0,1.0,1.0,5.46,78.21,1.0,0,0,1
32.0,0,10.63,2.0,7.0,9.0,0.0,0.0,1.0,11.84,69.75,1.0,1,0,0
25.0,1,29.01,9.0,3.0,6.0,0.0,1.0,1.0,30.91,45.46,1.0,0,0,1
24.0,0,7.98,5.0,4.0,9.0,1.0,1.0,1.0,5.36,35.45,1.0,0,1,0
57.0,0,27.15,3.0,0.0,5.0,0.0,0.0,1.0,21.58,98.56,1.0,0,1,0
29.0,1,17.84,2.0,2.0,4.0,0.0,1.0,1.0,12.87,50.18,1.0,1,0,0
30.0,0,4.58,14.0,14.0,4.0,0.0,1.0,1.0,5.94,40.79,1.0,1,0,0
34.0,1,15.74,8.0,1.0,7.0,0.0,0.0,0.0,12.58,99.3,1.0,1,0,0
34.0,0,28.51,12.0,11.0,0.0,0.0,1.0,1.0,25.83,49.5,1.0,1,0,0
53.0,0,13.14,17.0,1.0,1.0,1.0,0.0,0.0,15.31,18.61,1.0,0,0,1
38.0,0,26.04,16.0,12.0,0.0,1.0,1.0,0.0,21.5,97.65,1.0,0,1,0
25.0,0,8.44,6.0,0.0,9.0,1.0,1.0,1.0,14.3,65.77,1.0,1,0,0
22.0,1,17.56,6.0,5.0,6.0,1.0,0.0,1.0,22.79,51.97,1.0,1,0,0
43.0,0,25.47,18.0,14.0,8.0,1.0,1.0,1.0,32.97,6.78,1.0,1,0,0
33.0,1,27.7,2.0,14.0,6.0,0.0,0.0,1.0,30.6,35.59,1.0,0,1,0
53.0,1,15.09,8.0,7.0,8.0,1.0,1.0,0.0,15.98,43.33,1.0,1,0,0
45.0,0,19.55,14.0,2.0,3.0,0.0,0.0,1.0,13.31,51.14,1.0,0,0,1
46.0,1,1.09,2.0,0.0,6.0,0.0,1.0,0.0,1.06,43.66,1.0,0,1,0
29.0,0,8.34,17.0,13.0,9.0,1.0,0.0,0.0,6.46,43.81,1.0,1,0,0
54.0,1,9.08,16.0,9.0,9.0,1.0,1.0,1.0,11.17,99.48,1.0,0,1,0
47.0,1,3.71,18.0,1.0,6.0,1.0,1.0,1.0,4.18,97.4,1.0,0,0,1
40.0,0,9.11,6.0,2.0,9.0,1.0,0.0,0.0,8.0,8.62,1.0,0,1,0
33.0,1,10.31,17.0,5.0,9.0,0.0,1.0,1.0,10.67,16.86,1.0,0,1,0
31.0,0,29.09,18.0,13.0,1.0,0.0,1.0,1.0,26.79,94.16,1.0,0,1,0
27.0,1,15.74,14.0,2.0,1.0,0.0,1.0,1.0,13.18,31.9,1.0,0,1,0
24.0,0,13.35,10.0,8.0,7.0,1.0,0.0,1.0,17.1,61.15,1.0,0,1,0
54.0,1,29.65,4.0,11.0,1.0,0.0,1.0,1.0,41.46,79.79,1.0,1,0,0
46.0,0,5.44,18.0,0.0,0.0,0.0,1.0,1.0,7.78,47.09,1.0,0,0,1
20.0,1,14.81,11.0,6.0,0.0,0.0,1.0,1.0,19.09,1.66,1.0,1,0,0
32.0,0,19.76,16.0,9.0,0.0,0.0,0.0,0.0,26.12,82.81,1.0,0,1,0
53.0,1,2.61,4.0,7.0,5.0,1.0,0.0,1.0,1.45,75.62,1.0,0,0,1
36.0,0,21.79,19.0,8.0,4.0,1.0,0.0,0.0,27.93,4.14,1.0,1,0,0
30.0,1,3.9,6.0,7.0,6.0,1.0,1.0,0.0,3.13,89.74,1.0,0,1,0
59.0,0,5.07,8.0,4.0,2.0,1.0,1.0,1.0,3.23,85.7,1.0,0,1,0
38.0,1,5.63,18.0,7.0,4.0,0.0,1.0,1.0,5.75,27.5,1.0,0,1,0
54.0,0,27.94,19.0,14.0,1.0,0.0,0.0,1.0,29.91,8.01,1.0,1,0,0
44.0,0,20.81,18.0,0.0,8.0,1.0,0.0,0.0,20.49,40.32,1.0,0,1,0
46.0,1,20.01,16.0,13.0,8.0,1.0,1.0,0.0,23.07,87.49,1.0,0,1,0
37.0,0,17.11,7.0,14.0,3.0,1.0,0.0,1.0,20.78,48.24,1.0,1,0,0
42.0,1,9.49,17.0,7.0,1.0,0.0,1.0,1.0,6.05,28.16,1.0,0,1,0
23.0,1,19.01,3.0,6.0,9.0,1.0,0.0,1.0,21.23,23.18,1.0,1,0,0
53.0,1,12.89,15.0,4.0,7.0,0.0,0.0,1.0,7.15,35.5,1.0,1,0,0
19.0,0,5.22,4.0,9.0,3.0,0.0,1.0,0.0,4.95,99.39,1.0,0,1,0
39.0,0,21.0,16.0,2.0,4.0,1.0,1.0,0.0,12.6,87.84,1.0,1,0,0
49.0,0,4.76,14.0,8.0,3.0,1.0,1.0,0.0,4.52,54.7,1.0,0,1,0
33.0,0,6.53,17.0,3.0,1.0,1.0,0.0,0.0,4.41,80.84,1.0,0,1,0
35.0,0,24.71,9.0,13.0,5.0,1.0,0.0,0.0,30.5,31.63,1.0,1,0,0
22.0,1,20.14,7.0,5.0,0.0,1.0,0.0,1.0,28.19,61.52,1.0,0,1,0
53.0,1,19.3,14.0,10.0,7.0,1.0,0.0,0.0,12.92,87.28,1.0,0,0,1
47.0,1,13.13,12.0,3.0,0.0,0.0,0.0,1.0,16.24,36.77,1.0,0,1,0
36.0,0,12.49,17.0,8.0,4.0,1.0,0.0,0.0,8.07,80.04,1.0,0,1,0
40.0,0,21.02,9.0,3.0,8.0,1.0,1.0,0.0,19.63,61.43,1.0,0,0,1
51.0,0,22.46,12.0,13.0,0.0,0.0,0.0,1.0,25.28,61.54,1.0,0,1,0
30.0,0,15.8,12.0,7.0,9.0,0.0,0.0,0.0,16.4,4.11,1.0,1,0,0
46.0,1,29.11,8.0,10.0,6.0,0.0,0.0,1.0,16.22,89.93,1.0,0,1,0
53.0,0,28.72,10.0,11.0,6.0,1.0,0.0,1.0,24.78,77.61,1.0,1,0,0
39.0,0,12.96,12.0,11.0,4.0,0.0,0.0,1.0,12.57,3.65,1.0,0,1,0
53.0,1,24.8,5.0,2.0,3.0,0.0,1.0,1.0,22.11,61.07,1.0,0,1,0
26.0,1,16.75,1.0,7.0,8.0,1.0,0.0,0.0,19.52,74.59,1.0,0,1,0
56.0,0,15.84,9.0,14.0,4.0,1.0,1.0,0.0,21.99,79.51,1.0,0,1,0
36.0,0,2.59,15.0,7.0,0.0,0.0,1.0,1.0,3.02,8.85,1.0,1,0,0
55.0,0,17.65,2.0,2.0,8.0,1.0,0.0,1.0,19.24,63.99,1.0,0,1,0
23.0,1,27.12,4.0,13.0,4.0,1.0,0.0,0.0,17.6,23.3,1.0,0,1,0
32.0,1,23.62,4.0,10.0,8.0,1.0,1.0,0.0,20.05,45.14,1.0,0,1,0
37.0,0,23.8,3.0,4.0,7.0,0.0,0.0,1.0,24.95,52.65,1.0,1,0,0
26.0,1,5.64,16.0,0.0,9.0,1.0,0.0,1.0,8.09,2.73,1.0,1,0,0
49.0,1,11.4,8.0,5.0,6.0,1.0,0.0,1.0,9.17,29.95,1.0,0,1,0
21.0,1,7.76,7.0,14.0,5.0,0.0,0.0,1.0,6.5,79.74,1.0,0,1,0
35.0,0,10.16,12.0,10.0,8.0,0.0,0.0,0.0,11.07,84.23,1.0,0,1,0
22.0,1,17.81,12.0,1.0,3.0,0.0,1.0,1.0,24.93,33.0,1.0,1,0,0
37.0,1,11.58,4.0,11.0,4.0,0.0,1.0,0.0,12.08,44.18,1.0,0,1,0
40.0,0,17.26,15.0,2.0,0.0,1.0,1.0,1.0,11.64,83.12,1.0,0,1,0
28.0,0,15.74,6.0,10.0,6.0,1.0,1.0,1.0,7.9,20.08,1.0,1,0,0
54.0,1,9.31,3.0,0.0,5.0,1.0,1.0,0.0,12.93,73.1,1.0,0,0,1
39.0,0,3.77,7.0,10.0,6.0,1.0,0.0,0.0,4.41,40.73,1.0,0,1,0
21.0,1,26.86,6.0,5.0,0.0,1.0,0.0,0.0,19.35,98.71,1.0,1,0,0
46.0,1,1.33,1.0,4.0,6.0,1.0,0.0,0.0,1.63,60.18,1.0,0,1,0
51.0,0,1.05,10.0,9.0,6.0,1.0,1.0,1.0,1.28,14.81,1.0,0,0,1
30.0,0,24.98,1.0,1.0,7.0,1.0,0.0,1.0,31.78,17.19,1.0,0,1,0
59.0,1,29.91,16.0,14.0,1.0,1.0,0.0,1.0,41.64,2.73,1.0,0,1,0
26.0,0,22.09,3.0,10.0,0.0,1.0,1.0,1.0,14.4,71.48,1.0,1,0,0
59.0,0,1.44,2.0,7.0,0.0,0.0,1.0,0.0,2.1,44.33,1.0,0,1,0
48.0,1,7.57,6.0,8.0,7.0,1.0,1.0,1.0,11.34,1.1,1.0,0,1,0
24.0,1,29.18,8.0,13.0,5.0,0.0,0.0,0.0,15.01,10.14,1.0,0,1,0
21.0,1,24.45,7.0,7.0,8.0,0.0,1.0,1.0,14.46,28.94,1.0,1,0,0
36.0,1,17.44,10.0,2.0,1.0,1.0,1.0,1.0,16.29,42.41,1.0,0,1,0
59.0,1,7.87,19.0,11.0,3.0,0.0,1.0,0.0,4.21,93.84,1.0,1,0,0
47.0,1,1.42,18.0,5.0,7.0,1.0,1.0,1.0,1.75,54.13,1.0,0,1,0
48.0,0,1.6,3.0,5.0,5.0,0.0,1.0,1.0,1.84,89.42,1.0,0,1,0
52.0,0,18.75,11.0,13.0,1.0,0.0,1.0,0.0,23.92,25.05,1.0,0,1,0
38.0,1,1.63,11.0,9.0,5.0,1.0,1.0,0.0,2.44,33.22,1.0,0,1,0
48.0,0,29.82,3.0,5.0,1.0,1.0,1.0,0.0,42.74,88.08,1.0,1,0,0
36.0,0,6.32,1.0,7.0,6.0,0.0,1.0,1.0,5.06,49.14,1.0,1,0,0
48.0,1,21.61,10.0,11.0,8.0,0.0,1.0,0.0,19.37,59.02,1.0,0,1,0
49.0,0,5.5,2.0,4.0,7.0,1.0,0.0,0.0,7.02,57.42,1.0,0,1,0
19.0,0,16.66,17.0,9.0,1.0,1.0,0.0,1.0,14.8,64.54,1.0,1,0,0
27.0,1,3.34,9.0,9.0,2.0,0.0,1.0,0.0,4.0,58.9,1.0,1,0,0
19.0,0,23.24,18.0,12.0,7.0,1.0,0.0,1.0,14.3,69.44,1.0,1,0,0
19.0,0,17.96,9.0,7.0,3.0,0.0,0.0,0.0,16.27,14.73,1.0,1,0,0
41.0,1,3.5,11.0,11.0,5.0,1.0,0.0,1.0,3.71,71.06,1.0,0,1,0
34.0,1,25.61,17.0,2.0,1.0,1.0,1.0,0.0,34.35,15.06,1.0,1,0,0
49.0,0,16.86,14.0,6.0,0.0,0.0,1.0,0.0,16.48,34.04,1.0,0,1,0
33.0,0,27.73,18.0,0.0,5.0,1.0,0.0,0.0,21.88,83.13,1.0,0,1,0
33.0,1,27.58,18.0,3.0,7.0,0.0,0.0,0.0,20.91,60.78,1.0,1,0,0
56.0,1,27.69,12.0,4.0,4.0,0.0,0.0,1.0,15.84,96.72,1.0,0,1,0
48.0,0,3.26,18.0,6.0,0.0,1.0,0.0,0.0,2.71,25.23,1.0,1,0,0
41.0,0,4.51,8.0,13.0,9.0,0.0,1.0,1.0,5.35,92.07,1.0,0,1,0
18.0,1,29.64,8.0,5.0,1.0,1.0,0.0,1.0,16.56,64.19,1.0,0,1,0
28.0,1,15.14,8.0,12.0,2.0,1.0,1.0,1.0,11.72,36.92,1.0,0,1,0
38.0,0,7.91,15.0,5.0,1.0,0.0,0.0,0.0,4.84,49.5,1.0,1,0,0
21.0,1,23.32,10.0,12.0,8.0,1.0,1.0,0.0,21.09,95.49,1.0,0,1,0
24.0,0,8.66,14.0,14.0,9.0,1.0,1.0,0.0,5.14,77.96,1.0,1,0,0
43.0,0,22.09,13.0,1.0,1.0,1.0,1.0,0.0,27.53,0.65,1.0,0,1,0
29.0,1,25.28,8.0,10.0,2.0,1.0,1.0,1.0,36.1,49.5,1.0,1,0,0
48.0,1,23.74,17.0,1.0,8.0,1.0,1.0,1.0,16.44,12.62,1.0,0,0,1
34.0,0,8.95,19.0,1.0,2.0,1.0,1.0,1.0,6.72,85.07,1.0,0,1,0
50.0,0,12.65,6.0,9.0,7.0,0.0,1.0,0.0,8.35,75.02,1.0,0,1,0
28.0,1,12.98,17.0,12.0,7.0,1.0,0.0,1.0,8.92,63.98,1.0,1,0,0
45.0,0,15.25,4.0,11.0,2.0,1.0,1.0,1.0,12.38,69.45,1.0,0,1,0
49.0,1,5.85,7.0,7.0,9.0,0.0,0.0,1.0,4.57,49.5,1.0,1,0,0
18.0,1,14.12,17.0,6.0,9.0,0.0,0.0,1.0,12.5,34.79,1.0,1,0,0
45.0,1,15.81,18.0,0.0,2.0,0.0,0.0,1.0,16.2,72.04,1.0,0,1,0
59.0,1,16.42,10.0,8.0,7.0,1.0,0.0,0.0,20.16,93.51,1.0,1,0,0
24.0,1,24.78,10.0,10.0,2.0,0.0,0.0,1.0,34.31,74.97,1.0,0,1,0
19.0,0,16.0,18.0,10.0,3.0,0.0,0.0,1.0,15.35,86.73,1.0,0,0,1
59.0,1,7.69,7.0,7.0,4.0,1.0,0.0,1.0,10.84,23.72,1.0,0,1,0
41.0,1,15.74,14.0,12.0,6.0,0.0,1.0,1.0,23.87,34.93,1.0,1,0,0
21.0,1,24.12,14.0,8.0,0.0,1.0,0.0,1.0,29.64,50.77,1.0,0,1,0
36.0,1,10.26,10.0,3.0,7.0,1.0,0.0,0.0,10.49,47.15,1.0,0,1,0
43.0,1,19.71,9.0,4.0,2.0,1.0,0.0,1.0,20.17,46.6,1.0,0,1,0
28.0,1,5.26,10.0,10.0,6.0,1.0,0.0,0.0,5.43,64.06,1.0,1,0,0
57.0,1,10.92,2.0,4.0,9.0,1.0,0.0,0.0,10.83,85.54,1.0,0,1,0
28.0,0,27.37,3.0,10.0,2.0,1.0,0.0,0.0,26.24,88.72,1.0,1,0,0
20.0,0,27.43,16.0,8.0,8.0,1.0,1.0,0.0,34.96,15.05,1.0,0,1,0
29.0,0,17.68,10.0,14.0,9.0,1.0,0.0,0.0,15.69,9.02,1.0,1,0,0
20.0,0,21.37,11.0,7.0,4.0,0.0,0.0,1.0,15.1,31.12,1.0,1,0,0
59.0,1,25.77,10.0,12.0,2.0,0.0,0.0,1.0,16.38,73.72,1.0,0,1,0
44.0,0,28.8,12.0,9.0,2.0,1.0,0.0,0.0,39.73,79.35,1.0,0,1,0
19.0,1,15.21,14.0,5.0,3.0,1.0,0.0,0.0,20.73,38.33,1.0,0,1,0
33.0,0,17.29,9.0,14.0,4.0,1.0,1.0,0.0,12.86,31.04,1.0,0,1,0
19.0,0,13.05,13.0,10.0,4.0,1.0,1.0,0.0,8.07,13.05,1.0,0,1,0
47.0,1,3.09,6.0,9.0,7.0,1.0,0.0,1.0,4.51,23.82,1.0,1,0,0
37.0,1,13.26,11.0,10.0,9.0,0.0,1.0,1.0,13.02,10.08,1.0,0,1,0
55.0,0,23.93,1.0,14.0,5.0,0.0,0.0,0.0,14.2,30.39,1.0,1,0,0
45.0,0,24.34,15.0,9.0,4.0,1.0,1.0,1.0,17.41,67.61,1.0,0,0,1
42.0,0,26.88,7.0,0.0,1.0,0.0,1.0,0.0,32.36,12.9,1.0,0,1,0
49.0,0,2.49,11.0,14.0,4.0,0.0,1.0,1.0,1.45,32.13,1.0,1,0,0
27.0,1,15.74,17.0,6.0,6.0,1.0,0.0,0.0,15.2,52.86,1.0,0,1,0
59.0,0,4.12,5.0,8.0,2.0,1.0,0.0,1.0,3.82,32.71,1.0,1,0,0
57.0,0,6.82,9.0,7.0,6.0,1.0,1.0,1.0,8.09,43.96,1.0,0,1,0
50.0,0,27.11,16.0,3.0,0.0,0.0,1.0,0.0,18.96,49.69,1.0,1,0,0
30.0,0,15.41,11.0,3.0,5.0,1.0,0.0,0.0,22.86,77.5,1.0,0,0,1
58.0,0,23.0,17.0,4.0,0.0,1.0,0.0,1.0,15.07,84.31,1.0,0,1,0
59.0,1,2.87,6.0,14.0,6.0,1.0,1.0,0.0,3.15,19.24,1.0,1,0,0
54.0,1,13.09,15.0,7.0,5.0,0.0,1.0,0.0,10.84,36.93,1.0,0,1,0
33.0,1,20.55,3.0,10.0,9.0,0.0,0.0,1.0,13.01,57.52,1.0,0,1,0
39.0,1,4.87,9.0,4.0,0.0,1.0,1.0,0.0,5.06,49.94,1.0,1,0,0
37.0,1,10.45,12.0,3.0,8.0,1.0,1.0,0.0,7.0,8.04,1.0,0,1,0
44.0,0,2.87,19.0,7.0,4.0,0.0,1.0,1.0,3.39,34.5,1.0,1,0,0
58.0,1,19.89,18.0,10.0,6.0,0.0,1.0,1.0,10.59,22.75,1.0,0,1,0
33.0,1,29.16,16.0,4.0,0.0,1.0,1.0,1.0,29.46,41.73,1.0,1,0,0
51.0,0,24.98,8.0,7.0,7.0,1.0,0.0,1.0,17.96,33.8,1.0,0,1,0
49.0,1,29.26,19.0,0.0,7.0,0.0,0.0,0.0,42.43,69.54,1.0,0,1,0
43.0,1,25.52,5.0,2.0,8.0,0.0,0.0,0.0,30.89,40.14,1.0,0,1,0
42.0,1,25.8,12.0,6.0,1.0,0.0,0.0,0.0,32.39,24.15,1.0,0,1,0
19.0,1,17.74,6.0,11.0,5.0,0.0,1.0,1.0,21.38,61.97,1.0,0,1,0
29.0,0,16.03,12.0,0.0,9.0,0.0,0.0,0.0,18.69,72.69,1.0,0,1,0
57.0,0,12.78,15.0,7.0,4.0,1.0,1.0,1.0,8.15,10.83,1.0,0,1,0
26.0,1,24.72,10.0,4.0,5.0,1.0,0.0,0.0,37.02,25.12,1.0,0,1,0
29.0,0,6.28,17.0,5.0,4.0,1.0,1.0,1.0,7.27,20.88,1.0,0,1,0
43.0,1,2.63,7.0,13.0,0.0,0.0,1.0,0.0,3.68,20.11,1.0,0,1,0
26.0,0,28.49,7.0,11.0,1.0,1.0,1.0,1.0,28.6,90.2,1.0,0,1,0
27.0,0,1.11,11.0,12.0,2.0,1.0,1.0,0.0,0.87,12.6,1.0,0,0,1
49.0,0,29.33,2.0,0.0,6.0,1.0,1.0,0.0,27.49,87.11,1.0,0,1,0
51.0,0,22.14,2.0,6.0,9.0,1.0,0.0,1.0,19.91,39.39,1.0,0,1,0
37.0,0,10.53,14.0,8.0,8.0,0.0,0.0,1.0,5.43,64.08,1.0,0,1,0
56.0,0,21.24,18.0,8.0,1.0,1.0,1.0,1.0,24.96,44.09,1.0,1,0,0
19.0,0,24.72,16.0,2.0,9.0,0.0,0.0,1.0,30.59,59.87,1.0,0,1,0
39.0,0,8.12,11.0,3.0,0.0,1.0,1.0,1.0,4.39,55.17,1.0,1,0,0
53.0,0,23.36,9.0,14.0,0.0,0.0,0.0,1.0,17.43,43.29,1.0,0,1,0
41.0,0,24.33,7.0,13.0,3.0,1.0,1.0,0.0,28.33,27.5,1.0,0,1,0
44.0,0,8.23,4.0,0.0,8.0,1.0,0.0,1.0,6.76,93.09,1.0,1,0,0
19.0,1,2.22,16.0,12.0,3.0,0.0,0.0,0.0,3.18,91.6,1.0,0,1,0
48.0,0,6.92,14.0,3.0,2.0,1.0,0.0,1.0,4.24,7.11,1.0,0,1,0
31.0,1,6.82,11.0,13.0,9.0,0.0,1.0,1.0,9.74,22.35,1.0,1,0,0
19.0,0,2.89,8.0,4.0,7.0,0.0,0.0,1.0,4.09,57.41,1.0,1,0,0
46.0,1,22.05,11.0,6.0,8.0,1.0,0.0,1.0,32.1,98.04,1.0,1,0,0
32.0,1,12.02,17.0,4.0,4.0,1.0,1.0,1.0,6.94,72.74,1.0,1,0,0
29.0,1,26.65,19.0,7.0,1.0,0.0,0.0,0.0,20.58,81.83,1.0,1,0,0
54.0,0,8.31,10.0,6.0,3.0,1.0,1.0,0.0,6.24,31.42,1.0,1,0,0
45.0,0,14.14,12.0,0.0,9.0,1.0,0.0,1.0,19.59,21.89,1.0,0,1,0
37.0,0,19.53,1.0,11.0,7.0,1.0,0.0,0.0,25.53,22.6,1.0,1,0,0
56.0,0,26.45,2.0,1.0,1.0,0.0,0.0,0.0,17.43,48.33,1.0,1,0,0
41.0,1,16.21,18.0,6.0,8.0,1.0,1.0,1.0,10.4,85.85,1.0,0,1,0
38.0,0,11.83,7.0,2.0,4.0,1.0,0.0,1.0,11.52,21.64,1.0,0,1,0
27.0,0,26.14,16.0,1.0,6.0,0.0,1.0,1.0,17.6,57.03,1.0,0,1,0
31.0,0,10.0,13.0,10.0,4.0,0.0,0.0,0.0,9.76,80.88,1.0,1,0,0
54.0,0,3.3,4.0,11.0,2.0,1.0,0.0,1.0,4.44,50.04,1.0,0,1,0
35.0,0,13.91,10.0,13.0,1.0,1.0,1.0,0.0,13.91,41.69,1.0,0,0,1
41.0,0,23.77,9.0,8.0,2.0,0.0,1.0,0.0,29.11,34.65,1.0,0,1,0
31.0,0,1.89,18.0,11.0,1.0,1.0,0.0,1.0,1.42,60.04,1.0,1,0,0
51.0,0,17.99,9.0,9.0,1.0,0.0,1.0,0.0,13.78,81.77,1.0,0,1,0
29.0,1,18.24,10.0,12.0,1.0,1.0,1.0,0.0,19.95,99.61,1.0,1,0,0
39.0,1,27.93,8.0,7.0,1.0,0.0,0.0,1.0,37.77,86.94,1.0,1,0,0
23.0,0,9.31,11.0,7.0,7.0,0.0,1.0,1.0,9.6,45.28,1.0,1,0,0
53.0,0,9.09,13.0,2.0,4.0,1.0,1.0,1.0,6.35,7.92,1.0,1,0,0
53.0,0,13.77,13.0,10.0,8.0,0.0,0.0,0.0,9.88,12.05,1.0,1,0,0
39.0,0,11.35,16.0,9.0,4.0,1.0,0.0,1.0,12.68,2.93,1.0,0,1,0
31.0,1,22.35,13.0,8.0,0.0,1.0,1.0,1.0,13.49,49.5,1.0,0,1,0
33.0,1,15.74,12.0,7.0,7.0,1.0,1.0,0.0,11.09,48.16,1.0,1,0,0
53.0,0,23.01,15.0,11.0,2.0,1.0,1.0,0.0,13.87,82.06,1.0,0,1,0
42.0,1,24.78,16.0,1.0,9.0,1.0,0.0,1.0,22.11,8.57,1.0,0,1,0
49.0,1,27.77,8.0,6.0,9.0,0.0,1.0,0.0,23.73,22.81,1.0,0,1,0
50.0,1,13.5,6.0,7.0,1.0,1.0,0.0,1.0,6.78,51.07,1.0,0,1,0
53.0,0,29.56,8.0,11.0,5.0,1.0,0.0,0.0,19.56,84.98,1.0,0,1,0
37.0,0,7.25,2.0,6.0,3.0,1.0,1.0,0.0,6.14,8.76,1.0,1,0,0
35.0,1,21.72,18.0,8.0,3.0,0.0,1.0,0.0,20.2,24.34,1.0,0,1,0
55.0,1,16.49,11.0,12.0,8.0,0.0,1.0,1.0,14.88,54.39,1.0,0,1,0
20.0,0,24.69,17.0,6.0,9.0,0.0,1.0,0.0,20.24,32.44,1.0,0,1,0
40.0,0,14.83,10.0,11.0,7.0,0.0,1.0,0.0,14.3,99.24,1.0,1,0,0
49.0,1,23.73,2.0,6.0,2.0,1.0,0.0,0.0,21.74,45.21,1.0,0,0,1
39.0,1,15.74,19.0,0.0,8.0,1.0,1.0,1.0,32.01,91.14,1.0,1,0,0
22.0,0,22.24,2.0,1.0,0.0,0.0,1.0,0.0,29.63,94.09,1.0,0,1,0
21.0,1,23.51,6.0,13.0,6.0,0.0,0.0,1.0,31.83,25.94,1.0,0,0,1
38.0,0,2.95,17.0,4.0,6.0,0.0,0.0,1.0,4.0,32.65,1.0,1,0,0
57.0,0,6.94,12.0,12.0,1.0,0.0,0.0,1.0,6.9,32.41,1.0,1,0,0
31.0,1,29.25,5.0,12.0,6.0,1.0,0.0,1.0,33.97,43.63,1.0,1,0,0
56.0,1,21.1,2.0,10.0,6.0,0.0,0.0,1.0,17.19,6.32,1.0,0,1,0
48.0,1,17.28,9.0,13.0,8.0,1.0,1.0,1.0,23.53,80.74,1.0,0,1,0
31.0,0,11.64,2.0,0.0,5.0,1.0,0.0,0.0,8.3,13.09,1.0,0,1,0
23.0,0,2.29,14.0,11.0,9.0,0.0,0.0,1.0,2.95,89.37,1.0,0,1,0
29.0,0,11.7,15.0,9.0,9.0,1.0,0.0,1.0,11.35,57.66,1.0,1,0,0
33.0,0,15.47,2.0,14.0,8.0,1.0,1.0,0.0,12.36,48.15,1.0,1,0,0
34.0,0,7.13,18.0,6.0,2.0,0.0,0.0,0.0,6.27,66.08,1.0,1,0,0
40.0,0,6.02,12.0,4.0,7.0,1.0,1.0,1.0,6.55,93.31,1.0,0,1,0
31.0,1,15.74,7.0,12.0,3.0,0.0,1.0,1.0,22.51,29.67,1.0,0,1,0
24.0,0,17.99,16.0,4.0,0.0,0.0,1.0,1.0,10.75,27.02,1.0,0,1,0
49.0,0,7.96,19.0,7.0,6.0,0.0,1.0,1.0,11.3,36.99,1.0,0,1,0
32.0,0,18.03,3.0,8.0,2.0,1.0,1.0,0.0,23.72,48.68,1.0,0,1,0
34.0,0,27.11,15.0,7.0,3.0,1.0,0.0,1.0,29.48,7.57,1.0,1,0,0
58.0,1,14.72,15.0,0.0,2.0,0.0,1.0,1.0,9.28,68.0,1.0,0,1,0
39.0,0,25.86,7.0,9.0,5.0,0.0,1.0,1.0,33.94,52.09,1.0,0,0,1
22.0,1,27.89,8.0,3.0,9.0,1.0,0.0,0.0,33.21,53.99,1.0,0,1,0
44.0,1,3.68,7.0,14.0,0.0,1.0,0.0,1.0,3.67,24.96,1.0,1,0,0
40.0,0,3.78,3.0,10.0,9.0,0.0,1.0,1.0,5.24,84.06,1.0,0,1,0
57.0,0,14.81,19.0,1.0,6.0,1.0,0.0,0.0,17.25,39.81,1.0,0,1,0
31.0,1,18.05,19.0,13.0,9.0,1.0,1.0,1.0,14.23,65.23,1.0,1,0,0
32.0,1,13.35,18.0,8.0,7.0,1.0,0.0,1.0,14.3,24.01,1.0,1,0,0
50.0,0,10.47,7.0,8.0,2.0,1.0,1.0,0.0,13.19,81.63,1.0,0,1,0
48.0,1,19.59,19.0,0.0,8.0,1.0,1.0,1.0,14.8,29.97,1.0,0,1,0
52.0,0,1.06,5.0,2.0,1.0,0.0,1.0,1.0,0.83,92.17,0.0,0,1,0
34.0,0,29.07,13.0,9.0,9.0,0.0,0.0,0.0,27.61,45.48,1.0,1,0,0
45.0,1,7.73,2.0,7.0,9.0,0.0,0.0,1.0,9.66,14.52,1.0,0,0,1
36.0,0,27.6,18.0,1.0,8.0,0.0,0.0,1.0,39.31,61.12,1.0,0,1,0
40.0,0,4.16,4.0,1.0,4.0,0.0,0.0,1.0,2.98,55.66,1.0,0,1,0
49.0,0,7.9,4.0,1.0,5.0,0.0,1.0,1.0,10.92,42.14,1.0,0,0,1
57.0,1,7.81,8.0,12.0,1.0,1.0,0.0,0.0,8.63,81.97,1.0,0,1,0
30.0,1,29.89,11.0,4.0,4.0,1.0,0.0,1.0,40.52,42.13,1.0,1,0,0
37.0,1,1.13,1.0,13.0,5.0,0.0,1.0,0.0,1.52,13.62,1.0,0,1,0
52.0,0,19.55,9.0,8.0,4.0,1.0,1.0,1.0,17.45,2.86,1.0,0,1,0
22.0,1,26.22,6.0,6.0,3.0,0.0,0.0,1.0,30.89,89.22,1.0,0,1,0
26.0,1,20.5,4.0,12.0,7.0,0.0,1.0,1.0,29.66,46.67,1.0,0,1,0
46.0,1,11.52,6.0,6.0,1.0,0.0,0.0,1.0,13.51,56.3,1.0,0,1,0
23.0,0,28.79,13.0,14.0,0.0,1.0,0.0,1.0,27.59,11.47,1.0,1,0,0
42.0,0,26.91,9.0,1.0,1.0,1.0,0.0,0.0,14.3,48.94,1.0,1,0,0
48.0,1,13.58,14.0,1.0,3.0,1.0,1.0,1.0,8.74,53.34,1.0,1,0,0
39.0,1,17.63,12.0,4.0,0.0,1.0,1.0,1.0,26.42,46.53,1.0,1,0,0
19.0,1,29.06,4.0,11.0,8.0,0.0,1.0,0.0,33.65,95.41,1.0,0,1,0
22.0,0,29.49,8.0,13.0,0.0,1.0,1.0,0.0,22.9,57.14,1.0,0,1,0
44.0,1,14.04,17.0,6.0,4.0,1.0,1.0,1.0,8.07,97.44,1.0,1,0,0
42.0,0,25.57,5.0,6.0,7.0,1.0,0.0,0.0,32.06,15.33,1.0,0,1,0
25.0,0,9.76,3.0,8.0,8.0,0.0,0.0,1.0,13.23,91.42,1.0,0,1,0
18.0,0,11.78,4.0,2.0,8.0,0.0,1.0,1.0,10.93,55.29,1.0,0,1,0
37.0,1,5.78,8.0,13.0,7.0,1.0,0.0,1.0,8.42,29.61,1.0,0,1,0
40.0,1,7.07,16.0,0.0,5.0,1.0,0.0,0.0,5.86,74.57,1.0,0,1,0
49.0,0,20.05,11.0,8.0,5.0,1.0,1.0,1.0,25.18,55.63,1.0,1,0,0
28.0,0,15.81,2.0,0.0,8.0,0.0,1.0,0.0,12.06,57.57,1.0,0,0,1
56.0,0,7.7,8.0,7.0,1.0,1.0,1.0,0.0,6.44,17.19,1.0,1,0,0
41.0,0,12.68,7.0,13.0,2.0,0.0,0.0,1.0,14.02,67.99,1.0,0,0,1
28.0,1,11.82,1.0,14.0,5.0,0.0,1.0,1.0,6.34,29.41,1.0,0,0,1
46.0,1,29.63,2.0,13.0,7.0,1.0,0.0,1.0,21.06,35.58,1.0,0,1,0
43.0,0,25.75,13.0,4.0,6.0,0.0,1.0,1.0,17.42,90.66,1.0,0,1,0
33.0,0,12.25,11.0,7.0,7.0,1.0,1.0,0.0,10.14,17.95,1.0,1,0,0
52.0,0,27.5,3.0,6.0,4.0,1.0,1.0,0.0,35.13,88.66,1.0,0,1,0
37.0,1,10.94,2.0,8.0,8.0,1.0,1.0,1.0,15.4,50.04,1.0,0,1,0
20.0,0,20.37,16.0,1.0,5.0,1.0,1.0,0.0,10.44,17.85,1.0,0,1,0
18.0,1,29.03,1.0,8.0,9.0,0.0,0.0,0.0,21.98,81.16,1.0,0,1,0
18.0,0,12.32,7.0,9.0,1.0,1.0,0.0,0.0,6.47,65.25,1.0,0,1,0
34.0,1,20.72,3.0,4.0,5.0,1.0,1.0,0.0,28.2,34.68,1.0,0,1,0
19.0,1,9.58,16.0,4.0,3.0,0.0,1.0,0.0,6.69,30.07,1.0,0,1,0
46.0,0,8.72,6.0,0.0,4.0,0.0,0.0,1.0,11.08,42.09,1.0,1,0,0
37.0,1,17.65,14.0,5.0,4.0,1.0,1.0,1.0,9.41,13.62,1.0,0,1,0
23.0,1,29.4,11.0,9.0,0.0,0.0,1.0,1.0,26.41,80.92,1.0,1,0,0
25.0,1,14.14,19.0,9.0,9.0,1.0,0.0,1.0,12.14,27.87,1.0,0,1,0
46.0,1,28.19,1.0,9.0,4.0,1.0,1.0,1.0,23.38,82.69,1.0,0,1,0
50.0,0,27.52,13.0,9.0,9.0,1.0,0.0,0.0,29.45,73.13,1.0,0,1,0
20.0,0,8.36,9.0,2.0,8.0,0.0,0.0,0.0,7.45,94.18,1.0,0,1,0
52.0,0,12.65,11.0,7.0,7.0,1.0,0.0,1.0,11.43,9.91,1.0,1,0,0
22.0,0,19.66,1.0,9.0,7.0,0.0,1.0,1.0,13.55,34.92,1.0,1,0,0
44.0,0,16.02,13.0,2.0,2.0,0.0,0.0,1.0,14.65,62.39,1.0,1,0,0
29.0,1,3.78,1.0,2.0,8.0,1.0,0.0,1.0,4.69,85.86,1.0,0,0,1
37.0,1,15.74,3.0,12.0,8.0,1.0,0.0,0.0,24.54,49.5,1.0,0,1,0
37.0,1,22.83,17.0,3.0,9.0,1.0,1.0,1.0,30.98,86.14,1.0,0,1,0
26.0,1,13.69,5.0,8.0,6.0,0.0,0.0,0.0,9.12,6.7,1.0,0,1,0
56.0,0,18.93,6.0,12.0,5.0,0.0,1.0,1.0,25.49,47.44,1.0,0,1,0
21.0,1,3.54,17.0,7.0,8.0,1.0,1.0,0.0,3.95,8.44,1.0,0,1,0
36.0,1,15.36,10.0,11.0,5.0,0.0,0.0,1.0,14.19,14.99,1.0,0,1,0
55.0,0,27.99,11.0,5.0,2.0,0.0,1.0,0.0,14.98,49.5,1.0,0,1,0
44.0,1,27.0,10.0,7.0,5.0,0.0,1.0,1.0,16.92,1.86,1.0,0,1,0
30.0,1,10.78,10.0,7.0,1.0,1.0,1.0,0.0,9.86,55.54,1.0,0,1,0
30.0,0,16.41,14.0,0.0,1.0,1.0,1.0,1.0,22.61,9.83,1.0,1,0,0
39.0,0,21.22,13.0,8.0,6.0,0.0,1.0,1.0,30.91,81.13,1.0,1,0,0
45.0,0,10.86,4.0,0.0,7.0,0.0,0.0,0.0,15.53,80.82,1.0,1,0,0
39.0,0,2.88,17.0,10.0,6.0,1.0,1.0,0.0,2.23,70.28,1.0,1,0,0
36.0,0,15.66,18.0,1.0,4.0,0.0,1.0,1.0,11.85,75.59,1.0,0,1,0
25.0,0,18.45,11.0,8.0,3.0,0.0,0.0,1.0,22.87,59.08,1.0,0,1,0
25.0,0,1.17,10.0,6.0,7.0,1.0,1.0,0.0,1.69,48.55,1.0,0,1,0
59.0,1,3.77,18.0,9.0,8.0,1.0,0.0,0.0,2.39,41.01,1.0,1,0,0
43.0,0,7.01,19.0,0.0,5.0,1.0,0.0,0.0,6.15,66.13,1.0,1,0,0
43.0,1,11.09,9.0,2.0,0.0,0.0,1.0,1.0,14.3,38.28,1.0,0,1,0
40.0,1,16.69,5.0,13.0,3.0,1.0,0.0,0.0,16.56,0.28,1.0,0,1,0
30.0,0,9.52,1.0,0.0,3.0,0.0,1.0,1.0,12.78,10.07,1.0,0,0,1
45.0,1,9.01,5.0,4.0,9.0,1.0,1.0,0.0,5.56,65.18,1.0,0,1,0
26.0,0,26.21,3.0,14.0,2.0,1.0,0.0,0.0,33.47,36.49,1.0,1,0,0
37.0,1,5.21,1.0,3.0,3.0,1.0,1.0,1.0,4.63,98.96,1.0,0,1,0
36.0,1,15.37,19.0,7.0,8.0,1.0,1.0,1.0,18.34,35.39,1.0,0,1,0
56.0,1,28.63,6.0,8.0,5.0,1.0,1.0,0.0,22.71,10.84,1.0,1,0,0
29.0,0,19.13,10.0,14.0,1.0,1.0,1.0,1.0,22.8,32.84,1.0,1,0,0
32.0,1,21.8,5.0,11.0,6.0,0.0,1.0,1.0,26.21,68.68,1.0,1,0,0
48.0,1,13.51,12.0,3.0,8.0,1.0,1.0,1.0,12.42,52.83,1.0,0,1,0
31.0,1,1.58,12.0,14.0,6.0,0.0,1.0,0.0,2.32,61.03,1.0,0,1,0
28.0,0,19.74,17.0,2.0,0.0,1.0,0.0,1.0,9.88,11.12,1.0,1,0,0
43.0,1,19.33,2.0,13.0,6.0,0.0,1.0,1.0,22.7,82.7,1.0,0,1,0
59.0,0,15.74,14.0,3.0,5.0,0.0,1.0,0.0,5.92,90.24,1.0,0,1,0
44.0,1,14.4,12.0,2.0,0.0,0.0,1.0,0.0,19.55,14.53,1.0,1,0,0
28.0,1,27.54,13.0,5.0,0.0,1.0,0.0,1.0,29.32,62.61,1.0,0,1,0
55.0,1,6.95,5.0,0.0,1.0,0.0,0.0,0.0,9.7,22.98,1.0,0,1,0
51.0,0,14.37,5.0,1.0,5.0,1.0,1.0,1.0,8.74,18.23,1.0,1,0,0
36.0,1,14.37,17.0,7.0,3.0,0.0,1.0,1.0,14.99,20.46,1.0,0,0,1
23.0,1,24.51,5.0,2.0,3.0,1.0,1.0,0.0,36.31,52.13,1.0,0,1,0
55.0,1,24.91,19.0,3.0,5.0,0.0,0.0,0.0,37.15,88.59,1.0,0,1,0
59.0,1,23.02,4.0,11.0,8.0,0.0,0.0,1.0,27.14,81.86,1.0,1,0,0
45.0,0,11.6,7.0,0.0,0.0,1.0,1.0,1.0,7.74,14.34,1.0,1,0,0
18.0,1,3.09,17.0,14.0,1.0,0.0,0.0,0.0,1.89,50.99,1.0,1,0,0
52.0,1,11.14,11.0,2.0,7.0,0.0,1.0,0.0,14.3,15.09,1.0,0,1,0
57.0,1,20.71,6.0,0.0,7.0,0.0,1.0,0.0,28.59,43.8,1.0,0,1,0
25.0,1,21.38,13.0,10.0,5.0,0.0,1.0,1.0,17.43,56.25,1.0,0,1,0
24.0,0,28.99,12.0,9.0,5.0,1.0,0.0,0.0,41.5,81.16,1.0,1,0,0
28.0,1,14.16,5.0,4.0,7.0,0.0,0.0,1.0,8.93,86.13,1.0,1,0,0
56.0,1,19.34,10.0,0.0,1.0,1.0,0.0,1.0,15.37,2.77,1.0,0,1,0
21.0,0,16.64,11.0,11.0,1.0,1.0,1.0,1.0,19.04,68.92,1.0,0,1,0
42.0,1,5.37,9.0,8.0,0.0,0.0,1.0,0.0,3.6,41.02,1.0,0,1,0
29.0,1,14.37,13.0,6.0,5.0,0.0,0.0,1.0,21.4,49.5,1.0,0,0,1
43.0,1,16.8,3.0,10.0,5.0,1.0,1.0,0.0,12.14,22.18,1.0,1,0,0
55.0,0,28.57,17.0,7.0,5.0,0.0,0.0,1.0,21.29,49.5,1.0,0,1,0
29.0,1,11.63,18.0,8.0,1.0,0.0,0.0,0.0,11.33,83.54,1.0,0,1,0
54.0,0,29.42,5.0,7.0,6.0,1.0,1.0,1.0,37.61,23.06,1.0,0,1,0
41.0,0,16.73,16.0,7.0,2.0,1.0,0.0,1.0,10.38,88.03,1.0,0,1,0
33.0,0,8.03,16.0,2.0,0.0,0.0,1.0,1.0,9.37,6.97,1.0,1,0,0
30.0,0,6.56,11.0,6.0,0.0,0.0,1.0,1.0,3.93,40.84,1.0,1,0,0
42.0,0,5.11,4.0,6.0,8.0,0.0,1.0,0.0,3.04,74.23,1.0,0,1,0
21.0,0,14.14,9.0,13.0,2.0,0.0,0.0,1.0,7.66,25.67,1.0,0,1,0
28.0,0,1.64,10.0,6.0,7.0,1.0,0.0,1.0,1.71,96.74,1.0,1,0,0
49.0,1,13.91,12.0,11.0,9.0,1.0,0.0,0.0,13.02,63.75,1.0,0,1,0
24.0,1,29.66,16.0,7.0,6.0,0.0,0.0,1.0,23.95,21.74,1.0,0,1,0
28.0,0,20.43,4.0,3.0,1.0,1.0,1.0,0.0,20.98,79.36,1.0,0,0,1
45.0,0,23.03,3.0,10.0,1.0,1.0,0.0,1.0,23.07,49.5,1.0,1,0,0
58.0,0,4.45,4.0,5.0,3.0,1.0,0.0,1.0,4.33,24.91,1.0,1,0,0
40.0,0,14.72,2.0,1.0,1.0,0.0,1.0,0.0,9.9,82.25,1.0,0,1,0
40.0,0,9.3,19.0,6.0,4.0,1.0,1.0,1.0,12.99,97.73,1.0,0,1,0
45.0,0,26.93,10.0,8.0,9.0,0.0,1.0,1.0,30.16,22.07,1.0,0,1,0
43.0,1,6.26,2.0,4.0,6.0,1.0,1.0,0.0,3.93,23.45,1.0,0,1,0
42.0,1,14.3,1.0,3.0,1.0,1.0,0.0,0.0,10.8,71.71,1.0,1,0,0
46.0,0,18.05,18.0,1.0,8.0,0.0,1.0,1.0,22.83,95.07,1.0,0,1,0
36.0,0,15.91,8.0,6.0,5.0,0.0,0.0,1.0,20.31,69.53,1.0,1,0,0
50.0,0,25.08,8.0,1.0,1.0,0.0,0.0,1.0,30.74,50.46,1.0,0,1,0
53.0,1,7.71,10.0,1.0,6.0,1.0,0.0,1.0,9.95,10.52,1.0,0,1,0
31.0,0,11.94,18.0,8.0,4.0,0.0,1.0,0.0,13.11,92.44,1.0,0,0,1
31.0,1,23.97,11.0,1.0,0.0,0.0,1.0,0.0,18.91,6.91,1.0,0,1,0
52.0,1,16.31,1.0,9.0,3.0,0.0,0.0,0.0,13.99,21.15,1.0,0,1,0
47.0,1,12.66,7.0,2.0,7.0,1.0,0.0,0.0,12.78,45.07,1.0,0,1,0
45.0,0,1.85,8.0,2.0,4.0,1.0,1.0,1.0,1.38,50.06,1.0,0,1,0
34.0,0,22.85,14.0,1.0,1.0,1.0,1.0,0.0,30.92,5.52,1.0,0,1,0
20.0,1,29.19,19.0,9.0,8.0,0.0,0.0,1.0,36.4,8.23,1.0,0,1,0
33.0,1,18.99,8.0,2.0,5.0,1.0,0.0,1.0,28.11,12.51,1.0,1,0,0
47.0,1,25.84,19.0,8.0,0.0,0.0,1.0,1.0,23.65,3.97,1.0,1,0,0
46.0,1,15.99,4.0,10.0,9.0,1.0,1.0,1.0,21.92,97.74,1.0,0,1,0
32.0,0,7.72,10.0,14.0,4.0,0.0,1.0,1.0,9.87,23.79,1.0,0,1,0
42.0,1,1.42,10.0,10.0,8.0,0.0,1.0,0.0,1.89,87.95,1.0,1,0,0
55.0,0,19.95,4.0,10.0,5.0,0.0,1.0,0.0,14.3,78.43,1.0,0,1,0
59.0,1,15.3,8.0,2.0,4.0,1.0,1.0,0.0,12.99,70.59,1.0,1,0,0
55.0,0,23.68,7.0,4.0,5.0,1.0,0.0,1.0,17.62,65.79,1.0,1,0,0
40.0,1,21.15,15.0,11.0,5.0,1.0,1.0,0.0,16.33,49.86,1.0,0,1,0
42.0,0,29.65,8.0,14.0,8.0,0.0,1.0,1.0,31.64,56.38,1.0,1,0,0
59.0,0,15.8,10.0,6.0,8.0,1.0,1.0,0.0,21.8,89.07,1.0,0,0,1
24.0,0,13.39,7.0,0.0,4.0,1.0,1.0,0.0,12.71,77.75,1.0,1,0,0
39.0,1,9.32,19.0,13.0,3.0,1.0,1.0,1.0,10.24,23.08,1.0,0,1,0
34.0,0,14.83,3.0,0.0,0.0,1.0,1.0,1.0,18.3,10.42,1.0,0,1,0
35.0,1,26.31,9.0,14.0,5.0,0.0,1.0,0.0,35.66,29.37,1.0,0,0,1
58.0,1,2.23,10.0,9.0,6.0,0.0,1.0,1.0,2.56,13.25,1.0,0,1,0
27.0,0,29.36,14.0,12.0,6.0,0.0,1.0,1.0,33.16,49.5,1.0,1,0,0
27.0,1,29.81,7.0,1.0,0.0,1.0,0.0,1.0,44.35,38.27,1.0,0,1,0
24.0,0,18.34,12.0,0.0,5.0,0.0,1.0,0.0,24.99,17.32,1.0,0,1,0
55.0,0,10.61,1.0,0.0,7.0,0.0,0.0,0.0,13.09,62.24,1.0,1,0,0
44.0,1,7.47,16.0,13.0,2.0,0.0,1.0,0.0,9.95,39.82,1.0,1,0,0
50.0,0,9.02,3.0,13.0,0.0,1.0,1.0,1.0,13.53,21.8,1.0,1,0,0
18.0,0,2.45,1.0,9.0,6.0,0.0,0.0,1.0,2.46,5.77,1.0,0,0,1
51.0,0,14.78,6.0,3.0,5.0,1.0,0.0,1.0,17.82,9.25,1.0,0,1,0
21.0,0,2.66,2.0,9.0,4.0,0.0,1.0,1.0,3.49,56.33,1.0,0,1,0
34.0,1,21.84,7.0,11.0,1.0,1.0,1.0,1.0,20.62,75.03,1.0,0,0,1
21.0,0,11.79,8.0,11.0,6.0,0.0,1.0,0.0,17.15,92.58,1.0,0,1,0
43.0,0,6.78,13.0,2.0,0.0,1.0,0.0,0.0,5.98,58.54,1.0,1,0,0
21.0,0,16.8,16.0,0.0,3.0,1.0,0.0,0.0,12.48,65.27,1.0,0,1,0
18.0,0,29.24,10.0,2.0,7.0,1.0,1.0,1.0,34.42,24.2,1.0,0,1,0
24.0,0,21.16,4.0,0.0,6.0,1.0,1.0,0.0,12.29,27.44,1.0,0,1,0
47.0,0,15.26,13.0,2.0,6.0,1.0,1.0,0.0,9.56,41.76,1.0,0,1,0
26.0,0,23.53,17.0,3.0,6.0,0.0,0.0,0.0,34.6,86.87,1.0,1,0,0
52.0,0,22.39,8.0,10.0,4.0,1.0,1.0,1.0,17.5,43.53,1.0,1,0,0
25.0,1,26.86,8.0,12.0,9.0,0.0,1.0,1.0,14.32,23.96,1.0,1,0,0
41.0,1,6.94,7.0,10.0,2.0,1.0,1.0,0.0,6.76,91.95,1.0,0,1,0
36.0,1,25.91,1.0,13.0,9.0,0.0,0.0,0.0,35.43,41.14,1.0,0,1,0
53.0,1,9.73,15.0,13.0,6.0,0.0,1.0,0.0,8.11,7.95,1.0,0,1,0
44.0,0,28.29,15.0,7.0,7.0,0.0,1.0,0.0,26.01,54.55,1.0,0,1,0
49.0,0,9.15,19.0,2.0,6.0,1.0,0.0,1.0,6.01,62.64,1.0,0,1,0
31.0,1,27.88,4.0,2.0,5.0,0.0,0.0,0.0,23.59,95.54,1.0,0,1,0
35.0,1,28.95,6.0,12.0,8.0,1.0,0.0,1.0,42.42,80.66,1.0,0,1,0
45.0,1,5.22,10.0,8.0,5.0,1.0,0.0,0.0,7.19,10.11,1.0,0,1,0
46.0,0,29.26,12.0,10.0,4.0,0.0,1.0,1.0,36.28,51.19,1.0,0,1,0
33.0,0,3.49,4.0,8.0,5.0,1.0,0.0,1.0,4.49,43.41,1.0,0,1,0
52.0,1,7.34,6.0,5.0,9.0,0.0,0.0,1.0,8.58,39.34,1.0,0,1,0
48.0,1,13.88,14.0,9.0,3.0,1.0,1.0,0.0,8.58,13.98,1.0,0,1,0
21.0,1,29.81,13.0,3.0,5.0,0.0,0.0,1.0,18.41,37.53,1.0,0,0,1
54.0,1,15.17,3.0,9.0,3.0,1.0,0.0,1.0,15.73,47.01,1.0,0,1,0
34.0,1,16.96,15.0,4.0,4.0,0.0,1.0,0.0,18.58,21.89,1.0,1,0,0
56.0,0,21.14,3.0,12.0,5.0,1.0,1.0,0.0,31.11,57.59,1.0,0,1,0
43.0,1,29.08,5.0,8.0,0.0,1.0,1.0,1.0,27.66,22.13,1.0,1,0,0
56.0,0,23.72,13.0,0.0,5.0,0.0,1.0,1.0,33.62,12.13,1.0,0,1,0
58.0,1,7.5,15.0,6.0,5.0,1.0,0.0,0.0,11.18,98.4,1.0,1,0,0
21.0,1,9.79,17.0,14.0,0.0,1.0,1.0,0.0,13.16,68.84,1.0,0,1,0
47.0,0,3.83,6.0,10.0,6.0,1.0,1.0,1.0,3.44,59.48,1.0,1,0,0
47.0,1,19.69,18.0,6.0,9.0,1.0,1.0,0.0,24.68,32.75,1.0,0,1,0
39.0,0,6.24,3.0,9.0,4.0,0.0,0.0,0.0,6.52,20.83,1.0,0,1,0
28.0,0,8.46,9.0,0.0,5.0,1.0,1.0,1.0,5.91,13.15,1.0,1,0,0
19.0,1,26.76,8.0,13.0,4.0,0.0,0.0,0.0,16.85,6.26,1.0,0,1,0
29.0,1,10.48,11.0,0.0,9.0,0.0,0.0,1.0,5.97,69.97,1.0,0,0,1
39.0,0,17.43,11.0,14.0,4.0,1.0,1.0,0.0,14.4,27.62,1.0,0,1,0
53.0,0,12.53,8.0,13.0,1.0,1.0,1.0,0.0,14.9,31.81,1.0,0,1,0
35.0,1,3.15,1.0,7.0,5.0,0.0,1.0,0.0,4.45,16.1,1.0,1,0,0
43.0,0,11.52,2.0,6.0,3.0,0.0,0.0,0.0,9.45,11.72,1.0,0,1,0
24.0,1,12.83,4.0,3.0,9.0,1.0,1.0,0.0,13.23,49.5,1.0,0,1,0
18.0,0,26.98,2.0,8.0,9.0,1.0,1.0,0.0,26.14,72.75,1.0,1,0,0
43.0,1,10.41,2.0,11.0,7.0,1.0,1.0,1.0,6.34,99.09,1.0,1,0,0
40.0,0,12.0,13.0,4.0,2.0,0.0,0.0,0.0,15.12,33.95,1.0,0,1,0
43.0,0,23.7,6.0,2.0,0.0,0.0,1.0,1.0,24.16,66.38,1.0,0,1,0
23.0,1,23.01,4.0,1.0,6.0,1.0,0.0,0.0,32.61,11.61,1.0,0,1,0
23.0,0,24.15,15.0,8.0,8.0,0.0,0.0,0.0,32.25,55.57,1.0,0,1,0
25.0,0,28.66,3.0,3.0,5.0,1.0,1.0,0.0,22.31,51.81,1.0,0,1,0
41.0,0,24.07,4.0,6.0,1.0,0.0,0.0,0.0,19.56,3.21,1.0,1,0,0
39.0,0,12.82,17.0,0.0,5.0,0.0,0.0,0.0,13.29,48.3,1.0,0,1,0
36.0,0,24.82,6.0,8.0,0.0,0.0,1.0,0.0,15.52,49.54,1.0,0,1,0
54.0,0,15.75,2.0,11.0,5.0,1.0,0.0,1.0,11.83,37.2,1.0,0,1,0
35.0,0,9.05,13.0,8.0,7.0,0.0,0.0,1.0,11.96,57.35,1.0,1,0,0
48.0,1,9.78,15.0,9.0,0.0,0.0,1.0,0.0,6.39,4.56,1.0,0,0,1
54.0,0,7.49,5.0,5.0,0.0,1.0,1.0,1.0,14.3,84.44,1.0,1,0,0
39.0,0,5.2,19.0,5.0,0.0,1.0,1.0,0.0,4.65,52.05,1.0,0,1,0
59.0,1,6.35,6.0,13.0,9.0,0.0,1.0,1.0,4.45,3.21,1.0,1,0,0
50.0,0,2.83,17.0,14.0,4.0,0.0,0.0,1.0,4.16,98.38,1.0,1,0,0
27.0,0,26.77,1.0,5.0,6.0,1.0,0.0,0.0,35.47,38.18,1.0,0,1,0
54.0,1,28.0,2.0,4.0,5.0,1.0,1.0,1.0,21.47,98.67,1.0,0,1,0
29.0,0,18.02,1.0,10.0,0.0,0.0,0.0,0.0,23.16,18.03,1.0,0,1,0
47.0,0,25.37,8.0,0.0,0.0,1.0,1.0,0.0,12.85,3.0,1.0,0,1,0
44.0,1,6.32,4.0,7.0,9.0,1.0,1.0,1.0,4.91,49.5,1.0,1,0,0
56.0,1,27.15,18.0,9.0,2.0,1.0,0.0,0.0,16.51,94.54,1.0,0,1,0
26.0,0,15.68,9.0,0.0,4.0,1.0,1.0,1.0,14.49,7.76,1.0,0,1,0
38.0,0,2.95,15.0,4.0,4.0,0.0,0.0,0.0,3.36,73.55,1.0,0,0,1
29.0,1,5.1,16.0,12.0,8.0,1.0,0.0,1.0,3.42,6.92,1.0,1,0,0
46.0,0,9.96,3.0,3.0,8.0,1.0,0.0,1.0,7.36,79.39,1.0,1,0,0
50.0,1,2.26,1.0,7.0,8.0,1.0,1.0,1.0,2.02,58.13,1.0,0,1,0
32.0,1,9.97,13.0,0.0,7.0,0.0,0.0,0.0,11.27,78.18,1.0,0,1,0
19.0,1,2.74,14.0,7.0,8.0,1.0,0.0,1.0,2.22,37.15,1.0,0,1,0
56.0,0,7.84,6.0,7.0,7.0,0.0,0.0,1.0,8.64,90.54,1.0,0,1,0
35.0,1,8.7,5.0,7.0,7.0,1.0,1.0,0.0,7.39,30.27,1.0,0,1,0
20.0,1,29.84,5.0,0.0,7.0,0.0,0.0,1.0,22.61,28.32,1.0,0,1,0
24.0,1,7.83,4.0,8.0,7.0,0.0,1.0,1.0,10.61,96.06,1.0,0,1,0
35.0,0,7.94,12.0,12.0,4.0,1.0,0.0,1.0,7.01,12.28,1.0,0,1,0
55.0,0,20.92,14.0,8.0,9.0,0.0,0.0,1.0,29.67,59.26,1.0,0,1,0
54.0,0,25.92,14.0,5.0,2.0,1.0,0.0,1.0,20.88,57.4,1.0,1,0,0
50.0,1,12.22,11.0,0.0,3.0,0.0,1.0,0.0,12.74,23.67,1.0,1,0,0
48.0,0,26.39,10.0,6.0,8.0,0.0,1.0,0.0,14.61,31.71,1.0,0,1,0
28.0,0,10.86,10.0,6.0,6.0,0.0,1.0,0.0,12.82,28.66,1.0,0,1,0
21.0,1,6.71,9.0,8.0,8.0,1.0,0.0,1.0,8.69,84.61,1.0,0,1,0
35.0,1,10.56,2.0,0.0,6.0,0.0,0.0,0.0,15.54,38.96,1.0,0,1,0
21.0,0,18.67,14.0,13.0,7.0,0.0,0.0,0.0,24.95,35.87,1.0,0,1,0
51.0,0,11.65,7.0,14.0,2.0,0.0,1.0,0.0,9.47,63.67,1.0,1,0,0
46.0,1,15.74,17.0,7.0,7.0,1.0,1.0,1.0,21.67,49.55,1.0,0,0,1
41.0,0,7.87,8.0,13.0,3.0,1.0,1.0,0.0,8.59,42.6,1.0,1,0,0
39.0,1,21.33,4.0,11.0,5.0,0.0,0.0,0.0,11.88,70.94,1.0,0,0,1
19.0,1,11.08,5.0,12.0,0.0,0.0,1.0,0.0,6.35,49.5,1.0,1,0,0
23.0,0,14.22,10.0,10.0,1.0,1.0,0.0,1.0,11.74,22.22,1.0,0,1,0
59.0,0,17.17,7.0,7.0,6.0,1.0,0.0,0.0,21.37,74.18,1.0,0,0,1
42.0,0,20.9,6.0,6.0,5.0,0.0,0.0,0.0,16.42,6.78,1.0,0,1,0
38.0,0,15.74,17.0,11.0,9.0,1.0,0.0,1.0,10.88,99.97,1.0,1,0,0
33.0,1,25.24,6.0,5.0,4.0,1.0,0.0,1.0,28.9,59.66,1.0,0,1,0
48.0,0,21.93,19.0,0.0,6.0,1.0,1.0,0.0,21.23,21.63,1.0,0,1,0
31.0,0,7.79,3.0,10.0,1.0,0.0,1.0,0.0,8.11,19.82,1.0,1,0,0
56.0,0,29.27,9.0,9.0,9.0,0.0,0.0,1.0,24.34,27.37,1.0,0,1,0
45.0,1,20.28,15.0,10.0,3.0,0.0,1.0,0.0,29.89,87.93,1.0,0,1,0
49.0,0,14.12,8.0,7.0,4.0,0.0,0.0,0.0,9.54,49.5,1.0,0,1,0
45.0,0,5.57,15.0,11.0,7.0,0.0,0.0,1.0,7.58,14.45,1.0,0,1,0
26.0,1,16.46,1.0,4.0,5.0,1.0,1.0,0.0,19.39,60.0,1.0,0,0,1
39.0,1,5.78,8.0,3.0,5.0,1.0,0.0,1.0,7.0,91.09,1.0,0,1,0
49.0,1,13.46,4.0,4.0,4.0,0.0,1.0,1.0,17.98,73.31,1.0,0,1,0
22.0,1,12.85,10.0,4.0,9.0,1.0,0.0,0.0,8.18,58.75,1.0,0,1,0
40.0,1,21.88,16.0,13.0,5.0,1.0,1.0,1.0,26.15,20.86,1.0,1,0,0
22.0,0,6.58,18.0,12.0,0.0,1.0,0.0,1.0,8.4,94.35,1.0,0,1,0
59.0,1,24.83,4.0,9.0,3.0,1.0,0.0,0.0,36.86,89.18,1.0,0,1,0
49.0,1,10.46,8.0,2.0,8.0,0.0,1.0,0.0,13.05,32.12,1.0,0,1,0
27.0,1,13.88,4.0,3.0,1.0,1.0,0.0,1.0,20.15,49.77,1.0,1,0,0
56.0,1,23.4,10.0,3.0,5.0,1.0,0.0,1.0,31.58,8.18,1.0,0,1,0
32.0,1,19.14,4.0,7.0,1.0,1.0,1.0,0.0,26.33,63.15,1.0,0,1,0
24.0,1,9.93,16.0,4.0,8.0,1.0,1.0,1.0,14.07,5.44,1.0,0,1,0
46.0,1,12.2,12.0,5.0,4.0,1.0,1.0,1.0,12.58,90.6,1.0,0,1,0
20.0,1,9.87,10.0,9.0,8.0,0.0,0.0,0.0,11.95,88.04,1.0,0,1,0
36.0,0,18.25,11.0,1.0,9.0,0.0,0.0,1.0,11.39,28.15,1.0,0,1,0
27.0,0,10.65,2.0,8.0,4.0,1.0,1.0,0.0,9.12,74.2,1.0,0,1,0
45.0,0,22.05,16.0,7.0,8.0,1.0,0.0,1.0,30.42,43.94,1.0,0,1,0
46.0,1,17.81,19.0,7.0,1.0,1.0,1.0,1.0,26.32,84.54,1.0,0,1,0
32.0,1,5.23,12.0,9.0,6.0,0.0,1.0,1.0,3.2,49.5,1.0,1,0,0
52.0,1,10.0,4.0,4.0,7.0,0.0,0.0,0.0,10.86,50.57,1.0,1,0,0
23.0,0,7.42,17.0,4.0,2.0,0.0,0.0,1.0,9.16,39.74,1.0,0,1,0
29.0,1,12.32,12.0,7.0,0.0,1.0,0.0,0.0,12.52,26.04,1.0,0,1,0
55.0,1,15.96,16.0,2.0,1.0,1.0,1.0,0.0,11.7,20.93,1.0,0,1,0
30.0,1,15.7,3.0,12.0,9.0,0.0,0.0,1.0,8.5,67.65,1.0,1,0,0
46.0,0,22.88,2.0,10.0,4.0,0.0,0.0,0.0,33.21,20.19,1.0,1,0,0
36.0,0,6.49,7.0,1.0,8.0,0.0,1.0,1.0,4.78,63.22,1.0,0,1,0
20.0,1,28.45,6.0,8.0,4.0,1.0,0.0,1.0,22.73,38.97,1.0,0,1,0
25.0,0,10.94,1.0,14.0,0.0,1.0,1.0,1.0,12.5,24.26,1.0,1,0,0
25.0,1,9.71,15.0,5.0,0.0,1.0,0.0,0.0,9.02,78.37,1.0,0,0,1
37.0,1,20.87,12.0,7.0,1.0,0.0,1.0,1.0,19.27,36.39,1.0,0,1,0
21.0,0,24.36,10.0,3.0,0.0,0.0,0.0,1.0,14.19,1.49,1.0,0,1,0
38.0,0,11.98,8.0,4.0,7.0,1.0,0.0,1.0,17.87,85.11,1.0,0,1,0
20.0,0,22.66,9.0,9.0,1.0,1.0,1.0,0.0,17.77,31.45,1.0,1,0,0
25.0,0,26.63,1.0,4.0,7.0,1.0,0.0,1.0,16.24,82.23,1.0,1,0,0
40.0,1,23.24,5.0,10.0,4.0,1.0,0.0,0.0,27.46,54.63,1.0,0,1,0
33.0,1,1.99,10.0,9.0,0.0,1.0,0.0,1.0,2.49,88.13,1.0,0,1,0
30.0,0,24.99,18.0,3.0,3.0,1.0,1.0,0.0,13.13,41.81,1.0,0,1,0
20.0,0,23.46,8.0,10.0,1.0,0.0,0.0,1.0,18.05,16.95,1.0,0,1,0
26.0,1,20.41,10.0,1.0,5.0,0.0,1.0,1.0,14.17,1.8,1.0,0,1,0
31.0,1,23.04,8.0,13.0,4.0,0.0,0.0,0.0,29.69,77.85,1.0,0,1,0
30.0,1,29.4,12.0,5.0,8.0,0.0,1.0,1.0,20.1,77.93,1.0,0,1,0
24.0,1,13.5,16.0,3.0,5.0,1.0,1.0,1.0,9.93,19.56,1.0,1,0,0
32.0,0,2.95,12.0,13.0,4.0,0.0,0.0,1.0,4.39,95.55,1.0,0,1,0
24.0,0,14.37,3.0,10.0,9.0,0.0,1.0,1.0,17.27,94.91,1.0,0,1,0
55.0,0,2.35,18.0,3.0,5.0,0.0,1.0,0.0,2.09,36.55,1.0,0,1,0
51.0,1,9.53,5.0,9.0,8.0,1.0,1.0,1.0,11.95,14.76,1.0,1,0,0
58.0,1,18.02,14.0,2.0,2.0,0.0,0.0,0.0,17.42,28.39,1.0,0,1,0
39.0,0,9.98,16.0,7.0,3.0,0.0,1.0,0.0,7.11,92.93,1.0,0,0,1
41.0,0,20.88,6.0,5.0,0.0,1.0,1.0,0.0,20.63,60.94,1.0,0,1,0
54.0,0,24.84,16.0,8.0,1.0,1.0,0.0,1.0,31.6,91.44,1.0,0,1,0
18.0,1,13.19,14.0,4.0,2.0,1.0,1.0,1.0,8.95,2.28,1.0,1,0,0
27.0,0,27.1,5.0,5.0,9.0,0.0,0.0,0.0,26.71,99.09,1.0,0,1,0
33.0,1,3.32,14.0,8.0,6.0,0.0,1.0,0.0,2.06,62.8,1.0,0,0,1
25.0,0,25.36,11.0,3.0,6.0,1.0,0.0,0.0,34.05,18.57,1.0,0,1,0
42.0,0,25.03,9.0,9.0,0.0,0.0,0.0,1.0,33.01,50.68,1.0,0,1,0
29.0,0,10.34,7.0,6.0,8.0,0.0,1.0,0.0,12.13,82.01,1.0,0,1,0
42.0,1,9.66,5.0,12.0,2.0,0.0,1.0,1.0,13.72,14.11,1.0,0,1,0
34.0,1,9.85,15.0,9.0,2.0,0.0,1.0,0.0,8.86,60.86,1.0,1,0,0
43.0,1,24.53,13.0,11.0,1.0,1.0,0.0,1.0,15.5,69.36,1.0,1,0,0
31.0,1,25.12,12.0,9.0,2.0,0.0,0.0,0.0,37.07,41.28,1.0,0,1,0
58.0,1,10.56,15.0,10.0,5.0,1.0,1.0,1.0,10.7,54.16,1.0,0,1,0
53.0,1,18.19,10.0,10.0,9.0,0.0,0.0,1.0,17.74,83.73,1.0,0,1,0
40.0,0,5.03,19.0,5.0,3.0,1.0,1.0,1.0,2.84,95.18,1.0,1,0,0
23.0,1,15.74,10.0,5.0,1.0,0.0,0.0,0.0,15.62,55.42,1.0,0,1,0
22.0,0,29.96,17.0,5.0,7.0,0.0,0.0,1.0,34.3,70.26,1.0,0,0,1
42.0,1,5.61,16.0,13.0,0.0,0.0,1.0,0.0,5.46,32.28,1.0,0,1,0
35.0,0,28.48,5.0,3.0,9.0,1.0,0.0,1.0,40.17,33.41,1.0,0,1,0
30.0,0,24.9,4.0,9.0,7.0,0.0,1.0,1.0,30.94,88.84,1.0,1,0,0
31.0,1,29.19,10.0,5.0,1.0,1.0,1.0,1.0,15.72,9.87,1.0,0,1,0
39.0,0,6.21,6.0,11.0,8.0,0.0,1.0,1.0,6.47,20.55,1.0,0,1,0
35.0,1,7.19,11.0,6.0,3.0,0.0,1.0,0.0,10.74,26.99,1.0,0,1,0
45.0,1,1.49,11.0,12.0,3.0,0.0,0.0,1.0,1.04,9.44,1.0,0,1,0
44.0,1,22.02,16.0,13.0,6.0,1.0,1.0,0.0,24.6,66.76,1.0,0,0,1
49.0,1,19.68,14.0,1.0,2.0,1.0,1.0,1.0,15.22,90.63,1.0,0,1,0
26.0,0,6.16,19.0,10.0,9.0,1.0,0.0,1.0,5.37,2.7,1.0,0,1,0
57.0,1,23.94,4.0,8.0,2.0,0.0,0.0,0.0,12.78,25.23,1.0,0,1,0
49.0,0,9.68,5.0,6.0,3.0,0.0,0.0,0.0,11.5,92.06,1.0,0,1,0
37.0,0,4.91,19.0,2.0,9.0,0.0,0.0,0.0,6.21,46.56,1.0,1,0,0
45.0,0,13.25,17.0,9.0,2.0,1.0,1.0,0.0,16.87,88.56,1.0,0,0,1
50.0,1,3.64,18.0,9.0,9.0,1.0,0.0,0.0,5.35,94.4,1.0,1,0,0
21.0,0,15.74,8.0,6.0,7.0,0.0,0.0,0.0,11.55,99.09,1.0,0,1,0
51.0,1,11.77,4.0,9.0,8.0,0.0,1.0,0.0,8.33,39.57,1.0,0,1,0
20.0,0,25.7,18.0,9.0,4.0,1.0,1.0,0.0,18.78,34.3,1.0,0,1,0
43.0,1,23.98,11.0,13.0,2.0,1.0,1.0,1.0,30.41,74.86,1.0,1,0,0
25.0,1,13.84,14.0,4.0,6.0,0.0,0.0,0.0,17.67,59.46,1.0,0,1,0
23.0,1,22.01,13.0,8.0,2.0,1.0,0.0,1.0,13.71,65.92,1.0,0,1,0
33.0,1,17.49,16.0,5.0,5.0,1.0,1.0,0.0,8.86,53.24,1.0,0,0,1
41.0,0,10.88,12.0,10.0,3.0,1.0,0.0,0.0,9.81,51.41,1.0,0,1,0
56.0,0,22.05,9.0,12.0,6.0,1.0,0.0,0.0,26.34,31.5,1.0,0,1,0
47.0,1,20.82,7.0,6.0,5.0,1.0,0.0,0.0,28.45,59.56,1.0,0,1,0
30.0,0,18.95,10.0,3.0,6.0,0.0,1.0,1.0,12.61,26.82,1.0,0,1,0
22.0,1,18.92,17.0,1.0,3.0,0.0,1.0,0.0,24.89,35.57,1.0,0,1,0
42.0,1,20.81,18.0,14.0,5.0,1.0,0.0,0.0,24.65,63.06,1.0,0,1,0
37.0,0,12.15,7.0,7.0,9.0,0.0,1.0,0.0,8.09,63.66,1.0,0,1,0
35.0,1,26.2,3.0,3.0,6.0,1.0,0.0,0.0,35.98,57.71,1.0,0,1,0
35.0,1,5.71,15.0,8.0,9.0,0.0,1.0,0.0,8.18,67.47,1.0,1,0,0
19.0,1,26.63,16.0,2.0,7.0,0.0,1.0,0.0,20.39,41.19,1.0,0,1,0
27.0,1,10.93,17.0,6.0,9.0,0.0,0.0,1.0,7.09,59.44,1.0,0,1,0
29.0,1,4.63,13.0,12.0,8.0,1.0,0.0,0.0,6.8,9.53,1.0,0,1,0
30.0,0,18.4,3.0,13.0,2.0,0.0,0.0,1.0,9.62,48.37,1.0,0,1,0
28.0,0,11.9,5.0,3.0,4.0,0.0,0.0,1.0,17.24,58.6,1.0,0,0,1
36.0,0,24.65,9.0,2.0,9.0,1.0,0.0,0.0,17.65,42.22,1.0,0,1,0
52.0,1,13.49,18.0,7.0,2.0,0.0,0.0,0.0,12.66,1.7,1.0,0,1,0
56.0,1,20.39,11.0,13.0,4.0,0.0,1.0,0.0,16.48,70.1,1.0,1,0,0
43.0,1,9.94,11.0,13.0,1.0,1.0,0.0,1.0,14.3,45.55,1.0,0,1,0
31.0,1,7.07,16.0,4.0,2.0,0.0,0.0,0.0,6.03,15.57,1.0,0,1,0
41.0,1,12.25,8.0,1.0,5.0,1.0,1.0,1.0,12.73,49.5,1.0,0,1,0
58.0,1,18.6,2.0,10.0,7.0,1.0,0.0,0.0,11.05,94.24,1.0,1,0,0
18.0,0,20.05,10.0,7.0,4.0,1.0,1.0,0.0,26.25,15.87,1.0,1,0,0
39.0,1,17.77,6.0,9.0,2.0,1.0,0.0,1.0,23.11,70.72,1.0,0,1,0
40.0,0,29.65,4.0,13.0,3.0,0.0,1.0,0.0,38.47,51.75,1.0,0,1,0
36.0,1,15.74,5.0,3.0,2.0,1.0,0.0,0.0,24.96,28.93,1.0,0,1,0
39.0,0,28.01,11.0,6.0,2.0,0.0,0.0,0.0,26.76,68.44,1.0,0,1,0
29.0,1,4.42,12.0,11.0,8.0,1.0,0.0,1.0,5.9,44.78,1.0,0,1,0
45.0,0,15.74,16.0,11.0,3.0,1.0,1.0,1.0,3.76,89.85,1.0,0,1,0
45.0,0,10.02,14.0,1.0,5.0,0.0,1.0,1.0,7.87,70.36,1.0,0,1,0
50.0,1,4.96,14.0,9.0,5.0,1.0,1.0,1.0,4.87,50.76,1.0,0,1,0
36.0,1,16.25,15.0,5.0,7.0,1.0,1.0,0.0,11.42,45.19,1.0,0,0,1
45.0,0,16.05,8.0,4.0,3.0,1.0,1.0,1.0,12.13,3.16,1.0,0,1,0
54.0,1,17.68,5.0,2.0,7.0,1.0,0.0,1.0,13.06,16.09,1.0,0,1,0
43.0,1,22.61,9.0,4.0,1.0,0.0,1.0,0.0,30.0,4.51,1.0,0,1,0
52.0,1,29.17,16.0,14.0,8.0,1.0,0.0,1.0,21.9,6.34,1.0,0,0,1
51.0,0,26.47,3.0,9.0,1.0,0.0,1.0,0.0,27.7,6.71,1.0,1,0,0
52.0,1,4.43,12.0,6.0,2.0,1.0,0.0,0.0,5.0,1.41,1.0,0,1,0
57.0,0,10.82,7.0,2.0,2.0,1.0,1.0,1.0,13.47,79.13,1.0,0,1,0
39.0,0,8.42,17.0,7.0,4.0,0.0,0.0,0.0,4.45,47.86,1.0,1,0,0
55.0,1,6.13,15.0,14.0,2.0,0.0,0.0,1.0,5.98,74.91,1.0,0,1,0
30.0,0,16.8,15.0,6.0,7.0,0.0,1.0,0.0,13.32,16.77,1.0,0,1,0
40.0,1,17.04,12.0,3.0,9.0,1.0,0.0,1.0,22.73,84.12,1.0,0,1,0
39.0,1,7.59,2.0,12.0,6.0,1.0,1.0,1.0,4.07,9.41,1.0,1,0,0
33.0,0,21.65,8.0,14.0,0.0,0.0,0.0,0.0,15.31,32.21,1.0,1,0,0
45.0,0,22.25,5.0,12.0,5.0,1.0,0.0,1.0,18.15,37.07,1.0,1,0,0
52.0,0,1.61,3.0,4.0,1.0,1.0,1.0,1.0,0.93,23.57,1.0,0,1,0
25.0,0,12.48,1.0,9.0,7.0,0.0,0.0,1.0,11.17,13.73,1.0,0,1,0
39.0,0,26.81,16.0,10.0,9.0,0.0,0.0,1.0,33.35,62.81,1.0,0,1,0
38.0,1,16.09,10.0,3.0,7.0,0.0,1.0,0.0,11.46,0.85,1.0,0,1,0
43.0,0,11.08,10.0,1.0,6.0,1.0,1.0,1.0,13.9,79.16,1.0,1,0,0
57.0,1,8.36,11.0,11.0,7.0,0.0,1.0,0.0,8.6,4.23,1.0,0,1,0
38.0,1,8.06,12.0,14.0,0.0,0.0,1.0,0.0,6.81,96.4,1.0,1,0,0
42.0,0,3.89,8.0,8.0,7.0,1.0,1.0,0.0,3.38,86.83,1.0,0,1,0
58.0,0,24.7,5.0,0.0,0.0,0.0,1.0,1.0,15.22,41.46,1.0,0,1,0
18.0,0,3.51,9.0,7.0,2.0,1.0,1.0,0.0,2.63,14.27,1.0,0,1,0
23.0,0,9.48,11.0,3.0,3.0,0.0,1.0,1.0,11.67,87.06,1.0,0,1,0
40.0,0,2.32,15.0,8.0,2.0,0.0,0.0,0.0,3.16,64.41,1.0,1,0,0
40.0,1,23.66,17.0,2.0,1.0,1.0,1.0,0.0,18.11,50.48,1.0,0,1,0
40.0,1,2.14,11.0,6.0,2.0,0.0,0.0,1.0,2.33,31.94,1.0,0,1,0
49.0,1,9.94,13.0,14.0,8.0,0.0,1.0,0.0,5.32,56.13,1.0,0,1,0
47.0,0,17.63,17.0,2.0,1.0,0.0,0.0,1.0,10.18,41.51,1.0,0,1,0
30.0,0,12.88,7.0,14.0,4.0,1.0,0.0,1.0,18.86,46.54,1.0,0,1,0
35.0,1,9.19,9.0,9.0,2.0,1.0,0.0,1.0,12.83,84.55,1.0,0,1,0
40.0,0,8.98,18.0,11.0,8.0,0.0,1.0,0.0,5.22,95.25,1.0,1,0,0
32.0,0,24.14,18.0,6.0,6.0,1.0,1.0,1.0,31.92,96.27,1.0,0,1,0
50.0,0,29.25,10.0,1.0,9.0,1.0,1.0,1.0,17.62,90.79,1.0,0,1,0
38.0,1,11.09,12.0,2.0,2.0,1.0,0.0,1.0,14.73,80.23,1.0,0,1,0
56.0,0,2.14,18.0,7.0,1.0,1.0,1.0,0.0,3.02,45.37,1.0,0,1,0
40.0,1,2.06,9.0,6.0,1.0,0.0,0.0,1.0,1.35,8.82,1.0,0,1,0
44.0,0,23.02,9.0,10.0,4.0,0.0,1.0,1.0,14.9,63.06,1.0,0,1,0
35.0,0,17.02,10.0,2.0,8.0,0.0,1.0,0.0,24.28,40.2,1.0,0,1,0
41.0,1,23.72,1.0,7.0,1.0,0.0,1.0,1.0,19.01,68.71,1.0,1,0,0
57.0,0,21.23,11.0,12.0,1.0,1.0,1.0,1.0,20.65,22.08,1.0,0,1,0
59.0,0,27.32,14.0,8.0,7.0,0.0,1.0,1.0,21.98,76.47,1.0,1,0,0
24.0,0,26.69,10.0,1.0,2.0,0.0,0.0,1.0,14.3,17.07,1.0,0,0,1
37.0,1,23.86,14.0,1.0,2.0,0.0,0.0,1.0,16.97,80.86,1.0,0,1,0
44.0,0,14.78,19.0,14.0,5.0,0.0,1.0,1.0,14.69,91.17,1.0,0,1,0
23.0,0,9.94,10.0,6.0,5.0,0.0,0.0,0.0,13.42,90.03,1.0,0,1,0
44.0,0,15.7,17.0,10.0,5.0,0.0,1.0,0.0,22.65,34.66,1.0,0,1,0
26.0,0,15.56,2.0,7.0,4.0,1.0,1.0,1.0,13.27,38.98,1.0,1,0,0
48.0,0,18.7,14.0,14.0,3.0,1.0,1.0,1.0,11.48,83.81,1.0,1,0,0
38.0,1,6.4,18.0,4.0,8.0,0.0,1.0,1.0,8.38,69.22,1.0,0,1,0
43.0,1,20.01,2.0,1.0,3.0,0.0,0.0,1.0,12.22,52.67,1.0,0,1,0
57.0,0,14.24,19.0,13.0,5.0,0.0,0.0,0.0,18.22,96.06,1.0,0,1,0
30.0,0,18.99,8.0,9.0,7.0,1.0,0.0,1.0,22.58,51.63,1.0,0,1,0
40.0,1,7.95,6.0,4.0,7.0,1.0,0.0,1.0,8.57,24.38,1.0,1,0,0
37.0,0,13.6,7.0,2.0,2.0,0.0,0.0,0.0,19.58,67.99,1.0,0,1,0
54.0,0,7.1,13.0,12.0,8.0,0.0,1.0,1.0,5.84,51.22,1.0,0,1,0
45.0,0,26.38,2.0,8.0,6.0,1.0,1.0,0.0,15.65,20.39,1.0,1,0,0
34.0,0,15.15,7.0,7.0,6.0,0.0,0.0,1.0,22.45,15.24,1.0,0,1,0
45.0,0,7.52,1.0,8.0,4.0,0.0,0.0,1.0,7.08,35.51,1.0,0,1,0
39.0,0,2.2,6.0,1.0,2.0,1.0,1.0,0.0,2.05,97.06,1.0,0,1,0
19.0,0,20.6,16.0,0.0,9.0,1.0,1.0,1.0,12.14,14.58,1.0,0,1,0
42.0,0,7.22,8.0,9.0,4.0,1.0,1.0,1.0,8.98,47.14,1.0,1,0,0
58.0,1,29.7,13.0,5.0,2.0,0.0,0.0,1.0,36.24,32.69,1.0,1,0,0
23.0,1,16.48,18.0,10.0,2.0,1.0,1.0,0.0,10.63,94.3,1.0,0,1,0
28.0,0,9.38,14.0,5.0,0.0,1.0,0.0,0.0,6.88,37.75,1.0,0,0,1
55.0,0,20.07,18.0,3.0,3.0,0.0,1.0,1.0,10.36,22.63,1.0,0,1,0
23.0,0,8.98,10.0,12.0,5.0,1.0,1.0,0.0,12.48,47.82,1.0,1,0,0
28.0,0,24.79,15.0,1.0,5.0,1.0,0.0,1.0,18.46,15.37,1.0,1,0,0
31.0,1,9.94,5.0,12.0,5.0,1.0,1.0,0.0,14.18,37.94,1.0,0,1,0
19.0,1,29.66,14.0,9.0,5.0,0.0,1.0,1.0,31.77,49.5,1.0,1,0,0
57.0,1,18.55,16.0,11.0,4.0,0.0,1.0,0.0,17.17,59.93,1.0,0,1,0
20.0,1,25.49,15.0,10.0,1.0,1.0,0.0,1.0,12.94,1.09,1.0,0,1,0
39.0,0,3.11,11.0,2.0,4.0,0.0,0.0,1.0,1.84,49.79,1.0,1,0,0
50.0,0,11.1,2.0,12.0,9.0,0.0,1.0,0.0,7.31,81.31,1.0,1,0,0
41.0,0,22.39,18.0,5.0,2.0,0.0,0.0,1.0,13.56,56.28,1.0,1,0,0
36.0,1,20.0,4.0,3.0,9.0,1.0,1.0,0.0,15.12,47.04,1.0,1,0,0
35.0,0,6.63,15.0,4.0,1.0,0.0,0.0,0.0,4.34,41.51,1.0,0,1,0
41.0,0,11.33,12.0,10.0,3.0,0.0,0.0,1.0,13.19,53.67,1.0,0,1,0
52.0,1,8.64,3.0,8.0,9.0,0.0,1.0,1.0,6.89,7.4,1.0,0,0,1
18.0,1,18.79,4.0,4.0,8.0,1.0,1.0,0.0,22.89,79.97,1.0,0,1,0
53.0,1,10.99,16.0,9.0,6.0,0.0,0.0,1.0,6.98,85.65,1.0,1,0,0
42.0,1,9.96,6.0,14.0,9.0,0.0,0.0,1.0,7.06,59.23,1.0,0,1,0
51.0,1,7.01,2.0,10.0,8.0,0.0,0.0,1.0,9.03,97.9,1.0,1,0,0
42.0,0,12.86,9.0,7.0,2.0,0.0,1.0,0.0,14.58,55.52,1.0,0,1,0
33.0,0,6.67,12.0,1.0,1.0,1.0,1.0,0.0,3.98,2.72,1.0,0,0,1
51.0,1,28.91,12.0,11.0,8.0,0.0,1.0,1.0,42.19,46.39,1.0,0,1,0
46.0,0,5.48,14.0,13.0,5.0,1.0,1.0,0.0,6.92,39.99,1.0,0,0,1
36.0,0,27.49,17.0,5.0,9.0,1.0,0.0,0.0,28.94,19.41,1.0,0,1,0
40.0,0,13.43,9.0,10.0,5.0,1.0,1.0,0.0,11.32,53.44,1.0,0,1,0
36.0,0,11.96,12.0,10.0,3.0,0.0,1.0,1.0,7.1,45.48,1.0,1,0,0
42.0,1,7.71,10.0,5.0,9.0,1.0,1.0,1.0,14.3,17.12,1.0,1,0,0
33.0,0,19.44,11.0,4.0,9.0,1.0,1.0,1.0,16.0,50.61,1.0,0,0,1
26.0,0,20.88,2.0,14.0,5.0,1.0,1.0,1.0,12.08,83.44,1.0,0,1,0
18.0,0,14.56,16.0,5.0,6.0,0.0,1.0,0.0,18.69,50.93,1.0,0,1,0
59.0,1,2.62,1.0,13.0,9.0,1.0,0.0,0.0,2.4,21.74,1.0,0,1,0
36.0,0,27.64,1.0,4.0,4.0,0.0,1.0,1.0,38.41,68.59,1.0,0,1,0
50.0,1,29.43,2.0,1.0,7.0,1.0,0.0,1.0,19.36,86.98,1.0,0,0,1
51.0,1,15.74,12.0,4.0,9.0,0.0,0.0,0.0,11.04,34.51,1.0,0,1,0
33.0,1,18.8,18.0,0.0,0.0,1.0,1.0,1.0,14.65,7.11,1.0,0,1,0
57.0,1,14.06,12.0,2.0,0.0,1.0,0.0,1.0,19.19,91.48,1.0,0,1,0
35.0,0,10.33,1.0,13.0,3.0,0.0,0.0,1.0,10.41,68.22,1.0,0,1,0
51.0,1,3.24,11.0,6.0,7.0,0.0,0.0,1.0,2.08,99.14,1.0,0,1,0
42.0,1,14.23,2.0,3.0,7.0,1.0,0.0,1.0,12.2,69.45,1.0,0,1,0
23.0,1,24.73,12.0,7.0,5.0,0.0,1.0,1.0,35.69,12.42,1.0,0,1,0
38.0,1,1.49,2.0,2.0,4.0,0.0,0.0,0.0,1.57,43.31,1.0,0,1,0
23.0,1,17.88,17.0,6.0,9.0,0.0,1.0,0.0,9.6,4.29,1.0,0,0,1
49.0,0,26.54,6.0,13.0,9.0,1.0,1.0,1.0,14.81,34.15,1.0,0,1,0
58.0,1,7.31,16.0,1.0,1.0,0.0,0.0,1.0,5.38,78.53,1.0,0,1,0
56.0,0,6.31,19.0,13.0,4.0,1.0,0.0,0.0,7.08,55.56,1.0,0,0,1
48.0,0,23.4,6.0,7.0,4.0,1.0,0.0,0.0,17.44,45.89,1.0,1,0,0
59.0,1,8.4,7.0,14.0,1.0,1.0,0.0,1.0,11.34,49.5,1.0,0,0,1
27.0,0,6.57,19.0,12.0,7.0,1.0,1.0,1.0,7.42,17.71,1.0,0,0,1
47.0,0,11.96,17.0,2.0,9.0,0.0,0.0,1.0,9.58,53.86,1.0,0,1,0
35.0,0,12.38,6.0,12.0,4.0,0.0,0.0,0.0,11.07,64.74,1.0,1,0,0
41.0,1,26.35,15.0,5.0,4.0,0.0,1.0,1.0,23.06,92.58,1.0,0,1,0
26.0,1,18.93,9.0,1.0,0.0,0.0,1.0,1.0,15.41,16.37,1.0,0,1,0
48.0,1,12.77,2.0,6.0,0.0,0.0,1.0,0.0,14.43,70.67,1.0,1,0,0
32.0,1,16.5,5.0,12.0,0.0,1.0,1.0,0.0,11.58,4.58,1.0,0,1,0
21.0,1,28.66,5.0,3.0,7.0,1.0,0.0,1.0,22.7,56.73,1.0,1,0,0
57.0,1,4.28,12.0,5.0,9.0,1.0,0.0,1.0,2.5,64.5,1.0,1,0,0
26.0,1,7.02,10.0,1.0,1.0,0.0,1.0,0.0,6.15,83.99,1.0,0,1,0
26.0,0,28.91,4.0,2.0,7.0,1.0,0.0,1.0,16.32,49.5,1.0,1,0,0
43.0,0,28.76,12.0,14.0,5.0,0.0,1.0,1.0,14.89,69.67,1.0,0,1,0
21.0,1,6.14,15.0,2.0,4.0,0.0,0.0,0.0,7.04,9.27,1.0,0,1,0
34.0,0,5.21,10.0,3.0,5.0,0.0,1.0,1.0,3.45,22.26,1.0,1,0,0
33.0,1,13.21,18.0,0.0,3.0,1.0,1.0,0.0,7.07,77.35,1.0,0,1,0
32.0,1,2.44,5.0,12.0,2.0,1.0,1.0,1.0,1.39,89.27,1.0,1,0,0
52.0,1,19.99,13.0,5.0,3.0,1.0,0.0,0.0,13.98,1.62,1.0,0,1,0
22.0,0,3.25,4.0,10.0,8.0,1.0,0.0,0.0,3.97,16.64,1.0,0,1,0
22.0,1,2.68,9.0,5.0,7.0,1.0,0.0,1.0,1.37,21.02,1.0,1,0,0
37.0,1,15.07,18.0,3.0,7.0,0.0,0.0,0.0,18.48,51.94,1.0,0,1,0
32.0,1,28.78,3.0,7.0,0.0,1.0,0.0,1.0,31.57,15.42,1.0,0,1,0
35.0,1,13.38,11.0,4.0,4.0,1.0,1.0,0.0,13.57,97.61,1.0,0,1,0
19.0,0,11.34,4.0,9.0,5.0,1.0,1.0,1.0,15.98,38.79,1.0,1,0,0
46.0,1,29.94,9.0,13.0,8.0,0.0,1.0,0.0,39.81,14.28,1.0,0,1,0
30.0,0,16.43,12.0,3.0,9.0,1.0,1.0,0.0,15.1,77.42,1.0,1,0,0
21.0,0,11.88,10.0,6.0,9.0,1.0,1.0,0.0,6.02,56.18,1.0,0,1,0
39.0,1,12.19,10.0,9.0,5.0,0.0,1.0,1.0,14.76,91.41,1.0,1,0,0
27.0,1,6.65,9.0,14.0,0.0,1.0,1.0,0.0,3.64,93.56,1.0,0,0,1
48.0,0,15.85,10.0,9.0,0.0,0.0,1.0,1.0,12.33,85.59,1.0,0,1,0
58.0,0,13.73,9.0,7.0,6.0,0.0,0.0,0.0,13.63,56.43,1.0,0,1,0
25.0,0,8.85,1.0,1.0,2.0,1.0,0.0,1.0,5.3,22.26,1.0,1,0,0
20.0,0,5.66,16.0,12.0,6.0,1.0,0.0,1.0,6.67,42.86,1.0,1,0,0
26.0,1,10.03,14.0,0.0,4.0,1.0,0.0,1.0,8.24,48.25,1.0,0,1,0
47.0,0,15.75,13.0,5.0,5.0,0.0,0.0,1.0,13.57,97.55,1.0,1,0,0
28.0,0,2.69,6.0,1.0,7.0,1.0,1.0,1.0,3.09,25.26,1.0,1,0,0
52.0,0,5.46,14.0,10.0,8.0,0.0,1.0,1.0,4.9,43.47,1.0,1,0,0
54.0,0,28.48,8.0,7.0,5.0,0.0,1.0,0.0,20.64,56.23,1.0,1,0,0
59.0,1,16.74,18.0,12.0,1.0,1.0,1.0,1.0,11.33,39.11,1.0,0,1,0
30.0,1,2.84,1.0,4.0,8.0,1.0,0.0,0.0,3.48,12.06,1.0,0,0,1
53.0,1,21.1,12.0,1.0,1.0,0.0,0.0,0.0,26.39,89.04,1.0,0,1,0
30.0,0,2.79,11.0,10.0,5.0,1.0,0.0,1.0,1.94,80.12,1.0,0,1,0
29.0,0,22.43,13.0,11.0,9.0,0.0,0.0,1.0,18.37,25.65,1.0,0,1,0
54.0,1,22.75,4.0,4.0,3.0,1.0,1.0,0.0,33.14,44.75,1.0,0,1,0
27.0,1,19.88,6.0,1.0,5.0,1.0,1.0,0.0,29.51,73.53,1.0,0,1,0
26.0,0,22.23,13.0,5.0,3.0,1.0,1.0,1.0,24.13,97.36,1.0,0,1,0
24.0,1,3.55,13.0,7.0,2.0,1.0,1.0,0.0,4.46,16.75,1.0,0,1,0
19.0,0,22.08,6.0,1.0,7.0,0.0,1.0,0.0,27.56,63.8,1.0,1,0,0
40.0,0,4.96,4.0,5.0,4.0,0.0,1.0,1.0,4.44,81.76,1.0,0,1,0
56.0,0,10.85,3.0,5.0,0.0,0.0,0.0,0.0,5.95,2.59,1.0,0,1,0
57.0,0,28.34,15.0,0.0,7.0,0.0,1.0,1.0,35.16,81.1,1.0,0,1,0
56.0,0,15.58,11.0,8.0,2.0,0.0,0.0,1.0,9.91,78.99,1.0,0,1,0
38.0,0,29.06,2.0,14.0,3.0,0.0,1.0,0.0,22.97,92.35,1.0,0,1,0
40.0,1,3.58,17.0,11.0,8.0,1.0,0.0,0.0,2.92,8.44,1.0,0,1,0
46.0,1,14.85,2.0,7.0,2.0,1.0,0.0,0.0,12.61,12.43,1.0,0,0,1
31.0,1,2.81,1.0,11.0,4.0,0.0,0.0,1.0,2.71,51.87,1.0,1,0,0
43.0,0,15.74,5.0,13.0,7.0,0.0,0.0,0.0,19.31,87.16,1.0,1,0,0
22.0,1,3.28,17.0,3.0,5.0,0.0,1.0,0.0,3.23,87.45,1.0,0,1,0
48.0,0,6.09,1.0,6.0,2.0,0.0,0.0,1.0,4.04,70.01,1.0,0,1,0
42.0,0,8.51,10.0,3.0,7.0,0.0,1.0,0.0,9.78,44.87,1.0,0,1,0
48.0,0,22.71,3.0,7.0,4.0,0.0,1.0,0.0,29.3,23.11,1.0,1,0,0
37.0,0,5.75,16.0,9.0,5.0,1.0,0.0,1.0,5.53,47.47,1.0,0,1,0
34.0,1,25.55,16.0,1.0,2.0,1.0,0.0,1.0,34.19,21.71,1.0,0,1,0
19.0,1,4.83,12.0,1.0,7.0,0.0,1.0,0.0,14.3,77.3,1.0,0,1,0
42.0,1,2.02,9.0,2.0,3.0,1.0,1.0,1.0,2.16,42.15,1.0,0,1,0
30.0,0,12.46,14.0,13.0,8.0,1.0,1.0,0.0,7.1,53.94,1.0,0,0,1
56.0,1,29.4,12.0,3.0,4.0,1.0,0.0,1.0,19.02,68.09,1.0,1,0,0
45.0,1,4.2,16.0,10.0,0.0,1.0,1.0,1.0,5.32,52.64,1.0,1,0,0
59.0,1,3.95,17.0,12.0,8.0,1.0,0.0,1.0,2.96,75.53,1.0,0,1,0
23.0,0,22.78,12.0,5.0,7.0,1.0,0.0,0.0,13.53,78.61,1.0,1,0,0
20.0,1,10.05,4.0,14.0,4.0,0.0,0.0,1.0,10.74,24.27,1.0,1,0,0
52.0,0,21.8,17.0,4.0,2.0,1.0,0.0,1.0,12.96,29.81,1.0,0,0,1
35.0,1,6.8,1.0,9.0,8.0,1.0,0.0,1.0,8.05,5.93,1.0,0,1,0
28.0,0,14.34,17.0,12.0,6.0,1.0,0.0,1.0,17.05,8.92,1.0,0,1,0
37.0,1,8.69,11.0,9.0,7.0,1.0,1.0,0.0,8.28,82.95,1.0,1,0,0
22.0,1,14.09,19.0,6.0,2.0,1.0,1.0,1.0,16.71,49.5,1.0,0,1,0
36.0,1,23.3,18.0,5.0,5.0,1.0,1.0,0.0,30.28,83.47,1.0,1,0,0
39.0,0,23.1,2.0,13.0,3.0,1.0,1.0,0.0,16.12,98.59,1.0,0,0,1
36.0,1,15.96,9.0,14.0,2.0,1.0,1.0,1.0,18.35,24.28,1.0,0,1,0
33.0,1,27.92,9.0,14.0,3.0,1.0,0.0,0.0,33.29,46.04,1.0,0,1,0
41.0,0,8.65,12.0,3.0,1.0,1.0,1.0,1.0,6.01,53.71,1.0,0,1,0
58.0,0,7.97,13.0,10.0,4.0,1.0,1.0,0.0,9.78,94.28,1.0,1,0,0
21.0,0,18.8,16.0,9.0,7.0,0.0,1.0,1.0,22.93,17.86,1.0,1,0,0
32.0,0,19.02,13.0,8.0,4.0,1.0,1.0,0.0,12.5,83.6,1.0,0,1,0
42.0,1,15.74,14.0,6.0,1.0,1.0,0.0,0.0,1.92,95.78,1.0,0,1,0
52.0,1,18.63,7.0,0.0,6.0,0.0,1.0,1.0,26.85,55.44,1.0,0,1,0
31.0,0,11.86,2.0,7.0,7.0,1.0,0.0,1.0,6.77,15.24,1.0,1,0,0
36.0,1,22.68,10.0,3.0,3.0,1.0,0.0,0.0,16.53,33.38,1.0,0,1,0
55.0,0,24.44,17.0,6.0,2.0,1.0,0.0,0.0,26.37,95.91,1.0,0,1,0
53.0,1,17.01,5.0,10.0,7.0,1.0,0.0,1.0,24.98,16.82,1.0,1,0,0
24.0,0,1.05,10.0,1.0,9.0,0.0,1.0,0.0,0.8,48.76,1.0,0,1,0
47.0,1,19.45,18.0,11.0,1.0,0.0,1.0,0.0,25.61,18.99,1.0,0,1,0
39.0,0,22.72,3.0,2.0,6.0,1.0,0.0,0.0,19.71,90.41,1.0,0,1,0
42.0,0,8.22,13.0,0.0,9.0,0.0,1.0,1.0,7.01,59.04,1.0,0,1,0
33.0,1,14.47,13.0,1.0,7.0,1.0,1.0,0.0,21.65,92.33,1.0,0,1,0
57.0,1,29.01,10.0,10.0,4.0,1.0,0.0,1.0,38.21,94.62,1.0,0,0,1
25.0,1,9.65,2.0,4.0,6.0,1.0,0.0,1.0,7.22,48.9,1.0,1,0,0
35.0,0,7.47,16.0,1.0,8.0,0.0,1.0,0.0,5.12,93.71,1.0,1,0,0
45.0,1,7.11,4.0,12.0,7.0,0.0,1.0,1.0,4.15,0.07,1.0,0,0,1
33.0,0,17.21,19.0,5.0,4.0,1.0,1.0,1.0,16.91,19.21,1.0,0,1,0
36.0,1,28.54,5.0,5.0,3.0,1.0,1.0,1.0,23.82,73.4,1.0,0,1,0
59.0,1,18.65,7.0,5.0,2.0,1.0,0.0,1.0,16.43,52.65,1.0,0,1,0
34.0,0,9.8,9.0,11.0,5.0,1.0,1.0,1.0,9.13,49.5,1.0,1,0,0
30.0,0,19.52,5.0,10.0,3.0,1.0,1.0,1.0,29.11,78.43,1.0,1,0,0
24.0,1,19.12,8.0,13.0,3.0,0.0,0.0,1.0,9.61,66.41,1.0,0,1,0
44.0,0,18.31,2.0,14.0,6.0,1.0,1.0,1.0,16.96,91.22,1.0,0,1,0
27.0,0,5.62,7.0,2.0,9.0,1.0,0.0,0.0,3.18,33.72,1.0,0,1,0
51.0,1,19.4,4.0,10.0,4.0,1.0,0.0,1.0,22.76,16.76,1.0,0,1,0
53.0,0,13.47,15.0,2.0,0.0,0.0,1.0,0.0,7.41,54.71,1.0,1,0,0
39.0,1,1.54,18.0,9.0,4.0,1.0,1.0,1.0,1.95,23.85,1.0,0,1,0
23.0,1,16.65,2.0,6.0,5.0,0.0,0.0,1.0,22.77,23.24,1.0,0,0,1
41.0,0,29.69,14.0,12.0,0.0,1.0,1.0,0.0,43.67,30.63,1.0,0,1,0
35.0,1,11.14,10.0,12.0,2.0,1.0,1.0,0.0,6.92,67.51,1.0,1,0,0
40.0,0,29.0,5.0,3.0,5.0,1.0,1.0,0.0,42.89,2.36,1.0,0,0,1
23.0,1,3.79,12.0,5.0,6.0,0.0,1.0,0.0,14.3,85.0,1.0,0,0,1
46.0,0,22.24,10.0,11.0,6.0,1.0,0.0,0.0,25.19,61.2,1.0,0,1,0
42.0,0,4.32,18.0,7.0,6.0,1.0,0.0,0.0,2.16,30.45,1.0,0,1,0
34.0,0,8.93,6.0,2.0,8.0,0.0,1.0,1.0,7.77,11.31,1.0,0,1,0
41.0,0,17.55,12.0,8.0,1.0,1.0,1.0,0.0,14.97,49.5,1.0,0,1,0
28.0,0,18.19,1.0,8.0,2.0,0.0,0.0,1.0,14.3,43.64,1.0,1,0,0
43.0,1,23.48,7.0,14.0,6.0,1.0,1.0,0.0,14.85,43.53,1.0,0,0,1
51.0,1,18.84,12.0,2.0,5.0,1.0,1.0,0.0,22.42,47.02,1.0,0,1,0
45.0,0,18.21,7.0,5.0,0.0,0.0,1.0,1.0,19.95,41.39,1.0,0,1,0
20.0,1,27.46,9.0,4.0,9.0,1.0,0.0,1.0,19.56,51.33,1.0,0,1,0
28.0,0,14.11,15.0,3.0,6.0,1.0,1.0,0.0,20.93,63.07,1.0,1,0,0
55.0,0,7.53,12.0,7.0,1.0,1.0,0.0,1.0,3.81,43.1,1.0,0,0,1
31.0,1,5.69,13.0,9.0,3.0,0.0,0.0,0.0,4.76,97.28,1.0,0,1,0
43.0,1,12.6,4.0,8.0,6.0,1.0,1.0,0.0,9.6,39.76,1.0,0,1,0
38.0,0,21.67,10.0,14.0,3.0,1.0,0.0,1.0,22.97,21.44,1.0,1,0,0
56.0,0,2.23,3.0,11.0,5.0,0.0,0.0,0.0,14.3,98.01,1.0,1,0,0
47.0,0,4.74,5.0,8.0,8.0,1.0,1.0,1.0,5.49,29.61,1.0,0,1,0
25.0,0,4.08,4.0,4.0,4.0,1.0,0.0,1.0,14.3,62.08,1.0,1,0,0
37.0,0,17.97,19.0,4.0,2.0,1.0,0.0,1.0,24.5,49.5,1.0,0,0,1
49.0,0,8.04,15.0,10.0,5.0,0.0,1.0,0.0,6.15,0.4,1.0,0,1,0
39.0,1,5.82,7.0,2.0,3.0,1.0,0.0,0.0,3.55,28.28,1.0,0,1,0
24.0,0,18.19,3.0,8.0,8.0,1.0,1.0,1.0,16.96,53.18,1.0,0,1,0
26.0,0,23.08,16.0,0.0,1.0,0.0,0.0,0.0,32.28,45.59,1.0,0,1,0
18.0,1,10.63,15.0,11.0,9.0,0.0,1.0,0.0,5.68,7.28,1.0,0,1,0
46.0,0,17.77,18.0,2.0,4.0,0.0,1.0,1.0,20.0,44.71,1.0,0,1,0
25.0,0,3.85,3.0,6.0,8.0,1.0,0.0,1.0,3.21,10.59,1.0,0,1,0
21.0,1,28.12,14.0,6.0,9.0,0.0,0.0,0.0,31.57,24.99,1.0,0,1,0
52.0,0,10.77,1.0,4.0,6.0,1.0,1.0,1.0,14.3,74.88,1.0,0,1,0
20.0,1,29.93,7.0,5.0,4.0,1.0,1.0,0.0,43.91,17.86,1.0,0,1,0
57.0,0,29.38,2.0,3.0,7.0,0.0,1.0,0.0,18.03,66.53,1.0,1,0,0
24.0,1,23.59,10.0,7.0,1.0,1.0,1.0,1.0,15.52,97.29,1.0,1,0,0
44.0,1,1.58,16.0,3.0,3.0,0.0,0.0,1.0,0.86,24.7,1.0,0,1,0
18.0,1,16.76,12.0,9.0,5.0,0.0,0.0,0.0,21.7,25.95,1.0,0,1,0
44.0,0,3.52,18.0,14.0,6.0,0.0,0.0,0.0,2.09,95.31,1.0,1,0,0
33.0,0,26.96,6.0,5.0,7.0,0.0,0.0,0.0,20.94,66.51,1.0,0,1,0
55.0,1,23.9,17.0,4.0,3.0,1.0,1.0,1.0,16.86,77.01,1.0,0,0,1
24.0,1,29.2,8.0,11.0,8.0,1.0,0.0,1.0,24.92,79.15,1.0,0,1,0
40.0,0,18.64,9.0,13.0,5.0,1.0,1.0,1.0,23.59,72.99,1.0,1,0,0
58.0,0,16.14,19.0,9.0,1.0,0.0,0.0,1.0,14.3,97.68,1.0,0,1,0
28.0,0,16.05,2.0,5.0,8.0,0.0,0.0,0.0,22.13,27.47,1.0,1,0,0
59.0,0,12.21,7.0,2.0,6.0,1.0,0.0,0.0,16.38,51.84,1.0,1,0,0
50.0,0,14.59,11.0,7.0,4.0,0.0,1.0,0.0,13.39,66.41,1.0,0,0,1
53.0,1,19.43,13.0,2.0,2.0,1.0,0.0,0.0,25.29,70.73,1.0,0,0,1
54.0,0,28.06,10.0,9.0,8.0,0.0,0.0,1.0,35.84,19.22,1.0,0,1,0
58.0,1,18.28,15.0,6.0,6.0,0.0,0.0,1.0,13.66,87.55,1.0,0,1,0
34.0,1,25.86,7.0,12.0,2.0,1.0,0.0,1.0,19.72,81.47,1.0,0,1,0
52.0,1,26.02,6.0,0.0,4.0,1.0,1.0,0.0,25.99,26.42,1.0,0,1,0
22.0,1,16.05,12.0,0.0,2.0,1.0,1.0,0.0,23.49,54.4,1.0,0,1,0
49.0,0,11.08,3.0,0.0,2.0,0.0,0.0,1.0,14.3,29.47,1.0,1,0,0
20.0,1,19.55,16.0,5.0,6.0,1.0,1.0,0.0,29.1,36.59,1.0,0,0,1
52.0,1,13.93,9.0,3.0,8.0,1.0,1.0,0.0,9.18,53.36,1.0,0,1,0
31.0,1,3.36,10.0,13.0,4.0,0.0,1.0,0.0,3.31,53.95,1.0,0,1,0
48.0,1,15.74,13.0,5.0,3.0,0.0,0.0,0.0,9.62,53.21,1.0,0,1,0
48.0,0,29.83,8.0,13.0,3.0,0.0,0.0,0.0,27.44,54.43,1.0,1,0,0
34.0,1,2.41,6.0,13.0,2.0,0.0,1.0,1.0,3.51,63.61,1.0,0,1,0
41.0,0,21.2,3.0,14.0,7.0,0.0,1.0,1.0,23.99,1.57,1.0,0,0,1
40.0,1,25.39,12.0,0.0,9.0,1.0,0.0,0.0,20.25,13.98,1.0,1,0,0
35.0,0,19.81,9.0,3.0,0.0,0.0,1.0,1.0,22.35,47.03,1.0,1,0,0
31.0,0,17.52,9.0,3.0,2.0,1.0,1.0,0.0,16.68,70.84,1.0,0,1,0
32.0,0,21.52,11.0,1.0,1.0,0.0,1.0,1.0,31.06,50.93,1.0,0,1,0
32.0,1,13.45,6.0,0.0,6.0,0.0,1.0,0.0,11.47,62.89,1.0,0,0,1
23.0,0,3.65,2.0,12.0,5.0,0.0,0.0,1.0,3.96,97.07,1.0,1,0,0
44.0,0,15.74,7.0,7.0,0.0,0.0,0.0,0.0,39.01,73.01,1.0,0,0,1
32.0,1,13.54,9.0,5.0,2.0,1.0,1.0,0.0,19.75,93.99,1.0,0,1,0
53.0,0,20.3,19.0,3.0,3.0,1.0,1.0,1.0,26.37,1.9,1.0,1,0,0
25.0,1,16.41,18.0,1.0,9.0,1.0,1.0,0.0,23.56,44.72,1.0,0,1,0
32.0,1,2.59,12.0,11.0,6.0,0.0,0.0,1.0,2.5,35.45,1.0,1,0,0
20.0,0,28.63,11.0,12.0,2.0,1.0,0.0,0.0,36.2,70.55,1.0,1,0,0
30.0,1,23.98,10.0,4.0,3.0,1.0,1.0,0.0,14.26,92.94,1.0,1,0,0
58.0,1,5.32,3.0,8.0,6.0,1.0,0.0,0.0,5.82,4.03,1.0,1,0,0
51.0,1,29.47,12.0,6.0,3.0,1.0,0.0,0.0,15.13,5.73,1.0,0,1,0
41.0,0,22.37,4.0,3.0,8.0,1.0,0.0,0.0,17.0,67.28,1.0,0,0,1
57.0,1,14.7,10.0,14.0,5.0,0.0,0.0,0.0,17.13,34.61,1.0,0,0,1
49.0,1,18.73,2.0,4.0,1.0,0.0,1.0,1.0,12.58,20.3,1.0,0,1,0
49.0,1,4.1,12.0,7.0,0.0,0.0,0.0,0.0,2.87,95.47,1.0,0,0,1
47.0,0,17.25,11.0,10.0,7.0,0.0,1.0,1.0,9.69,1.4,1.0,0,1,0
30.0,1,3.14,14.0,12.0,2.0,1.0,1.0,1.0,3.92,27.4,1.0,1,0,0
18.0,0,16.8,15.0,4.0,6.0,1.0,1.0,0.0,15.93,33.17,1.0,0,1,0
51.0,1,17.03,14.0,11.0,3.0,1.0,0.0,1.0,23.64,78.28,1.0,0,0,1
32.0,0,26.36,12.0,5.0,2.0,1.0,0.0,0.0,22.73,56.17,1.0,0,1,0
31.0,0,22.03,2.0,12.0,8.0,0.0,1.0,0.0,20.6,32.84,1.0,0,1,0
46.0,0,8.24,2.0,9.0,5.0,1.0,1.0,0.0,8.2,16.98,1.0,0,1,0
51.0,1,26.76,1.0,5.0,5.0,1.0,1.0,0.0,36.42,21.79,1.0,0,1,0
35.0,1,17.62,15.0,7.0,5.0,1.0,1.0,1.0,13.96,3.87,1.0,1,0,0
24.0,1,18.59,10.0,12.0,2.0,1.0,0.0,1.0,10.25,83.69,1.0,0,1,0
39.0,0,5.9,1.0,10.0,5.0,0.0,0.0,0.0,6.65,11.72,1.0,1,0,0
48.0,1,25.88,1.0,7.0,3.0,1.0,0.0,1.0,34.31,82.3,1.0,0,0,1
42.0,1,28.0,1.0,0.0,1.0,0.0,0.0,0.0,29.58,13.92,1.0,1,0,0
55.0,0,23.47,11.0,3.0,2.0,0.0,1.0,0.0,19.26,90.59,1.0,1,0,0
31.0,1,28.28,12.0,2.0,3.0,1.0,0.0,1.0,31.97,67.85,1.0,0,1,0
25.0,1,9.77,15.0,1.0,0.0,0.0,1.0,1.0,14.57,35.2,1.0,0,1,0
44.0,0,25.97,14.0,6.0,6.0,0.0,0.0,1.0,27.89,39.27,1.0,0,1,0
19.0,0,15.18,1.0,12.0,4.0,1.0,0.0,1.0,12.37,28.46,1.0,0,1,0
34.0,1,5.75,1.0,12.0,8.0,1.0,1.0,0.0,4.28,21.13,1.0,0,0,1
54.0,0,20.4,6.0,6.0,5.0,0.0,1.0,1.0,30.56,91.11,1.0,0,1,0
31.0,1,20.84,3.0,14.0,7.0,1.0,1.0,1.0,28.14,18.44,1.0,0,0,1
42.0,1,9.32,14.0,7.0,8.0,1.0,0.0,0.0,7.26,17.59,1.0,0,1,0
47.0,1,1.8,6.0,14.0,5.0,0.0,1.0,1.0,1.37,36.03,1.0,1,0,0
46.0,1,6.8,10.0,9.0,6.0,0.0,1.0,1.0,8.86,98.43,1.0,0,1,0
37.0,1,12.59,15.0,14.0,5.0,0.0,0.0,1.0,18.79,46.49,1.0,0,1,0
38.0,0,5.86,17.0,4.0,5.0,1.0,1.0,1.0,5.66,35.53,1.0,1,0,0
39.0,0,6.63,9.0,14.0,1.0,1.0,1.0,0.0,4.82,99.86,1.0,0,1,0
52.0,1,12.35,16.0,0.0,4.0,1.0,0.0,0.0,9.02,74.0,1.0,0,1,0
54.0,0,28.89,1.0,5.0,5.0,0.0,1.0,1.0,37.48,94.46,1.0,0,1,0
33.0,0,23.16,16.0,5.0,9.0,0.0,1.0,1.0,25.59,24.89,1.0,0,1,0
34.0,1,10.27,19.0,10.0,4.0,0.0,1.0,0.0,11.64,75.42,1.0,0,0,1
33.0,0,28.6,9.0,7.0,3.0,0.0,1.0,0.0,19.86,89.06,1.0,0,1,0
19.0,0,19.72,17.0,12.0,5.0,1.0,0.0,1.0,12.43,52.94,1.0,0,1,0
21.0,1,14.21,6.0,9.0,5.0,0.0,1.0,1.0,7.26,42.39,1.0,0,1,0
38.0,1,14.58,14.0,14.0,7.0,1.0,1.0,0.0,20.63,29.6,1.0,1,0,0
56.0,1,12.91,18.0,1.0,7.0,1.0,0.0,1.0,11.04,56.73,1.0,0,1,0
51.0,1,7.76,14.0,10.0,9.0,1.0,0.0,1.0,9.76,19.21,1.0,0,1,0
47.0,1,12.21,7.0,8.0,0.0,0.0,0.0,1.0,16.9,43.18,1.0,0,1,0
23.0,1,16.31,10.0,10.0,1.0,1.0,1.0,1.0,14.3,68.25,1.0,0,1,0
39.0,1,16.31,16.0,12.0,0.0,1.0,0.0,0.0,14.3,65.24,1.0,0,1,0
56.0,0,23.09,7.0,5.0,9.0,0.0,1.0,0.0,12.44,69.99,1.0,1,0,0
39.0,1,11.41,6.0,0.0,6.0,0.0,0.0,0.0,9.55,58.66,1.0,1,0,0
22.0,0,21.79,6.0,7.0,7.0,0.0,1.0,0.0,17.9,0.26,1.0,0,1,0
22.0,0,17.76,7.0,7.0,2.0,0.0,1.0,0.0,18.94,2.67,1.0,0,1,0
37.0,1,28.89,17.0,9.0,2.0,1.0,0.0,0.0,36.52,58.03,1.0,0,1,0
33.0,0,12.17,8.0,0.0,6.0,0.0,0.0,0.0,14.74,96.6,1.0,0,1,0
58.0,0,27.14,2.0,7.0,7.0,0.0,0.0,0.0,37.18,19.44,1.0,0,1,0
54.0,0,24.8,19.0,12.0,5.0,0.0,0.0,0.0,13.56,71.74,1.0,0,1,0
57.0,1,19.49,7.0,6.0,7.0,0.0,1.0,1.0,21.54,43.32,1.0,0,0,1
26.0,0,19.98,12.0,4.0,1.0,0.0,0.0,0.0,13.77,13.91,1.0,1,0,0
22.0,0,3.45,3.0,14.0,6.0,1.0,1.0,1.0,5.08,3.33,1.0,0,1,0
59.0,1,28.56,4.0,12.0,4.0,1.0,1.0,1.0,25.96,71.34,1.0,0,1,0
19.0,0,4.1,11.0,5.0,5.0,0.0,0.0,1.0,4.61,14.39,1.0,1,0,0
26.0,0,17.33,12.0,3.0,6.0,0.0,1.0,0.0,14.76,29.84,1.0,0,1,0
53.0,0,10.57,19.0,8.0,8.0,1.0,0.0,1.0,7.61,40.14,1.0,1,0,0
39.0,1,13.47,19.0,8.0,6.0,0.0,0.0,0.0,16.0,70.59,1.0,0,0,1
39.0,0,18.7,11.0,12.0,0.0,1.0,0.0,0.0,26.91,38.76,1.0,0,1,0
39.0,1,27.36,13.0,14.0,4.0,1.0,0.0,0.0,15.31,38.63,1.0,0,1,0
51.0,0,14.27,1.0,9.0,3.0,1.0,1.0,1.0,18.91,79.42,1.0,1,0,0
46.0,1,29.64,6.0,13.0,7.0,1.0,0.0,1.0,24.94,0.7,1.0,0,0,1
55.0,0,18.19,16.0,0.0,6.0,0.0,1.0,0.0,11.29,75.39,1.0,0,1,0
50.0,1,5.66,2.0,11.0,3.0,0.0,1.0,1.0,6.87,52.17,1.0,1,0,0
35.0,1,6.51,14.0,8.0,2.0,0.0,0.0,0.0,3.79,54.17,1.0,0,1,0
24.0,1,21.77,18.0,2.0,5.0,1.0,0.0,1.0,26.73,34.56,1.0,0,1,0
18.0,0,2.46,17.0,11.0,5.0,1.0,1.0,1.0,2.3,9.25,1.0,1,0,0
50.0,0,14.93,18.0,1.0,2.0,1.0,1.0,1.0,9.92,9.08,1.0,0,0,1
18.0,0,5.3,19.0,3.0,4.0,1.0,0.0,0.0,3.48,34.08,1.0,1,0,0
41.0,0,13.56,15.0,3.0,9.0,0.0,1.0,1.0,16.93,72.04,1.0,1,0,0
21.0,0,22.75,2.0,8.0,0.0,1.0,0.0,1.0,30.22,89.16,1.0,0,1,0
21.0,1,14.31,4.0,3.0,9.0,1.0,1.0,1.0,16.97,81.22,1.0,0,1,0
35.0,1,5.74,1.0,4.0,9.0,1.0,1.0,1.0,7.01,79.79,1.0,0,1,0
44.0,1,8.31,8.0,5.0,7.0,1.0,1.0,1.0,11.2,0.57,1.0,0,1,0
49.0,0,11.66,14.0,3.0,6.0,0.0,0.0,1.0,10.83,19.16,1.0,1,0,0
50.0,0,3.02,10.0,0.0,7.0,0.0,1.0,0.0,2.02,94.51,1.0,0,1,0
45.0,1,17.95,14.0,12.0,1.0,1.0,0.0,0.0,15.75,87.02,1.0,1,0,0
59.0,0,18.62,16.0,1.0,6.0,1.0,1.0,1.0,27.54,12.67,1.0,1,0,0
58.0,0,2.8,10.0,2.0,3.0,0.0,1.0,0.0,2.66,63.62,1.0,0,1,0
53.0,1,12.67,7.0,3.0,1.0,0.0,1.0,1.0,18.04,43.31,1.0,0,1,0
23.0,1,13.01,16.0,4.0,8.0,1.0,0.0,0.0,15.65,0.77,1.0,1,0,0
33.0,0,10.68,4.0,7.0,4.0,0.0,0.0,0.0,13.22,80.02,1.0,0,1,0
51.0,0,17.17,12.0,9.0,6.0,1.0,0.0,1.0,11.85,94.31,1.0,1,0,0
40.0,1,11.03,10.0,9.0,3.0,1.0,0.0,0.0,9.58,92.08,1.0,0,1,0
59.0,0,13.08,2.0,2.0,9.0,1.0,1.0,0.0,16.12,38.43,1.0,0,1,0
41.0,1,24.13,6.0,10.0,3.0,0.0,1.0,0.0,27.88,78.78,1.0,0,1,0
30.0,1,5.7,15.0,0.0,2.0,1.0,1.0,0.0,7.77,49.8,1.0,0,1,0
35.0,1,18.95,15.0,10.0,0.0,0.0,1.0,1.0,13.45,98.0,1.0,1,0,0
30.0,0,15.66,16.0,10.0,1.0,1.0,1.0,1.0,19.55,96.33,1.0,1,0,0
54.0,1,9.85,3.0,14.0,8.0,1.0,0.0,1.0,5.31,77.34,1.0,0,1,0
56.0,1,22.1,1.0,7.0,0.0,0.0,0.0,0.0,17.68,47.13,1.0,0,1,0
59.0,0,16.98,12.0,7.0,4.0,0.0,0.0,0.0,19.2,90.19,1.0,0,1,0
34.0,1,14.84,15.0,12.0,1.0,1.0,1.0,1.0,21.96,22.4,1.0,0,0,1
32.0,0,20.36,19.0,3.0,3.0,1.0,1.0,1.0,30.32,21.42,1.0,0,1,0
35.0,0,24.27,6.0,14.0,6.0,1.0,0.0,1.0,22.79,55.82,1.0,1,0,0
40.0,0,29.21,19.0,6.0,4.0,0.0,1.0,0.0,36.94,81.9,1.0,0,1,0
47.0,1,19.25,17.0,14.0,0.0,0.0,0.0,1.0,21.18,6.21,1.0,1,0,0
51.0,1,26.36,9.0,3.0,2.0,0.0,1.0,1.0,31.87,78.47,1.0,0,1,0
21.0,0,1.03,13.0,13.0,9.0,0.0,0.0,0.0,1.27,94.93,1.0,0,1,0
20.0,0,16.38,15.0,2.0,8.0,1.0,0.0,1.0,17.16,54.6,1.0,1,0,0
24.0,0,7.22,16.0,6.0,0.0,0.0,0.0,0.0,9.49,21.36,1.0,0,1,0
35.0,1,3.73,13.0,13.0,9.0,1.0,1.0,1.0,4.05,63.17,1.0,0,1,0
59.0,0,16.43,2.0,5.0,3.0,0.0,0.0,1.0,9.87,19.68,1.0,0,1,0
24.0,0,22.66,2.0,0.0,4.0,1.0,0.0,0.0,33.75,39.05,1.0,0,1,0
57.0,0,15.74,11.0,8.0,9.0,0.0,0.0,0.0,10.42,69.96,1.0,0,1,0
23.0,1,20.43,16.0,11.0,2.0,1.0,1.0,1.0,29.91,38.14,1.0,1,0,0
39.0,0,15.2,17.0,1.0,2.0,0.0,0.0,1.0,12.05,48.44,1.0,0,0,1
18.0,1,13.68,3.0,12.0,0.0,1.0,1.0,1.0,18.51,54.53,1.0,0,1,0
21.0,1,9.42,1.0,2.0,5.0,0.0,0.0,1.0,11.21,33.94,1.0,0,1,0
46.0,0,12.1,18.0,4.0,3.0,1.0,1.0,1.0,10.37,49.5,1.0,0,1,0
38.0,0,11.14,14.0,14.0,7.0,0.0,1.0,1.0,16.02,51.09,1.0,0,1,0
43.0,0,19.74,9.0,2.0,5.0,0.0,0.0,0.0,21.38,48.78,1.0,0,1,0
31.0,1,4.36,9.0,2.0,2.0,1.0,0.0,0.0,5.8,42.65,1.0,1,0,0
26.0,1,3.69,12.0,7.0,6.0,1.0,1.0,0.0,4.79,18.45,1.0,0,1,0
29.0,1,20.14,3.0,13.0,2.0,0.0,1.0,1.0,11.0,5.23,1.0,0,1,0
59.0,0,16.84,2.0,3.0,8.0,0.0,1.0,0.0,12.95,82.66,1.0,1,0,0
23.0,1,13.48,1.0,12.0,7.0,0.0,0.0,1.0,13.11,53.23,1.0,0,0,1
37.0,0,5.42,9.0,12.0,2.0,0.0,0.0,1.0,7.77,98.03,1.0,0,0,1
41.0,0,12.92,13.0,9.0,1.0,0.0,1.0,0.0,7.27,97.78,1.0,1,0,0
44.0,0,23.9,16.0,1.0,2.0,0.0,0.0,0.0,16.39,58.01,1.0,0,0,1
55.0,1,26.8,19.0,4.0,3.0,0.0,0.0,1.0,30.14,49.01,1.0,0,1,0
25.0,1,21.37,10.0,1.0,5.0,1.0,0.0,0.0,24.63,18.65,1.0,0,1,0
18.0,1,2.74,5.0,7.0,8.0,1.0,1.0,1.0,1.82,37.93,1.0,0,1,0
41.0,0,20.44,14.0,10.0,9.0,1.0,0.0,0.0,29.6,78.54,1.0,1,0,0
24.0,1,7.99,15.0,11.0,1.0,1.0,0.0,0.0,5.41,96.32,1.0,0,1,0
36.0,1,10.14,3.0,7.0,7.0,1.0,1.0,0.0,6.92,59.98,1.0,0,1,0
39.0,0,6.68,9.0,14.0,6.0,0.0,1.0,0.0,7.59,61.69,1.0,1,0,0
52.0,0,23.5,1.0,2.0,0.0,0.0,1.0,0.0,21.65,94.25,1.0,1,0,0
47.0,1,19.81,1.0,13.0,5.0,0.0,0.0,0.0,10.42,12.69,1.0,0,0,1
46.0,0,18.74,19.0,1.0,5.0,0.0,0.0,0.0,26.62,61.18,1.0,1,0,0
39.0,1,20.37,6.0,2.0,8.0,0.0,0.0,1.0,11.72,58.54,1.0,0,0,1
28.0,0,7.87,11.0,2.0,9.0,1.0,1.0,0.0,5.17,20.51,1.0,0,1,0
37.0,0,13.89,18.0,0.0,7.0,0.0,1.0,1.0,19.41,77.38,1.0,0,1,0
46.0,1,19.36,14.0,2.0,6.0,0.0,0.0,1.0,15.01,11.92,1.0,0,1,0
58.0,0,19.46,16.0,2.0,6.0,0.0,0.0,0.0,25.64,6.32,1.0,0,1,0
59.0,0,23.96,1.0,3.0,4.0,0.0,0.0,1.0,16.07,48.61,1.0,0,1,0
51.0,0,9.33,10.0,12.0,1.0,0.0,1.0,0.0,5.11,29.97,1.0,1,0,0
18.0,1,23.34,10.0,7.0,9.0,0.0,1.0,0.0,17.15,43.61,1.0,1,0,0
48.0,0,13.77,13.0,8.0,4.0,0.0,0.0,0.0,17.1,11.26,1.0,1,0,0
47.0,0,15.74,1.0,0.0,0.0,1.0,1.0,1.0,23.76,45.24,1.0,0,1,0
35.0,1,14.22,3.0,0.0,9.0,1.0,1.0,0.0,11.53,43.96,1.0,0,1,0
34.0,1,28.51,14.0,5.0,5.0,1.0,0.0,1.0,32.32,96.65,1.0,0,1,0
55.0,0,6.2,16.0,0.0,1.0,1.0,0.0,1.0,7.22,72.26,1.0,0,1,0
31.0,0,20.58,6.0,11.0,0.0,0.0,0.0,0.0,21.91,92.05,1.0,0,1,0
40.0,0,17.72,1.0,4.0,0.0,1.0,0.0,0.0,25.44,78.12,1.0,0,1,0
42.0,1,6.01,5.0,13.0,0.0,1.0,0.0,0.0,7.77,78.78,1.0,0,1,0
32.0,0,2.91,10.0,11.0,3.0,0.0,0.0,1.0,3.83,86.57,1.0,1,0,0
39.0,1,24.18,12.0,0.0,4.0,1.0,0.0,1.0,22.39,25.59,1.0,0,1,0
20.0,1,5.57,1.0,12.0,4.0,0.0,0.0,0.0,6.59,42.67,1.0,0,0,1
36.0,0,6.41,13.0,7.0,0.0,1.0,1.0,1.0,4.38,87.52,1.0,0,1,0
39.0,0,29.37,9.0,11.0,5.0,1.0,0.0,0.0,23.38,6.69,1.0,0,0,1
52.0,1,21.8,8.0,4.0,2.0,1.0,1.0,0.0,21.85,5.51,1.0,0,1,0
18.0,0,8.26,13.0,5.0,3.0,0.0,0.0,1.0,10.87,64.79,1.0,0,1,0
38.0,1,18.14,2.0,3.0,4.0,0.0,1.0,1.0,15.18,90.96,1.0,0,1,0
46.0,1,16.49,15.0,14.0,3.0,1.0,0.0,1.0,15.5,79.42,1.0,1,0,0
23.0,0,25.49,14.0,12.0,3.0,1.0,1.0,0.0,37.15,79.9,1.0,0,1,0
54.0,1,22.15,19.0,7.0,9.0,0.0,0.0,1.0,17.37,36.0,1.0,0,1,0
18.0,0,25.12,9.0,11.0,0.0,0.0,0.0,1.0,28.09,59.17,1.0,1,0,0
18.0,1,7.13,19.0,8.0,1.0,1.0,1.0,0.0,4.28,77.15,1.0,0,1,0
44.0,1,19.57,14.0,8.0,1.0,1.0,1.0,1.0,17.84,79.37,1.0,0,1,0
38.0,0,2.17,8.0,0.0,1.0,1.0,1.0,1.0,1.8,58.06,1.0,0,1,0
33.0,1,3.0,5.0,13.0,9.0,1.0,0.0,1.0,1.54,80.04,1.0,1,0,0
57.0,1,21.69,7.0,6.0,0.0,0.0,1.0,1.0,23.54,2.69,1.0,0,1,0
43.0,0,1.71,4.0,3.0,9.0,1.0,1.0,1.0,1.42,49.5,1.0,0,1,0
33.0,0,17.81,8.0,12.0,7.0,0.0,0.0,0.0,13.39,87.06,1.0,0,1,0
45.0,0,25.37,4.0,12.0,0.0,0.0,0.0,0.0,35.33,5.19,1.0,0,1,0
18.0,1,12.02,1.0,9.0,7.0,0.0,0.0,0.0,14.3,41.93,1.0,1,0,0
53.0,1,15.74,8.0,10.0,0.0,0.0,0.0,0.0,2.08,91.95,1.0,0,1,0
27.0,1,21.7,7.0,7.0,9.0,0.0,1.0,0.0,31.45,51.28,1.0,0,1,0
34.0,0,27.96,11.0,14.0,2.0,0.0,0.0,1.0,16.23,9.15,1.0,0,1,0
40.0,1,21.8,16.0,6.0,8.0,0.0,0.0,1.0,31.36,96.65,1.0,0,1,0
24.0,1,17.77,17.0,0.0,7.0,1.0,1.0,0.0,15.82,35.85,1.0,0,1,0
24.0,0,7.67,5.0,0.0,1.0,0.0,0.0,1.0,9.9,51.62,1.0,0,1,0
32.0,1,1.45,7.0,0.0,3.0,1.0,1.0,1.0,1.24,63.2,1.0,0,1,0
51.0,0,21.15,10.0,1.0,7.0,0.0,1.0,1.0,19.36,83.24,1.0,0,0,1
21.0,0,7.7,13.0,9.0,8.0,1.0,1.0,0.0,7.22,87.31,1.0,0,1,0
31.0,0,25.89,15.0,1.0,6.0,0.0,1.0,0.0,37.46,65.31,1.0,0,1,0
31.0,1,14.52,6.0,8.0,5.0,0.0,0.0,1.0,15.25,94.84,1.0,0,1,0
33.0,1,16.39,2.0,4.0,7.0,1.0,0.0,0.0,11.75,21.9,1.0,0,1,0
24.0,1,22.86,4.0,0.0,0.0,0.0,1.0,0.0,25.41,90.48,1.0,1,0,0
49.0,0,23.6,14.0,6.0,8.0,0.0,1.0,1.0,32.79,19.01,1.0,0,1,0
36.0,0,19.64,15.0,9.0,7.0,1.0,0.0,0.0,14.03,89.44,1.0,0,1,0
19.0,0,28.21,14.0,1.0,3.0,1.0,1.0,1.0,23.63,21.59,1.0,1,0,0
27.0,1,29.49,4.0,2.0,9.0,0.0,0.0,0.0,31.6,71.92,1.0,0,1,0
34.0,1,28.46,6.0,3.0,3.0,0.0,0.0,1.0,42.33,81.7,1.0,0,1,0
54.0,1,24.9,7.0,2.0,3.0,1.0,1.0,1.0,24.04,39.05,1.0,0,1,0
29.0,1,21.46,13.0,2.0,5.0,0.0,0.0,0.0,23.27,11.35,1.0,0,1,0
23.0,1,15.74,17.0,8.0,1.0,0.0,1.0,1.0,12.86,36.25,1.0,1,0,0
39.0,0,4.01,17.0,11.0,3.0,0.0,1.0,1.0,5.05,6.16,1.0,0,1,0
49.0,1,8.87,4.0,14.0,3.0,1.0,0.0,0.0,6.39,65.93,1.0,0,1,0
58.0,0,1.16,19.0,3.0,7.0,0.0,1.0,1.0,0.96,69.72,1.0,0,1,0
37.0,0,4.98,13.0,7.0,1.0,1.0,0.0,0.0,6.02,26.83,1.0,0,1,0
18.0,1,13.74,9.0,0.0,7.0,0.0,0.0,0.0,16.66,65.16,1.0,0,0,1
23.0,0,5.25,2.0,12.0,9.0,0.0,1.0,0.0,4.3,5.85,1.0,0,1,0
36.0,1,27.15,18.0,5.0,1.0,0.0,1.0,0.0,36.66,3.15,1.0,0,0,1
35.0,1,24.37,17.0,7.0,8.0,1.0,0.0,0.0,31.55,40.8,1.0,0,1,0
23.0,0,3.08,7.0,0.0,8.0,1.0,1.0,1.0,3.44,48.44,1.0,1,0,0
50.0,1,8.22,17.0,4.0,5.0,1.0,0.0,1.0,5.58,1.86,1.0,0,1,0
40.0,1,24.75,10.0,6.0,9.0,0.0,0.0,0.0,34.77,58.99,1.0,0,1,0
40.0,0,24.29,14.0,12.0,4.0,0.0,1.0,1.0,24.96,83.28,1.0,1,0,0
43.0,0,28.42,12.0,11.0,6.0,1.0,1.0,0.0,24.91,41.05,1.0,1,0,0
30.0,0,29.93,12.0,0.0,7.0,1.0,0.0,1.0,42.72,74.71,1.0,0,1,0
24.0,0,29.31,17.0,8.0,7.0,1.0,1.0,0.0,43.13,15.11,1.0,0,1,0
32.0,0,12.89,19.0,11.0,2.0,0.0,1.0,1.0,15.69,52.96,1.0,0,1,0
44.0,0,8.26,14.0,10.0,2.0,0.0,1.0,1.0,10.67,78.92,1.0,0,0,1
43.0,1,22.99,17.0,7.0,4.0,1.0,1.0,1.0,17.17,68.2,1.0,0,1,0
50.0,1,9.68,15.0,7.0,4.0,0.0,1.0,1.0,7.35,77.97,1.0,1,0,0
32.0,1,24.39,6.0,14.0,1.0,0.0,1.0,1.0,26.08,72.11,1.0,1,0,0
53.0,0,16.48,19.0,13.0,4.0,1.0,0.0,0.0,24.44,12.1,1.0,1,0,0
44.0,1,24.02,6.0,1.0,0.0,0.0,1.0,1.0,29.86,10.27,1.0,0,1,0
22.0,0,9.0,6.0,1.0,6.0,1.0,1.0,1.0,11.21,97.55,1.0,0,1,0
19.0,1,15.73,4.0,8.0,6.0,1.0,1.0,0.0,11.92,48.23,1.0,0,0,1
50.0,0,17.36,1.0,12.0,0.0,1.0,0.0,1.0,15.97,73.24,1.0,1,0,0
33.0,1,28.35,19.0,13.0,2.0,1.0,1.0,1.0,23.89,68.15,1.0,1,0,0
40.0,0,8.73,11.0,13.0,7.0,1.0,0.0,0.0,7.0,4.43,1.0,0,1,0
55.0,0,28.16,7.0,3.0,8.0,0.0,1.0,1.0,14.3,49.66,1.0,1,0,0
33.0,0,24.34,2.0,14.0,2.0,1.0,0.0,1.0,14.6,52.14,1.0,0,1,0
31.0,0,22.2,4.0,5.0,5.0,1.0,0.0,0.0,14.77,80.86,1.0,0,1,0
46.0,1,23.82,6.0,12.0,5.0,0.0,0.0,1.0,21.73,96.22,1.0,1,0,0
43.0,1,18.56,5.0,9.0,5.0,0.0,0.0,1.0,14.9,28.94,1.0,0,1,0
52.0,0,8.08,9.0,1.0,4.0,1.0,0.0,0.0,11.34,5.89,1.0,1,0,0
32.0,0,6.5,11.0,14.0,5.0,1.0,1.0,1.0,4.55,47.53,1.0,0,1,0
20.0,0,26.12,18.0,3.0,5.0,1.0,1.0,0.0,19.56,2.98,1.0,0,1,0
40.0,1,22.03,17.0,7.0,9.0,1.0,1.0,0.0,14.94,38.54,1.0,0,1,0
46.0,0,7.18,13.0,14.0,5.0,0.0,0.0,1.0,9.75,27.33,1.0,0,1,0
51.0,0,18.84,17.0,2.0,7.0,1.0,0.0,0.0,13.23,24.3,1.0,0,1,0
50.0,1,13.98,10.0,1.0,5.0,1.0,1.0,0.0,11.91,0.16,1.0,1,0,0
58.0,0,5.6,18.0,13.0,2.0,1.0,1.0,1.0,6.55,25.06,1.0,1,0,0
58.0,0,16.42,17.0,7.0,6.0,1.0,1.0,0.0,9.48,31.99,1.0,0,1,0
40.0,1,9.16,12.0,4.0,5.0,0.0,1.0,0.0,12.06,91.1,1.0,0,1,0
24.0,0,3.79,15.0,4.0,8.0,0.0,1.0,1.0,4.57,8.83,1.0,1,0,0
20.0,0,14.54,19.0,7.0,3.0,1.0,1.0,1.0,11.07,76.7,1.0,1,0,0
49.0,1,18.11,15.0,10.0,0.0,1.0,0.0,1.0,16.15,72.49,1.0,1,0,0
48.0,0,2.36,13.0,14.0,5.0,1.0,1.0,0.0,2.64,32.63,1.0,1,0,0
35.0,1,12.66,7.0,7.0,8.0,0.0,0.0,1.0,18.31,90.7,1.0,0,1,0
24.0,0,8.47,11.0,12.0,7.0,1.0,1.0,1.0,9.56,65.53,1.0,0,1,0
58.0,0,1.89,8.0,6.0,1.0,0.0,0.0,1.0,1.42,9.7,1.0,0,1,0
18.0,0,4.64,16.0,4.0,2.0,0.0,1.0,0.0,4.56,20.4,1.0,0,1,0
31.0,0,5.03,11.0,6.0,7.0,1.0,0.0,1.0,4.78,40.11,1.0,1,0,0
49.0,0,6.3,5.0,12.0,8.0,0.0,0.0,0.0,6.51,96.73,1.0,0,1,0
23.0,1,24.3,7.0,0.0,7.0,0.0,0.0,0.0,24.76,26.44,1.0,0,0,1
56.0,0,15.74,16.0,2.0,9.0,1.0,0.0,0.0,11.88,42.82,1.0,1,0,0
27.0,0,5.27,16.0,14.0,0.0,1.0,0.0,0.0,7.23,56.07,1.0,1,0,0
24.0,1,3.91,17.0,2.0,2.0,0.0,0.0,1.0,3.25,35.55,1.0,0,0,1
43.0,1,9.64,19.0,1.0,7.0,0.0,1.0,0.0,9.93,70.1,1.0,0,1,0
51.0,0,24.14,15.0,5.0,0.0,0.0,0.0,1.0,18.37,66.09,1.0,1,0,0
39.0,1,11.57,15.0,2.0,6.0,1.0,1.0,1.0,10.82,6.04,1.0,0,1,0
53.0,0,5.64,15.0,7.0,3.0,0.0,0.0,1.0,6.66,42.87,1.0,0,1,0
38.0,1,12.72,3.0,3.0,6.0,1.0,1.0,0.0,16.0,78.11,1.0,1,0,0
34.0,1,17.1,12.0,2.0,3.0,0.0,1.0,1.0,22.34,49.5,1.0,0,1,0
50.0,0,1.86,6.0,6.0,7.0,1.0,1.0,1.0,2.3,46.02,1.0,0,0,1
27.0,1,19.2,5.0,3.0,5.0,0.0,1.0,1.0,18.56,72.99,1.0,1,0,0
59.0,0,12.46,11.0,4.0,9.0,0.0,0.0,1.0,6.7,67.05,1.0,1,0,0
29.0,1,1.28,12.0,13.0,9.0,1.0,0.0,0.0,1.31,83.76,1.0,0,1,0
33.0,1,20.54,7.0,6.0,7.0,1.0,0.0,1.0,11.4,5.1,1.0,1,0,0
58.0,1,21.66,9.0,3.0,0.0,0.0,0.0,0.0,31.76,53.53,1.0,0,1,0
49.0,0,19.24,18.0,13.0,8.0,0.0,0.0,0.0,16.89,66.03,1.0,1,0,0
32.0,0,10.92,14.0,5.0,8.0,0.0,1.0,1.0,10.96,67.54,1.0,0,1,0
44.0,1,16.36,4.0,8.0,5.0,0.0,1.0,0.0,10.3,92.24,1.0,1,0,0
45.0,0,12.23,8.0,14.0,8.0,1.0,0.0,1.0,18.29,41.16,1.0,0,1,0
34.0,0,21.32,16.0,5.0,5.0,0.0,1.0,1.0,21.15,79.51,1.0,0,1,0
19.0,0,17.92,4.0,4.0,5.0,1.0,1.0,0.0,14.31,78.6,1.0,0,1,0
53.0,1,3.37,19.0,14.0,3.0,1.0,0.0,1.0,2.34,26.89,1.0,0,1,0
24.0,0,19.65,6.0,14.0,2.0,1.0,0.0,1.0,22.6,26.83,1.0,1,0,0
30.0,1,20.93,19.0,11.0,2.0,1.0,0.0,1.0,19.6,94.28,1.0,0,1,0
32.0,1,11.75,15.0,13.0,1.0,1.0,0.0,0.0,9.6,32.44,1.0,0,1,0
42.0,1,26.4,12.0,12.0,3.0,1.0,0.0,1.0,13.45,41.44,1.0,0,1,0
40.0,1,25.45,12.0,0.0,8.0,0.0,0.0,1.0,13.65,60.4,1.0,0,1,0
39.0,1,6.08,2.0,7.0,6.0,0.0,1.0,0.0,7.26,31.66,1.0,0,1,0
43.0,0,27.22,9.0,4.0,2.0,1.0,0.0,0.0,26.69,66.18,1.0,1,0,0
50.0,0,13.79,10.0,4.0,7.0,0.0,0.0,1.0,18.6,28.94,1.0,0,1,0
28.0,1,21.99,1.0,2.0,8.0,1.0,1.0,1.0,27.57,52.73,1.0,0,1,0
27.0,0,24.61,14.0,9.0,0.0,1.0,0.0,1.0,26.42,55.96,1.0,0,1,0
42.0,0,15.65,13.0,11.0,0.0,1.0,0.0,1.0,16.6,80.06,1.0,0,1,0
54.0,0,12.57,5.0,1.0,8.0,0.0,1.0,1.0,15.65,86.01,1.0,0,1,0
55.0,0,27.55,7.0,0.0,8.0,0.0,0.0,1.0,34.19,68.16,1.0,0,1,0
58.0,0,7.69,14.0,8.0,6.0,0.0,0.0,0.0,6.42,27.0,1.0,1,0,0
41.0,0,8.45,16.0,4.0,2.0,1.0,0.0,0.0,5.11,46.39,1.0,0,1,0
57.0,0,11.49,18.0,9.0,3.0,0.0,1.0,1.0,14.61,56.28,1.0,0,1,0
50.0,1,25.92,14.0,11.0,6.0,1.0,0.0,0.0,18.74,29.78,1.0,0,1,0
34.0,1,28.22,1.0,14.0,8.0,1.0,1.0,0.0,36.44,94.0,1.0,1,0,0
41.0,1,7.38,6.0,3.0,7.0,0.0,0.0,0.0,8.25,10.86,1.0,0,0,1
54.0,0,26.05,10.0,6.0,7.0,1.0,1.0,1.0,22.35,83.35,1.0,0,1,0
19.0,1,8.49,6.0,12.0,0.0,1.0,1.0,0.0,11.48,42.64,1.0,0,0,1
49.0,1,29.15,2.0,3.0,5.0,1.0,0.0,0.0,34.72,94.55,1.0,0,1,0
41.0,0,18.32,7.0,7.0,5.0,1.0,0.0,0.0,19.15,53.25,1.0,0,1,0
26.0,0,1.21,17.0,14.0,4.0,1.0,1.0,1.0,0.97,72.97,1.0,0,1,0
21.0,1,1.99,14.0,1.0,0.0,0.0,1.0,0.0,2.96,73.45,0.0,0,1,0
34.0,1,5.28,7.0,8.0,2.0,1.0,1.0,1.0,7.07,69.8,1.0,0,1,0
34.0,1,6.44,9.0,7.0,3.0,1.0,0.0,1.0,4.1,4.94,1.0,0,1,0
47.0,0,23.26,19.0,11.0,9.0,0.0,0.0,0.0,30.38,62.22,1.0,0,1,0
57.0,0,7.46,11.0,14.0,6.0,0.0,1.0,0.0,4.63,89.48,1.0,0,1,0
28.0,0,29.11,3.0,3.0,4.0,1.0,1.0,1.0,21.77,84.35,1.0,0,1,0
38.0,1,19.45,4.0,7.0,1.0,0.0,0.0,0.0,14.3,91.49,1.0,0,1,0
38.0,1,21.08,5.0,11.0,2.0,1.0,1.0,1.0,28.88,44.44,1.0,1,0,0
35.0,0,7.32,4.0,12.0,0.0,0.0,0.0,1.0,8.1,45.46,1.0,0,1,0
46.0,1,26.89,13.0,8.0,5.0,0.0,1.0,1.0,32.24,80.82,1.0,1,0,0
39.0,1,20.37,9.0,14.0,7.0,0.0,0.0,1.0,12.01,30.35,1.0,1,0,0
27.0,0,26.07,14.0,1.0,3.0,1.0,1.0,0.0,21.7,76.51,1.0,0,1,0
34.0,1,28.74,16.0,3.0,1.0,0.0,0.0,1.0,23.64,50.44,1.0,0,1,0
35.0,1,4.64,6.0,10.0,3.0,1.0,0.0,1.0,2.47,26.43,1.0,0,1,0
39.0,1,3.8,10.0,5.0,9.0,0.0,1.0,1.0,4.58,64.37,1.0,0,1,0
37.0,0,24.3,13.0,6.0,3.0,1.0,1.0,1.0,19.62,29.58,1.0,0,1,0
54.0,0,26.12,3.0,4.0,4.0,0.0,1.0,1.0,29.6,67.18,1.0,0,1,0
35.0,1,17.93,11.0,9.0,2.0,0.0,0.0,1.0,9.45,56.93,1.0,0,1,0
34.0,0,11.61,3.0,11.0,8.0,0.0,1.0,0.0,5.82,72.22,1.0,1,0,0
26.0,0,19.93,7.0,9.0,6.0,0.0,0.0,0.0,13.35,59.91,1.0,0,1,0
31.0,0,9.86,10.0,12.0,8.0,0.0,0.0,1.0,11.86,49.5,1.0,1,0,0
46.0,1,7.91,1.0,6.0,6.0,0.0,0.0,0.0,8.73,99.62,1.0,0,1,0
48.0,0,15.16,4.0,13.0,9.0,0.0,0.0,1.0,10.63,46.78,1.0,1,0,0
21.0,1,7.27,8.0,10.0,3.0,1.0,0.0,0.0,7.44,59.83,1.0,0,1,0
35.0,1,15.03,17.0,14.0,4.0,1.0,0.0,1.0,16.82,10.19,1.0,0,1,0
37.0,0,28.74,5.0,3.0,6.0,0.0,0.0,1.0,41.36,95.04,1.0,0,0,1
26.0,1,25.35,17.0,7.0,5.0,1.0,0.0,1.0,32.0,49.5,1.0,1,0,0
30.0,0,28.31,9.0,2.0,8.0,0.0,1.0,0.0,18.0,10.28,1.0,0,1,0
32.0,0,24.38,8.0,12.0,2.0,0.0,1.0,0.0,18.78,40.0,1.0,0,1,0
44.0,1,11.29,7.0,2.0,7.0,0.0,1.0,0.0,10.2,8.13,1.0,1,0,0
32.0,1,24.55,5.0,4.0,9.0,1.0,1.0,0.0,14.86,49.72,1.0,1,0,0
45.0,0,27.76,4.0,5.0,3.0,1.0,1.0,1.0,29.3,27.71,1.0,0,1,0
54.0,0,28.46,3.0,2.0,8.0,1.0,0.0,1.0,40.05,34.03,1.0,0,1,0
36.0,0,20.81,8.0,9.0,0.0,0.0,1.0,0.0,16.78,6.91,1.0,1,0,0
43.0,0,7.13,5.0,14.0,4.0,1.0,1.0,1.0,10.59,76.24,1.0,0,1,0
43.0,1,2.15,5.0,1.0,3.0,1.0,0.0,0.0,1.61,84.11,1.0,1,0,0
42.0,1,5.27,17.0,4.0,4.0,0.0,0.0,1.0,5.12,14.01,1.0,0,1,0
43.0,1,29.0,15.0,9.0,5.0,0.0,1.0,1.0,24.45,75.07,1.0,0,0,1
43.0,0,14.4,8.0,5.0,0.0,0.0,1.0,0.0,11.64,12.86,1.0,1,0,0
45.0,1,25.79,7.0,2.0,7.0,0.0,1.0,0.0,22.64,8.55,1.0,1,0,0
35.0,1,14.49,10.0,6.0,2.0,0.0,1.0,1.0,7.71,11.41,1.0,0,1,0
49.0,1,20.16,12.0,7.0,6.0,0.0,0.0,1.0,20.81,3.18,1.0,0,1,0
20.0,1,1.7,4.0,14.0,6.0,0.0,1.0,1.0,2.11,37.61,1.0,0,1,0
19.0,0,8.25,18.0,11.0,8.0,0.0,1.0,1.0,11.25,95.29,1.0,1,0,0
50.0,1,13.65,4.0,12.0,6.0,1.0,0.0,1.0,11.25,89.93,1.0,1,0,0
59.0,1,19.29,10.0,1.0,7.0,1.0,1.0,1.0,20.26,33.19,1.0,0,1,0
36.0,1,5.97,3.0,13.0,3.0,0.0,0.0,1.0,8.31,79.46,1.0,1,0,0
34.0,1,23.17,5.0,12.0,9.0,1.0,0.0,1.0,30.12,49.5,1.0,1,0,0
50.0,0,11.57,12.0,9.0,3.0,0.0,0.0,1.0,11.15,15.21,1.0,0,1,0
29.0,0,24.71,5.0,3.0,9.0,1.0,0.0,1.0,16.43,22.95,1.0,0,1,0
20.0,1,3.84,10.0,2.0,7.0,1.0,0.0,0.0,4.06,69.05,1.0,1,0,0
43.0,0,20.71,4.0,6.0,3.0,1.0,1.0,1.0,30.85,26.4,1.0,0,1,0
52.0,0,9.51,6.0,7.0,3.0,0.0,1.0,1.0,11.96,93.82,1.0,1,0,0
25.0,0,24.07,10.0,2.0,9.0,0.0,0.0,1.0,32.45,23.07,1.0,0,1,0
53.0,0,12.66,6.0,5.0,2.0,0.0,1.0,0.0,8.72,79.91,1.0,0,0,1
24.0,1,20.3,1.0,0.0,2.0,0.0,0.0,1.0,28.5,75.81,1.0,0,1,0
53.0,0,28.09,16.0,4.0,3.0,0.0,0.0,0.0,14.44,50.38,1.0,0,1,0
33.0,0,1.6,11.0,1.0,1.0,0.0,1.0,0.0,2.18,26.33,1.0,0,1,0
41.0,1,1.32,10.0,0.0,2.0,1.0,1.0,0.0,0.98,3.39,1.0,0,1,0
18.0,1,23.34,18.0,12.0,1.0,1.0,1.0,1.0,26.2,82.84,1.0,0,1,0
42.0,1,19.75,6.0,6.0,5.0,0.0,1.0,1.0,15.66,37.78,1.0,0,1,0
27.0,1,9.5,17.0,9.0,2.0,0.0,1.0,1.0,6.04,34.01,1.0,0,0,1
33.0,0,15.34,12.0,3.0,1.0,1.0,0.0,1.0,11.46,4.45,1.0,0,0,1
33.0,1,2.22,17.0,4.0,8.0,1.0,1.0,0.0,2.16,15.13,1.0,0,1,0
25.0,0,6.58,18.0,1.0,7.0,1.0,1.0,1.0,9.34,36.79,1.0,1,0,0
46.0,0,13.31,10.0,7.0,4.0,0.0,1.0,0.0,11.83,69.08,1.0,0,1,0
56.0,1,25.19,12.0,14.0,8.0,0.0,1.0,0.0,14.0,20.73,1.0,1,0,0
45.0,1,14.91,4.0,10.0,4.0,1.0,1.0,1.0,7.81,16.36,1.0,1,0,0
23.0,0,18.0,10.0,12.0,4.0,1.0,1.0,1.0,12.78,26.23,1.0,0,1,0
33.0,0,15.74,5.0,9.0,3.0,1.0,0.0,0.0,14.54,28.34,1.0,1,0,0
37.0,1,15.74,4.0,13.0,2.0,1.0,0.0,0.0,8.68,41.0,1.0,1,0,0
33.0,1,21.32,16.0,2.0,9.0,1.0,0.0,1.0,18.85,36.09,1.0,0,1,0
39.0,1,25.99,5.0,6.0,8.0,1.0,0.0,1.0,38.26,7.39,1.0,0,0,1
58.0,0,6.88,19.0,10.0,3.0,1.0,0.0,1.0,5.55,61.79,1.0,0,0,1
31.0,0,11.34,6.0,0.0,6.0,0.0,1.0,0.0,12.46,13.05,1.0,0,1,0
43.0,1,29.41,7.0,9.0,4.0,0.0,0.0,0.0,38.79,86.84,1.0,1,0,0
39.0,0,29.51,10.0,0.0,6.0,1.0,1.0,0.0,29.89,85.95,1.0,0,0,1
31.0,1,7.47,7.0,13.0,7.0,1.0,0.0,0.0,8.94,7.24,1.0,0,1,0
24.0,0,2.93,14.0,6.0,7.0,1.0,0.0,1.0,4.32,41.31,1.0,0,1,0
50.0,0,15.74,10.0,0.0,9.0,1.0,1.0,1.0,7.3,47.69,1.0,0,1,0
43.0,1,12.53,11.0,11.0,5.0,1.0,1.0,1.0,7.19,99.59,1.0,1,0,0
37.0,1,13.79,14.0,8.0,4.0,0.0,0.0,1.0,12.83,25.13,1.0,1,0,0
20.0,1,18.95,12.0,8.0,1.0,1.0,0.0,1.0,19.72,63.6,1.0,0,1,0
21.0,0,27.09,4.0,7.0,7.0,1.0,0.0,1.0,29.26,45.71,1.0,0,0,1
43.0,0,10.58,13.0,7.0,4.0,1.0,1.0,0.0,13.1,76.86,1.0,1,0,0
28.0,1,25.65,3.0,14.0,7.0,1.0,0.0,1.0,35.86,24.84,1.0,1,0,0
19.0,1,3.71,13.0,3.0,5.0,0.0,1.0,0.0,3.71,68.09,1.0,0,1,0
31.0,1,2.21,19.0,3.0,7.0,0.0,1.0,1.0,1.42,12.99,1.0,0,1,0
47.0,0,15.62,15.0,4.0,0.0,0.0,1.0,1.0,14.11,1.51,1.0,1,0,0
29.0,1,2.73,19.0,8.0,8.0,0.0,1.0,1.0,1.79,1.82,1.0,0,1,0
43.0,0,12.38,4.0,2.0,8.0,0.0,1.0,0.0,8.45,49.27,1.0,1,0,0
50.0,0,27.01,6.0,3.0,2.0,0.0,1.0,0.0,13.55,77.07,1.0,1,0,0
30.0,0,8.0,15.0,9.0,4.0,0.0,0.0,0.0,11.44,57.76,1.0,0,1,0
31.0,0,21.47,4.0,4.0,6.0,1.0,1.0,1.0,26.74,3.63,1.0,1,0,0
41.0,1,9.77,6.0,6.0,7.0,0.0,0.0,0.0,5.86,55.21,1.0,0,1,0
51.0,0,2.3,2.0,4.0,6.0,0.0,1.0,1.0,3.27,11.33,1.0,0,1,0
43.0,1,17.14,4.0,8.0,2.0,0.0,0.0,1.0,23.49,96.54,1.0,0,1,0
38.0,1,25.21,10.0,5.0,6.0,0.0,1.0,1.0,35.54,35.26,1.0,0,1,0
45.0,1,12.87,15.0,2.0,0.0,0.0,1.0,0.0,7.69,50.34,1.0,0,1,0
53.0,1,18.9,12.0,5.0,4.0,1.0,0.0,0.0,10.96,33.87,1.0,1,0,0
57.0,0,27.1,8.0,5.0,8.0,1.0,1.0,0.0,15.39,46.71,1.0,1,0,0
19.0,1,23.9,12.0,14.0,1.0,1.0,0.0,1.0,35.06,95.85,1.0,0,1,0
59.0,0,6.62,9.0,11.0,2.0,1.0,1.0,0.0,7.68,26.05,1.0,1,0,0
26.0,0,22.27,7.0,9.0,8.0,1.0,0.0,1.0,15.1,71.81,1.0,0,1,0
40.0,0,15.55,8.0,0.0,2.0,1.0,0.0,1.0,22.22,75.53,1.0,0,1,0
32.0,0,22.63,10.0,6.0,7.0,0.0,1.0,0.0,21.34,19.06,1.0,1,0,0
30.0,1,15.34,11.0,2.0,5.0,1.0,1.0,1.0,19.72,72.91,1.0,1,0,0
40.0,0,4.71,2.0,0.0,6.0,0.0,0.0,1.0,5.35,64.8,1.0,1,0,0
34.0,1,17.53,4.0,0.0,5.0,1.0,1.0,1.0,20.15,29.1,1.0,0,1,0
19.0,0,15.27,9.0,4.0,9.0,1.0,0.0,0.0,14.35,52.27,1.0,1,0,0
37.0,0,16.02,8.0,13.0,6.0,1.0,0.0,1.0,14.34,59.0,1.0,1,0,0
37.0,1,26.49,5.0,9.0,9.0,1.0,0.0,1.0,17.53,83.66,1.0,0,0,1
20.0,0,26.95,14.0,9.0,9.0,1.0,0.0,0.0,15.38,12.48,1.0,0,1,0
29.0,0,14.15,2.0,1.0,2.0,1.0,1.0,0.0,20.21,97.2,1.0,0,1,0
57.0,0,14.22,10.0,1.0,4.0,0.0,1.0,1.0,20.43,76.92,1.0,1,0,0
19.0,0,15.94,8.0,11.0,5.0,1.0,1.0,0.0,18.19,53.5,1.0,0,0,1
53.0,0,16.07,2.0,3.0,8.0,1.0,1.0,0.0,14.27,77.62,1.0,0,1,0
31.0,1,28.56,15.0,9.0,3.0,1.0,0.0,1.0,15.0,73.32,1.0,0,1,0
33.0,0,19.83,2.0,7.0,7.0,1.0,0.0,1.0,18.79,46.01,1.0,0,1,0
36.0,0,9.05,11.0,10.0,7.0,0.0,0.0,1.0,10.49,33.61,1.0,0,1,0
51.0,1,16.41,14.0,11.0,9.0,0.0,1.0,0.0,13.13,98.86,1.0,0,1,0
23.0,0,19.19,10.0,11.0,5.0,1.0,0.0,0.0,16.17,88.44,1.0,0,1,0
30.0,1,19.55,7.0,14.0,7.0,1.0,0.0,1.0,19.01,95.09,1.0,0,1,0
53.0,0,17.97,14.0,14.0,4.0,0.0,0.0,1.0,17.88,4.85,1.0,0,1,0
39.0,0,6.15,13.0,6.0,0.0,1.0,1.0,0.0,7.64,81.52,1.0,0,1,0
35.0,1,15.74,2.0,7.0,3.0,1.0,1.0,1.0,1.97,89.12,1.0,0,1,0
29.0,0,10.8,10.0,10.0,5.0,1.0,1.0,1.0,14.53,47.69,1.0,0,1,0
47.0,0,13.4,1.0,7.0,8.0,0.0,1.0,0.0,13.17,89.09,1.0,0,0,1
57.0,1,2.79,1.0,6.0,3.0,0.0,0.0,0.0,1.48,10.09,1.0,0,1,0
24.0,1,24.63,3.0,8.0,5.0,0.0,1.0,1.0,14.3,6.05,1.0,1,0,0
49.0,0,10.98,11.0,6.0,9.0,0.0,0.0,1.0,13.38,29.16,1.0,0,1,0
36.0,1,27.5,19.0,3.0,4.0,1.0,1.0,1.0,26.18,2.62,1.0,0,0,1
23.0,0,5.48,9.0,8.0,8.0,0.0,0.0,0.0,5.27,68.4,1.0,0,1,0
37.0,1,2.65,13.0,8.0,9.0,1.0,0.0,1.0,3.92,92.7,1.0,0,1,0
44.0,0,14.99,4.0,2.0,5.0,0.0,1.0,1.0,16.06,29.51,1.0,0,1,0
54.0,1,6.48,6.0,9.0,2.0,0.0,1.0,0.0,4.0,65.96,1.0,1,0,0
24.0,1,28.18,2.0,13.0,1.0,1.0,0.0,0.0,26.31,46.8,1.0,0,1,0
22.0,1,1.3,9.0,7.0,2.0,1.0,0.0,0.0,1.38,25.51,1.0,0,1,0
28.0,1,12.97,18.0,0.0,5.0,0.0,0.0,0.0,6.97,91.86,1.0,0,1,0
32.0,1,15.74,4.0,1.0,9.0,0.0,1.0,0.0,24.11,95.79,1.0,1,0,0
20.0,1,12.15,1.0,7.0,7.0,1.0,1.0,1.0,17.83,13.48,1.0,0,1,0
22.0,1,3.7,1.0,12.0,7.0,0.0,1.0,0.0,4.63,76.7,1.0,0,1,0
40.0,1,9.78,17.0,7.0,4.0,0.0,1.0,1.0,8.53,18.88,1.0,0,1,0
54.0,1,15.44,19.0,5.0,0.0,0.0,0.0,0.0,11.77,48.82,1.0,0,1,0
26.0,0,6.37,3.0,7.0,0.0,0.0,1.0,1.0,4.99,36.1,1.0,1,0,0
32.0,1,14.53,17.0,13.0,6.0,1.0,1.0,0.0,19.3,24.4,1.0,0,1,0
20.0,0,25.25,3.0,13.0,1.0,1.0,1.0,0.0,22.77,67.58,1.0,0,1,0
46.0,1,26.31,4.0,7.0,3.0,0.0,0.0,0.0,35.34,85.54,1.0,1,0,0
23.0,0,2.43,13.0,1.0,9.0,0.0,1.0,1.0,3.42,78.12,1.0,1,0,0
34.0,0,5.67,15.0,2.0,4.0,1.0,1.0,1.0,5.47,72.23,1.0,0,1,0
43.0,1,8.98,12.0,7.0,7.0,1.0,0.0,0.0,12.98,6.63,1.0,1,0,0
38.0,1,18.25,3.0,2.0,9.0,0.0,0.0,1.0,14.6,9.74,1.0,0,1,0
25.0,0,11.47,8.0,12.0,8.0,1.0,1.0,1.0,8.72,46.48,1.0,0,1,0
38.0,0,25.48,1.0,14.0,0.0,0.0,1.0,1.0,15.47,55.58,1.0,0,0,1
28.0,1,21.78,18.0,14.0,8.0,0.0,1.0,0.0,16.24,72.34,1.0,0,0,1
55.0,1,3.91,13.0,10.0,4.0,1.0,1.0,0.0,4.98,35.59,1.0,0,1,0
25.0,1,19.11,7.0,1.0,3.0,1.0,1.0,0.0,17.27,2.29,1.0,0,1,0
59.0,0,4.28,13.0,5.0,9.0,0.0,1.0,1.0,2.77,3.61,1.0,0,1,0
41.0,1,8.4,17.0,1.0,4.0,0.0,0.0,1.0,5.1,85.48,1.0,0,1,0
52.0,1,6.16,13.0,13.0,8.0,0.0,1.0,1.0,6.1,12.86,1.0,0,1,0
31.0,1,6.02,13.0,1.0,7.0,0.0,0.0,0.0,6.26,93.69,1.0,0,1,0
31.0,1,18.88,11.0,14.0,9.0,1.0,0.0,0.0,24.44,33.26,1.0,0,0,1
27.0,1,17.34,14.0,10.0,4.0,1.0,1.0,1.0,21.06,58.37,1.0,1,0,0
29.0,0,6.1,10.0,1.0,9.0,1.0,0.0,0.0,4.07,16.86,1.0,0,1,0
55.0,0,29.72,8.0,3.0,4.0,1.0,0.0,1.0,23.09,45.4,1.0,0,1,0
51.0,1,13.23,6.0,13.0,0.0,0.0,0.0,0.0,15.79,87.58,1.0,0,1,0
58.0,1,3.82,19.0,6.0,8.0,0.0,0.0,1.0,2.6,98.41,1.0,0,1,0
27.0,0,4.5,19.0,14.0,2.0,1.0,0.0,0.0,5.86,76.65,1.0,0,1,0
34.0,1,17.93,12.0,5.0,0.0,0.0,1.0,1.0,20.75,76.46,1.0,1,0,0
34.0,0,29.39,10.0,4.0,4.0,0.0,1.0,0.0,30.46,88.53,1.0,0,1,0
20.0,1,17.59,18.0,3.0,9.0,1.0,0.0,1.0,20.13,24.49,1.0,1,0,0
48.0,0,28.52,18.0,1.0,2.0,0.0,0.0,0.0,17.1,73.63,1.0,1,0,0
18.0,0,13.88,3.0,10.0,5.0,0.0,1.0,1.0,14.55,55.83,1.0,0,1,0
29.0,1,13.64,9.0,7.0,6.0,0.0,1.0,1.0,12.98,26.17,1.0,0,1,0
56.0,0,15.5,6.0,12.0,3.0,1.0,1.0,1.0,15.7,5.55,1.0,1,0,0
21.0,1,21.23,1.0,11.0,3.0,0.0,1.0,0.0,17.78,20.08,1.0,0,0,1
59.0,0,11.66,10.0,1.0,1.0,1.0,0.0,0.0,11.29,65.02,1.0,1,0,0
30.0,1,26.05,8.0,14.0,1.0,1.0,0.0,0.0,36.03,56.98,1.0,0,1,0
51.0,1,1.85,17.0,14.0,6.0,0.0,1.0,1.0,1.56,6.93,1.0,0,1,0
59.0,1,13.75,3.0,10.0,4.0,1.0,0.0,1.0,7.49,56.23,1.0,0,1,0
38.0,0,15.82,3.0,7.0,4.0,1.0,0.0,0.0,11.97,39.06,1.0,0,0,1
39.0,1,18.6,3.0,9.0,1.0,0.0,1.0,1.0,17.75,1.49,1.0,1,0,0
21.0,1,9.01,7.0,13.0,6.0,1.0,1.0,0.0,9.31,90.95,1.0,1,0,0
35.0,1,13.4,11.0,3.0,1.0,0.0,0.0,1.0,12.42,25.84,1.0,0,1,0
22.0,0,15.05,18.0,11.0,4.0,1.0,1.0,1.0,19.97,55.34,1.0,1,0,0
36.0,1,20.92,5.0,4.0,4.0,1.0,0.0,0.0,29.61,58.91,1.0,0,1,0
19.0,0,23.43,2.0,14.0,2.0,0.0,1.0,1.0,23.12,49.88,1.0,0,1,0
29.0,0,22.4,14.0,10.0,1.0,1.0,0.0,1.0,12.9,23.96,1.0,0,1,0
34.0,0,10.91,1.0,0.0,2.0,0.0,1.0,1.0,10.05,40.74,1.0,0,0,1
27.0,1,29.98,4.0,1.0,4.0,0.0,0.0,1.0,20.42,29.03,1.0,1,0,0
51.0,1,25.61,14.0,10.0,5.0,1.0,1.0,1.0,20.07,43.36,1.0,0,1,0
23.0,0,8.54,15.0,7.0,3.0,0.0,1.0,1.0,11.38,8.27,1.0,1,0,0
25.0,1,6.66,17.0,0.0,6.0,0.0,0.0,1.0,6.9,16.59,1.0,0,1,0
28.0,1,10.11,3.0,2.0,1.0,1.0,1.0,0.0,13.43,13.75,1.0,0,1,0
29.0,0,14.12,4.0,1.0,5.0,1.0,0.0,0.0,20.98,59.5,1.0,0,1,0
26.0,0,25.67,18.0,9.0,8.0,0.0,1.0,1.0,26.83,65.59,1.0,0,1,0
19.0,1,23.57,1.0,4.0,9.0,0.0,0.0,1.0,33.29,91.4,1.0,0,1,0
25.0,0,25.69,5.0,11.0,5.0,0.0,1.0,1.0,30.4,26.22,1.0,0,1,0
28.0,1,8.89,18.0,3.0,3.0,0.0,1.0,1.0,5.35,39.35,1.0,1,0,0
53.0,0,18.21,13.0,3.0,8.0,0.0,0.0,0.0,16.71,62.24,1.0,0,1,0
27.0,1,9.21,14.0,12.0,5.0,0.0,0.0,1.0,10.67,97.18,1.0,1,0,0
38.0,1,4.16,3.0,7.0,3.0,1.0,0.0,0.0,5.01,39.15,1.0,0,1,0
37.0,0,20.84,6.0,10.0,0.0,0.0,1.0,0.0,28.36,28.96,1.0,1,0,0
25.0,1,5.15,11.0,3.0,8.0,0.0,0.0,1.0,5.86,38.78,1.0,1,0,0
53.0,1,20.36,9.0,3.0,9.0,1.0,1.0,0.0,12.01,30.93,1.0,1,0,0
46.0,0,19.79,19.0,5.0,2.0,0.0,0.0,1.0,12.71,8.51,1.0,0,1,0
59.0,1,24.5,7.0,1.0,5.0,1.0,0.0,0.0,20.29,34.6,1.0,1,0,0
29.0,1,5.05,10.0,12.0,0.0,1.0,1.0,0.0,4.01,58.53,1.0,0,1,0
31.0,1,23.72,7.0,12.0,5.0,0.0,1.0,1.0,17.12,18.28,1.0,1,0,0
38.0,0,29.98,5.0,14.0,2.0,0.0,0.0,0.0,33.5,83.37,1.0,0,1,0
39.0,0,25.68,4.0,3.0,2.0,0.0,0.0,0.0,23.87,73.54,1.0,0,1,0
38.0,0,22.8,17.0,13.0,6.0,1.0,1.0,1.0,27.02,55.86,1.0,0,1,0
47.0,0,15.74,5.0,6.0,8.0,1.0,1.0,0.0,17.92,73.75,1.0,1,0,0
56.0,0,13.23,17.0,6.0,5.0,1.0,0.0,0.0,10.24,31.67,1.0,0,1,0
37.0,1,22.18,17.0,0.0,0.0,0.0,1.0,1.0,23.3,20.01,1.0,0,0,1
41.0,1,22.0,17.0,9.0,8.0,1.0,1.0,0.0,13.13,84.23,1.0,0,0,1
40.0,1,19.31,1.0,7.0,4.0,1.0,0.0,1.0,28.75,81.88,1.0,1,0,0
24.0,0,24.09,2.0,8.0,1.0,0.0,1.0,1.0,27.84,73.6,1.0,0,1,0
26.0,1,14.01,19.0,6.0,2.0,1.0,0.0,1.0,8.72,25.63,1.0,1,0,0
18.0,0,4.52,9.0,10.0,4.0,1.0,1.0,0.0,5.07,34.37,1.0,0,1,0
43.0,1,17.21,15.0,5.0,1.0,1.0,0.0,1.0,9.89,49.5,1.0,0,1,0
55.0,0,8.69,19.0,13.0,2.0,1.0,1.0,0.0,8.74,18.42,1.0,0,0,1
55.0,1,12.15,5.0,1.0,7.0,0.0,0.0,0.0,9.61,76.0,1.0,0,0,1
39.0,1,1.51,13.0,5.0,5.0,1.0,1.0,0.0,1.81,18.47,1.0,0,0,1
27.0,0,12.1,4.0,4.0,1.0,1.0,1.0,1.0,11.94,22.18,1.0,0,1,0
23.0,1,24.46,13.0,8.0,1.0,0.0,0.0,1.0,31.45,4.82,1.0,0,1,0
34.0,1,16.74,6.0,11.0,0.0,1.0,1.0,0.0,12.22,66.33,1.0,0,1,0
55.0,0,1.28,12.0,0.0,6.0,0.0,0.0,1.0,1.48,92.9,1.0,0,1,0
41.0,1,14.63,9.0,4.0,5.0,0.0,1.0,1.0,17.38,48.38,1.0,0,1,0
27.0,1,9.45,15.0,2.0,5.0,1.0,1.0,0.0,9.24,89.78,1.0,0,1,0
25.0,1,14.85,15.0,8.0,4.0,1.0,0.0,1.0,20.17,84.1,1.0,1,0,0
38.0,0,12.74,17.0,11.0,2.0,1.0,1.0,1.0,8.24,79.47,1.0,1,0,0
23.0,0,28.03,5.0,0.0,7.0,0.0,0.0,0.0,35.27,16.76,1.0,1,0,0
38.0,0,2.19,5.0,5.0,2.0,1.0,0.0,0.0,1.38,37.73,1.0,1,0,0
56.0,0,20.82,5.0,2.0,4.0,1.0,0.0,0.0,13.68,66.38,1.0,0,1,0
41.0,1,25.68,14.0,0.0,7.0,0.0,0.0,1.0,18.01,34.44,1.0,0,1,0
50.0,0,28.82,2.0,10.0,2.0,1.0,1.0,1.0,33.46,71.09,1.0,1,0,0
35.0,0,6.15,9.0,14.0,4.0,0.0,1.0,0.0,7.0,28.73,1.0,0,1,0
45.0,1,16.41,14.0,2.0,5.0,0.0,1.0,1.0,15.52,39.26,1.0,0,1,0
49.0,1,2.26,15.0,14.0,0.0,0.0,1.0,1.0,1.84,73.15,1.0,0,1,0
29.0,1,15.48,4.0,1.0,1.0,1.0,0.0,1.0,17.23,11.79,1.0,0,1,0
59.0,1,4.64,6.0,9.0,6.0,0.0,0.0,1.0,2.99,78.68,1.0,1,0,0
44.0,1,25.3,14.0,11.0,8.0,1.0,1.0,1.0,28.56,71.26,1.0,1,0,0
27.0,0,4.3,5.0,11.0,9.0,1.0,0.0,1.0,2.2,44.96,1.0,0,0,1
59.0,1,15.89,11.0,11.0,3.0,1.0,0.0,0.0,10.24,43.75,1.0,0,1,0
49.0,0,16.11,14.0,7.0,4.0,0.0,1.0,0.0,19.46,90.67,1.0,0,1,0
59.0,1,29.18,7.0,2.0,3.0,0.0,0.0,0.0,40.09,71.63,1.0,1,0,0
43.0,0,19.99,14.0,10.0,2.0,0.0,0.0,1.0,11.51,62.02,1.0,0,1,0
42.0,1,9.35,13.0,6.0,9.0,0.0,1.0,1.0,10.65,86.42,1.0,0,1,0
28.0,0,7.98,18.0,9.0,1.0,1.0,0.0,0.0,4.48,33.16,1.0,0,0,1
40.0,0,4.72,2.0,5.0,2.0,1.0,0.0,1.0,6.51,28.67,1.0,1,0,0
51.0,0,22.94,9.0,14.0,1.0,0.0,0.0,1.0,20.45,20.98,1.0,0,0,1
57.0,0,21.03,11.0,6.0,7.0,0.0,1.0,1.0,26.1,52.02,1.0,0,1,0
40.0,0,18.69,11.0,10.0,0.0,0.0,0.0,1.0,14.3,98.81,1.0,0,1,0
46.0,0,2.18,6.0,6.0,4.0,1.0,1.0,0.0,2.97,92.85,1.0,1,0,0
48.0,0,23.12,1.0,9.0,0.0,1.0,0.0,1.0,21.48,45.53,1.0,0,1,0
24.0,0,19.61,5.0,0.0,4.0,0.0,0.0,1.0,13.9,11.13,1.0,1,0,0
57.0,0,28.95,14.0,3.0,2.0,1.0,1.0,1.0,31.05,87.46,1.0,0,1,0
50.0,0,18.03,16.0,3.0,8.0,0.0,1.0,1.0,14.21,92.26,1.0,1,0,0
38.0,1,9.81,9.0,4.0,0.0,0.0,0.0,1.0,7.72,17.14,1.0,1,0,0
19.0,0,12.06,10.0,13.0,9.0,0.0,1.0,0.0,7.41,88.35,1.0,0,1,0
35.0,0,6.1,8.0,9.0,0.0,0.0,1.0,1.0,4.35,44.63,1.0,0,1,0
50.0,1,15.74,8.0,4.0,5.0,1.0,1.0,0.0,28.5,1.17,1.0,1,0,0
54.0,0,15.74,16.0,7.0,2.0,0.0,0.0,0.0,22.03,94.31,1.0,1,0,0
51.0,0,6.82,18.0,3.0,6.0,0.0,0.0,1.0,5.83,4.28,1.0,0,1,0
37.0,1,5.6,8.0,12.0,9.0,1.0,0.0,1.0,8.0,3.46,1.0,1,0,0
52.0,1,3.23,9.0,0.0,4.0,0.0,0.0,1.0,14.3,96.35,1.0,0,1,0
35.0,0,27.45,5.0,14.0,1.0,0.0,1.0,0.0,14.3,21.46,1.0,0,1,0
41.0,1,7.76,2.0,4.0,6.0,1.0,1.0,1.0,14.3,55.56,1.0,0,1,0
25.0,0,10.98,14.0,0.0,6.0,1.0,0.0,0.0,7.51,94.27,1.0,0,0,1
47.0,0,9.13,18.0,11.0,2.0,1.0,1.0,0.0,10.73,94.0,1.0,0,1,0
27.0,0,13.0,13.0,2.0,5.0,1.0,1.0,1.0,13.82,17.41,1.0,0,1,0
40.0,1,21.71,12.0,14.0,4.0,0.0,1.0,1.0,32.15,51.35,1.0,1,0,0
28.0,0,26.25,15.0,7.0,0.0,0.0,1.0,1.0,13.48,0.7,1.0,0,1,0
19.0,0,6.3,15.0,9.0,0.0,0.0,0.0,1.0,8.67,9.04,1.0,0,1,0
43.0,1,20.91,1.0,14.0,1.0,0.0,1.0,0.0,10.75,94.81,1.0,0,1,0
53.0,0,11.22,7.0,4.0,6.0,1.0,1.0,0.0,10.38,41.52,1.0,1,0,0
50.0,0,29.44,13.0,6.0,2.0,1.0,1.0,0.0,41.7,15.02,1.0,0,1,0
30.0,0,9.67,18.0,13.0,8.0,0.0,1.0,0.0,11.2,63.14,1.0,1,0,0
57.0,0,1.21,1.0,0.0,2.0,1.0,0.0,0.0,1.31,17.33,1.0,1,0,0
42.0,0,15.95,11.0,5.0,9.0,1.0,0.0,1.0,12.98,98.01,1.0,1,0,0
21.0,0,5.37,13.0,11.0,3.0,0.0,0.0,0.0,7.87,67.08,1.0,1,0,0
59.0,1,2.29,9.0,13.0,7.0,0.0,0.0,1.0,1.53,36.87,1.0,0,1,0
36.0,0,21.25,16.0,7.0,3.0,1.0,0.0,0.0,16.36,38.12,1.0,0,1,0
35.0,0,22.24,11.0,5.0,6.0,1.0,1.0,0.0,21.19,91.69,1.0,1,0,0
54.0,1,14.36,3.0,3.0,5.0,1.0,1.0,0.0,8.99,89.5,1.0,0,0,1
47.0,0,20.63,17.0,10.0,5.0,0.0,1.0,1.0,19.05,49.5,1.0,0,1,0
36.0,0,16.61,2.0,7.0,7.0,0.0,0.0,0.0,8.96,45.36,1.0,0,1,0
40.0,1,19.26,9.0,14.0,3.0,1.0,0.0,0.0,27.43,85.07,1.0,0,1,0
33.0,1,18.3,9.0,7.0,5.0,1.0,1.0,0.0,15.05,48.48,1.0,0,1,0
18.0,1,20.31,16.0,13.0,9.0,0.0,0.0,0.0,23.03,63.3,1.0,0,1,0
29.0,1,6.79,1.0,13.0,1.0,1.0,1.0,0.0,9.31,50.74,1.0,0,1,0
41.0,1,8.79,17.0,5.0,8.0,1.0,1.0,1.0,11.59,60.82,1.0,0,1,0
51.0,1,13.76,10.0,7.0,8.0,1.0,0.0,0.0,18.9,50.95,1.0,0,1,0
25.0,1,13.94,5.0,11.0,9.0,1.0,1.0,0.0,17.01,15.48,1.0,0,1,0
35.0,0,23.46,8.0,5.0,9.0,0.0,1.0,0.0,16.28,10.84,1.0,1,0,0
22.0,0,11.65,13.0,14.0,5.0,0.0,1.0,0.0,10.1,94.11,1.0,1,0,0
43.0,0,5.71,5.0,3.0,5.0,1.0,0.0,1.0,5.78,50.97,1.0,0,0,1
47.0,1,8.29,4.0,10.0,9.0,0.0,0.0,0.0,6.94,94.19,1.0,0,1,0
30.0,0,7.23,8.0,11.0,6.0,0.0,0.0,0.0,10.52,68.58,1.0,0,1,0
36.0,1,22.22,7.0,7.0,3.0,1.0,1.0,1.0,29.04,8.9,1.0,0,0,1
46.0,0,14.64,5.0,14.0,6.0,0.0,0.0,0.0,19.02,20.16,1.0,1,0,0
20.0,0,21.55,10.0,8.0,9.0,1.0,1.0,0.0,18.56,76.77,1.0,0,1,0
43.0,0,13.07,17.0,7.0,0.0,1.0,1.0,1.0,16.4,17.78,1.0,0,1,0
57.0,0,26.8,6.0,14.0,6.0,0.0,0.0,1.0,29.86,0.77,1.0,0,1,0
29.0,1,29.52,10.0,13.0,0.0,1.0,0.0,1.0,25.84,11.18,1.0,0,1,0
19.0,1,20.43,16.0,6.0,7.0,0.0,1.0,1.0,16.51,47.67,1.0,0,1,0
28.0,0,26.05,10.0,4.0,9.0,1.0,0.0,1.0,33.57,16.33,1.0,0,0,1
45.0,1,15.73,4.0,12.0,5.0,1.0,0.0,0.0,17.25,4.5,1.0,0,1,0
35.0,1,28.1,2.0,6.0,0.0,1.0,1.0,0.0,15.09,74.36,1.0,1,0,0
30.0,0,25.12,1.0,0.0,0.0,0.0,0.0,0.0,13.11,97.21,1.0,1,0,0
54.0,1,29.76,3.0,7.0,3.0,1.0,1.0,0.0,39.94,97.85,1.0,1,0,0
39.0,1,19.07,13.0,4.0,6.0,0.0,0.0,0.0,11.25,90.0,1.0,1,0,0
29.0,1,23.6,12.0,6.0,4.0,1.0,0.0,1.0,24.06,1.92,1.0,0,0,1
19.0,1,16.74,1.0,6.0,4.0,1.0,1.0,0.0,18.56,24.01,1.0,0,1,0
54.0,0,8.51,10.0,7.0,7.0,1.0,1.0,0.0,12.05,13.77,1.0,0,0,1
24.0,0,11.29,6.0,6.0,1.0,1.0,1.0,1.0,11.45,64.02,1.0,1,0,0
43.0,1,26.93,9.0,5.0,3.0,1.0,1.0,0.0,18.69,84.96,1.0,0,1,0
43.0,0,2.62,1.0,11.0,3.0,0.0,0.0,1.0,1.99,57.19,1.0,1,0,0
41.0,0,18.15,12.0,5.0,7.0,1.0,0.0,0.0,14.3,34.67,1.0,1,0,0
29.0,0,11.8,5.0,4.0,5.0,1.0,0.0,0.0,8.52,91.19,1.0,0,0,1
33.0,1,12.21,1.0,4.0,9.0,0.0,1.0,1.0,16.06,50.52,1.0,0,1,0
40.0,1,26.65,2.0,3.0,8.0,1.0,0.0,1.0,33.5,17.47,1.0,0,1,0
57.0,0,25.76,14.0,6.0,9.0,0.0,1.0,1.0,14.99,53.34,1.0,0,1,0
26.0,0,18.37,2.0,12.0,8.0,0.0,1.0,0.0,18.0,1.81,1.0,0,1,0
49.0,1,8.91,5.0,11.0,3.0,0.0,1.0,0.0,7.14,3.85,1.0,0,1,0
32.0,0,14.79,10.0,10.0,9.0,0.0,0.0,1.0,17.01,62.76,1.0,0,1,0
54.0,1,12.84,6.0,13.0,6.0,0.0,0.0,1.0,18.76,72.33,1.0,1,0,0
30.0,0,11.25,5.0,2.0,2.0,0.0,1.0,1.0,12.72,13.83,1.0,0,1,0
22.0,1,3.98,2.0,4.0,5.0,0.0,1.0,0.0,4.96,53.34,1.0,0,1,0
28.0,1,16.75,9.0,14.0,0.0,0.0,1.0,0.0,15.04,77.26,1.0,0,1,0
27.0,1,9.75,10.0,2.0,4.0,0.0,0.0,1.0,5.19,88.23,1.0,0,1,0
30.0,1,20.16,8.0,7.0,5.0,0.0,1.0,0.0,18.51,47.4,1.0,0,1,0
58.0,0,10.26,6.0,14.0,4.0,0.0,1.0,0.0,10.37,12.22,1.0,0,1,0
32.0,1,13.5,5.0,4.0,6.0,0.0,1.0,1.0,13.4,6.92,1.0,0,1,0
59.0,0,2.52,18.0,14.0,3.0,1.0,0.0,0.0,1.85,85.66,1.0,0,1,0
24.0,1,29.78,18.0,10.0,4.0,1.0,0.0,1.0,29.04,7.76,1.0,0,1,0
57.0,1,15.72,2.0,12.0,5.0,1.0,1.0,1.0,19.15,81.78,1.0,0,1,0
45.0,0,1.7,12.0,9.0,8.0,0.0,1.0,1.0,1.38,43.69,1.0,0,1,0
49.0,0,16.7,8.0,5.0,1.0,0.0,1.0,1.0,18.94,43.64,1.0,0,1,0
52.0,0,26.24,4.0,0.0,0.0,1.0,0.0,1.0,17.14,51.86,1.0,0,1,0
32.0,1,23.4,4.0,13.0,3.0,0.0,0.0,0.0,18.21,13.58,1.0,1,0,0
53.0,1,21.33,9.0,10.0,5.0,0.0,1.0,0.0,29.52,74.25,1.0,1,0,0
38.0,0,5.04,9.0,3.0,9.0,1.0,0.0,1.0,5.68,30.0,1.0,0,1,0
23.0,1,20.07,12.0,8.0,7.0,0.0,1.0,1.0,11.76,59.78,1.0,0,1,0
18.0,0,23.22,14.0,14.0,3.0,1.0,0.0,0.0,17.75,0.53,1.0,1,0,0
21.0,1,17.6,3.0,14.0,0.0,1.0,1.0,1.0,26.29,28.15,1.0,0,1,0
28.0,1,26.89,6.0,4.0,8.0,0.0,0.0,1.0,20.71,4.05,1.0,1,0,0
43.0,1,9.03,15.0,14.0,2.0,0.0,1.0,1.0,9.76,31.36,1.0,0,0,1
54.0,0,8.02,19.0,0.0,5.0,0.0,1.0,1.0,8.42,12.62,1.0,1,0,0
40.0,1,26.22,4.0,14.0,9.0,1.0,1.0,0.0,23.66,7.0,1.0,1,0,0
46.0,0,19.14,1.0,3.0,7.0,0.0,0.0,1.0,10.22,84.8,1.0,1,0,0
38.0,0,1.04,9.0,11.0,4.0,0.0,1.0,1.0,0.82,36.49,1.0,1,0,0
44.0,1,11.24,16.0,5.0,6.0,0.0,1.0,1.0,16.34,82.53,1.0,1,0,0
56.0,0,25.88,9.0,6.0,9.0,1.0,1.0,1.0,13.44,89.27,1.0,1,0,0
57.0,0,1.79,12.0,6.0,8.0,0.0,1.0,1.0,2.18,50.61,1.0,1,0,0
30.0,1,1.09,14.0,7.0,0.0,0.0,0.0,1.0,1.52,56.78,1.0,0,1,0
40.0,0,9.16,15.0,4.0,7.0,1.0,0.0,1.0,11.56,64.66,1.0,0,1,0
33.0,0,27.51,16.0,5.0,1.0,0.0,1.0,0.0,22.65,64.47,1.0,1,0,0
47.0,1,27.14,8.0,10.0,0.0,0.0,0.0,1.0,27.7,53.02,1.0,0,1,0
21.0,1,16.04,10.0,10.0,3.0,1.0,1.0,1.0,21.94,59.43,1.0,1,0,0
57.0,1,17.04,14.0,1.0,5.0,0.0,0.0,0.0,25.14,44.11,1.0,0,0,1
33.0,0,10.63,17.0,13.0,7.0,0.0,1.0,1.0,6.35,91.61,1.0,1,0,0
48.0,0,8.07,3.0,11.0,0.0,0.0,1.0,1.0,5.04,72.13,1.0,0,0,1
59.0,1,24.64,4.0,9.0,0.0,1.0,1.0,1.0,35.87,31.49,1.0,1,0,0
42.0,0,4.08,16.0,11.0,9.0,1.0,1.0,0.0,5.6,33.5,1.0,0,1,0
29.0,1,15.13,14.0,1.0,1.0,1.0,1.0,0.0,10.76,45.52,1.0,1,0,0
43.0,1,19.4,14.0,13.0,8.0,1.0,1.0,1.0,28.52,3.17,1.0,0,1,0
54.0,1,4.01,16.0,2.0,3.0,0.0,0.0,1.0,2.84,99.14,1.0,0,1,0
50.0,0,16.07,8.0,7.0,6.0,1.0,0.0,0.0,9.46,46.78,1.0,0,1,0
45.0,0,17.75,18.0,5.0,2.0,0.0,0.0,1.0,20.98,77.51,1.0,0,1,0
26.0,1,22.53,7.0,5.0,0.0,0.0,1.0,1.0,23.43,15.82,1.0,0,1,0
29.0,1,7.81,3.0,2.0,0.0,0.0,0.0,1.0,5.78,60.92,1.0,0,1,0
22.0,0,9.51,6.0,0.0,8.0,0.0,1.0,0.0,13.58,38.17,1.0,1,0,0
45.0,1,17.52,16.0,2.0,3.0,1.0,1.0,0.0,15.84,88.99,1.0,1,0,0
52.0,0,29.51,4.0,3.0,2.0,0.0,1.0,1.0,26.64,93.25,1.0,0,1,0
22.0,1,7.31,19.0,8.0,4.0,1.0,0.0,1.0,8.27,62.48,1.0,0,1,0
51.0,1,29.59,2.0,9.0,0.0,1.0,1.0,0.0,21.62,49.5,1.0,1,0,0
51.0,0,21.72,4.0,7.0,2.0,1.0,0.0,1.0,23.61,46.66,1.0,1,0,0
30.0,0,24.96,2.0,12.0,3.0,0.0,1.0,1.0,21.57,1.69,1.0,0,0,1
56.0,0,3.6,7.0,3.0,5.0,1.0,0.0,0.0,4.3,51.8,1.0,0,1,0
59.0,0,9.71,15.0,6.0,8.0,0.0,1.0,0.0,7.26,50.14,1.0,1,0,0
31.0,0,2.67,17.0,12.0,2.0,0.0,0.0,1.0,1.83,41.73,1.0,0,1,0
28.0,1,11.77,14.0,12.0,3.0,1.0,0.0,1.0,8.83,33.7,1.0,1,0,0
59.0,1,29.46,11.0,8.0,4.0,0.0,0.0,1.0,42.3,57.9,1.0,0,1,0
55.0,1,4.05,17.0,1.0,5.0,1.0,0.0,1.0,5.46,17.68,1.0,0,1,0
21.0,0,17.31,5.0,2.0,8.0,0.0,0.0,0.0,23.0,2.63,1.0,0,1,0
50.0,1,1.18,14.0,0.0,2.0,0.0,0.0,1.0,1.51,78.67,1.0,0,1,0
24.0,1,21.67,17.0,7.0,2.0,0.0,1.0,1.0,24.64,78.56,1.0,0,1,0
58.0,0,6.72,2.0,1.0,6.0,0.0,0.0,1.0,4.02,57.94,1.0,1,0,0
25.0,1,4.76,7.0,6.0,8.0,1.0,1.0,1.0,3.93,83.01,1.0,1,0,0
54.0,1,10.77,4.0,6.0,0.0,1.0,0.0,0.0,11.44,51.29,1.0,0,1,0
27.0,0,23.36,8.0,10.0,0.0,1.0,1.0,1.0,14.15,0.65,1.0,0,1,0
32.0,1,4.09,1.0,2.0,1.0,0.0,0.0,1.0,2.17,14.83,1.0,0,1,0
55.0,1,7.67,10.0,1.0,5.0,0.0,1.0,0.0,4.55,45.96,1.0,0,0,1
32.0,0,1.25,1.0,2.0,2.0,0.0,1.0,0.0,0.76,86.23,0.0,0,1,0
22.0,1,29.08,1.0,11.0,7.0,1.0,1.0,1.0,17.73,22.56,1.0,0,1,0
46.0,1,18.17,4.0,7.0,4.0,1.0,0.0,0.0,12.54,3.4,1.0,0,1,0
36.0,1,21.88,17.0,11.0,2.0,1.0,0.0,0.0,21.86,41.25,1.0,1,0,0
27.0,0,19.89,5.0,8.0,7.0,1.0,0.0,0.0,15.62,6.67,1.0,0,1,0
29.0,1,5.19,14.0,10.0,7.0,1.0,1.0,0.0,14.3,55.04,1.0,0,1,0
21.0,1,18.25,6.0,7.0,1.0,0.0,0.0,1.0,25.11,5.56,1.0,1,0,0
48.0,1,4.81,7.0,10.0,4.0,1.0,1.0,0.0,6.83,1.66,1.0,1,0,0
35.0,1,12.64,8.0,1.0,2.0,0.0,0.0,0.0,12.28,94.32,1.0,1,0,0
33.0,1,17.5,18.0,11.0,6.0,1.0,1.0,1.0,22.3,66.53,1.0,0,1,0
57.0,1,17.21,4.0,12.0,1.0,0.0,0.0,0.0,18.78,11.95,1.0,0,1,0
53.0,1,4.45,3.0,8.0,8.0,0.0,0.0,1.0,2.87,55.62,1.0,0,0,1
42.0,0,2.0,4.0,5.0,1.0,1.0,0.0,0.0,2.27,25.84,1.0,1,0,0
40.0,0,24.15,16.0,11.0,1.0,0.0,1.0,1.0,32.29,76.11,1.0,0,1,0
29.0,1,22.05,13.0,1.0,5.0,0.0,1.0,0.0,18.7,81.42,1.0,0,1,0
51.0,0,3.37,11.0,8.0,2.0,0.0,0.0,1.0,4.2,50.76,1.0,0,1,0
53.0,0,4.7,11.0,4.0,2.0,0.0,0.0,0.0,5.99,40.95,1.0,0,1,0
54.0,1,26.88,5.0,14.0,9.0,0.0,1.0,1.0,30.74,31.72,1.0,1,0,0
20.0,0,23.3,1.0,5.0,1.0,0.0,1.0,1.0,32.23,3.28,1.0,0,0,1
26.0,0,29.89,14.0,0.0,4.0,0.0,0.0,0.0,19.27,56.07,1.0,0,1,0
35.0,0,8.37,19.0,11.0,4.0,0.0,0.0,1.0,11.24,50.89,1.0,0,1,0
52.0,0,15.15,5.0,12.0,6.0,0.0,0.0,1.0,16.83,21.3,1.0,1,0,0
51.0,1,7.86,6.0,13.0,7.0,1.0,1.0,0.0,10.66,53.21,1.0,0,1,0
58.0,0,19.06,19.0,1.0,7.0,1.0,1.0,1.0,19.68,46.76,1.0,0,0,1
31.0,1,4.35,12.0,0.0,2.0,0.0,0.0,0.0,3.6,26.07,1.0,1,0,0
21.0,1,4.69,14.0,3.0,5.0,1.0,1.0,1.0,6.55,74.31,1.0,0,0,1
46.0,0,3.08,17.0,1.0,4.0,0.0,0.0,0.0,4.24,24.59,1.0,0,1,0
58.0,1,21.11,7.0,12.0,3.0,1.0,0.0,0.0,16.21,45.1,1.0,0,1,0
32.0,1,15.33,1.0,0.0,9.0,1.0,1.0,1.0,19.07,53.34,1.0,0,1,0
45.0,1,18.91,17.0,2.0,5.0,1.0,0.0,0.0,11.18,81.13,1.0,0,1,0
59.0,0,26.5,6.0,3.0,3.0,1.0,0.0,0.0,15.53,42.05,1.0,0,1,0
33.0,0,22.47,4.0,3.0,7.0,1.0,0.0,1.0,22.73,20.7,1.0,0,0,1
29.0,1,14.39,14.0,2.0,8.0,0.0,1.0,1.0,7.71,1.48,1.0,1,0,0
22.0,0,29.55,8.0,1.0,0.0,0.0,0.0,0.0,27.59,25.21,1.0,1,0,0
51.0,0,14.23,18.0,11.0,0.0,0.0,1.0,0.0,18.37,75.05,1.0,0,1,0
59.0,0,4.26,13.0,7.0,3.0,0.0,1.0,1.0,5.92,82.05,1.0,1,0,0
18.0,0,29.79,8.0,9.0,5.0,0.0,0.0,1.0,22.48,60.07,1.0,1,0,0
56.0,1,1.66,16.0,12.0,7.0,0.0,1.0,1.0,0.96,94.83,1.0,0,1,0
49.0,1,16.95,5.0,10.0,0.0,1.0,0.0,0.0,19.16,52.22,1.0,0,0,1
43.0,1,9.96,3.0,1.0,2.0,0.0,1.0,0.0,7.62,47.93,1.0,0,1,0
34.0,0,15.6,13.0,4.0,3.0,0.0,1.0,1.0,8.17,83.28,1.0,0,1,0
44.0,1,17.2,15.0,6.0,9.0,1.0,0.0,1.0,10.86,16.7,1.0,0,1,0
41.0,0,7.96,4.0,8.0,1.0,1.0,0.0,0.0,11.45,1.51,1.0,1,0,0
52.0,0,17.15,3.0,11.0,8.0,1.0,1.0,1.0,23.58,88.18,1.0,1,0,0
59.0,0,15.74,2.0,2.0,2.0,1.0,1.0,1.0,30.49,53.41,1.0,0,1,0
56.0,1,15.74,4.0,0.0,3.0,0.0,0.0,0.0,7.33,74.49,1.0,0,1,0
43.0,1,12.12,6.0,14.0,3.0,0.0,0.0,0.0,14.72,62.89,1.0,0,1,0
55.0,1,8.78,4.0,7.0,0.0,1.0,1.0,1.0,12.79,66.39,1.0,0,1,0
40.0,1,24.8,17.0,0.0,4.0,0.0,1.0,1.0,26.48,58.73,1.0,0,1,0
39.0,0,22.02,7.0,7.0,4.0,0.0,0.0,1.0,18.34,72.52,1.0,0,1,0
21.0,1,26.26,18.0,1.0,1.0,0.0,0.0,0.0,34.12,11.35,1.0,0,1,0
26.0,1,5.93,10.0,6.0,0.0,1.0,1.0,1.0,5.52,25.09,1.0,1,0,0
21.0,1,3.13,17.0,11.0,5.0,1.0,0.0,0.0,3.37,47.91,1.0,0,1,0
24.0,1,4.46,4.0,2.0,4.0,1.0,1.0,1.0,4.64,71.65,1.0,1,0,0
40.0,0,5.67,19.0,5.0,6.0,0.0,0.0,1.0,4.07,30.85,1.0,0,1,0
19.0,1,16.46,7.0,5.0,9.0,1.0,1.0,0.0,8.24,80.72,1.0,0,1,0
41.0,1,29.16,13.0,3.0,9.0,1.0,1.0,1.0,43.71,6.53,1.0,0,1,0
57.0,1,11.36,3.0,7.0,1.0,1.0,1.0,1.0,10.42,79.09,1.0,0,1,0
48.0,0,28.8,8.0,7.0,7.0,0.0,1.0,1.0,22.57,69.91,1.0,0,1,0
48.0,1,2.11,11.0,11.0,4.0,1.0,0.0,1.0,2.67,6.53,1.0,1,0,0
57.0,1,27.88,16.0,4.0,4.0,1.0,1.0,1.0,30.46,3.16,1.0,0,0,1
51.0,1,6.25,10.0,6.0,8.0,0.0,0.0,0.0,8.63,83.99,1.0,0,1,0
41.0,0,27.46,9.0,12.0,1.0,0.0,0.0,0.0,35.18,14.48,1.0,0,1,0
43.0,0,2.63,10.0,4.0,9.0,0.0,0.0,1.0,2.06,25.33,1.0,0,0,1
33.0,1,28.5,10.0,12.0,5.0,0.0,0.0,0.0,31.13,89.63,1.0,0,1,0
30.0,1,6.82,3.0,11.0,4.0,0.0,0.0,0.0,6.84,34.29,1.0,1,0,0
32.0,0,9.78,10.0,3.0,0.0,1.0,1.0,0.0,14.23,53.04,1.0,0,0,1
44.0,0,15.24,6.0,5.0,4.0,1.0,0.0,0.0,11.27,3.1,1.0,0,0,1
39.0,0,12.04,8.0,2.0,4.0,1.0,0.0,1.0,9.44,56.9,1.0,0,1,0
33.0,0,20.36,14.0,5.0,7.0,0.0,0.0,0.0,28.92,71.35,1.0,0,1,0
47.0,0,29.27,8.0,5.0,5.0,0.0,1.0,1.0,28.04,56.51,1.0,0,1,0
47.0,1,18.59,11.0,10.0,5.0,0.0,0.0,1.0,17.8,80.87,1.0,1,0,0
53.0,1,21.92,10.0,10.0,4.0,0.0,0.0,1.0,29.99,77.66,1.0,0,0,1
20.0,1,3.55,10.0,5.0,4.0,0.0,1.0,0.0,2.83,47.91,1.0,1,0,0
39.0,1,19.21,11.0,13.0,7.0,1.0,0.0,0.0,22.99,64.51,1.0,1,0,0
39.0,0,14.16,1.0,13.0,0.0,1.0,0.0,0.0,17.3,27.66,1.0,1,0,0
29.0,0,26.69,15.0,10.0,8.0,1.0,1.0,0.0,25.15,35.86,1.0,1,0,0
38.0,0,12.26,5.0,2.0,5.0,0.0,1.0,0.0,10.22,62.19,1.0,1,0,0
21.0,0,20.7,14.0,12.0,8.0,1.0,1.0,0.0,25.81,49.5,1.0,1,0,0
48.0,0,7.62,8.0,7.0,1.0,0.0,1.0,1.0,5.76,8.54,1.0,0,1,0
48.0,1,8.52,17.0,3.0,2.0,0.0,0.0,0.0,11.24,81.92,1.0,0,1,0
40.0,1,11.91,4.0,10.0,0.0,1.0,1.0,0.0,10.91,63.72,1.0,1,0,0
37.0,1,9.82,4.0,1.0,4.0,0.0,1.0,0.0,5.09,32.74,1.0,0,1,0
32.0,1,8.36,18.0,6.0,1.0,1.0,1.0,1.0,8.94,22.64,1.0,0,1,0
40.0,1,2.44,19.0,10.0,0.0,0.0,1.0,1.0,1.69,60.31,1.0,1,0,0
45.0,0,15.74,3.0,7.0,8.0,0.0,0.0,1.0,24.43,69.59,1.0,1,0,0
33.0,0,2.86,9.0,10.0,8.0,1.0,0.0,0.0,3.74,92.84,1.0,0,0,1
54.0,0,26.73,7.0,3.0,5.0,0.0,0.0,0.0,18.44,18.5,1.0,0,1,0
38.0,0,4.64,2.0,5.0,7.0,1.0,0.0,1.0,3.29,50.29,1.0,1,0,0
32.0,0,2.89,9.0,7.0,8.0,1.0,0.0,1.0,2.81,95.52,1.0,0,1,0
34.0,1,17.33,6.0,4.0,4.0,1.0,0.0,1.0,16.92,90.95,1.0,0,0,1
54.0,1,15.57,6.0,8.0,1.0,1.0,1.0,1.0,14.85,47.79,1.0,0,1,0
30.0,1,15.25,16.0,5.0,3.0,1.0,0.0,1.0,18.22,55.2,1.0,1,0,0
36.0,0,17.66,2.0,5.0,2.0,1.0,1.0,0.0,13.58,91.65,1.0,1,0,0
47.0,0,9.32,16.0,11.0,9.0,1.0,0.0,0.0,7.09,3.21,1.0,0,1,0
35.0,1,20.23,3.0,12.0,6.0,1.0,0.0,0.0,10.57,97.62,1.0,0,0,1
31.0,0,15.57,16.0,1.0,9.0,1.0,1.0,0.0,13.73,97.7,1.0,0,1,0
53.0,1,10.71,12.0,14.0,9.0,0.0,0.0,1.0,7.45,94.44,1.0,0,1,0
53.0,0,24.97,3.0,6.0,9.0,0.0,0.0,0.0,27.26,96.55,1.0,0,1,0
37.0,1,22.1,11.0,8.0,7.0,0.0,1.0,1.0,15.05,30.41,1.0,0,1,0
36.0,0,12.41,11.0,14.0,4.0,1.0,0.0,1.0,17.31,3.71,1.0,0,1,0
24.0,1,25.58,16.0,4.0,1.0,0.0,0.0,1.0,34.51,28.43,1.0,1,0,0
21.0,0,27.69,5.0,13.0,8.0,0.0,0.0,0.0,35.03,34.57,1.0,0,0,1
51.0,0,16.57,8.0,4.0,0.0,0.0,1.0,0.0,21.68,35.25,1.0,0,1,0
19.0,1,7.23,11.0,11.0,4.0,1.0,1.0,1.0,10.55,68.05,1.0,0,1,0
22.0,1,27.56,11.0,12.0,2.0,0.0,0.0,0.0,22.59,86.36,1.0,0,1,0
27.0,0,6.49,18.0,10.0,7.0,1.0,1.0,0.0,9.6,22.2,1.0,0,1,0
49.0,1,2.4,19.0,4.0,7.0,0.0,1.0,1.0,3.34,44.73,1.0,0,1,0
59.0,0,10.5,10.0,0.0,0.0,1.0,1.0,0.0,9.05,37.85,1.0,0,1,0
58.0,0,22.08,4.0,4.0,3.0,1.0,0.0,0.0,30.12,76.46,1.0,0,1,0
30.0,1,27.77,10.0,9.0,9.0,0.0,1.0,0.0,38.8,31.79,1.0,1,0,0
56.0,0,19.48,14.0,7.0,7.0,1.0,0.0,1.0,10.44,5.62,1.0,1,0,0
22.0,0,28.6,6.0,14.0,8.0,1.0,1.0,0.0,39.35,33.38,1.0,0,1,0
27.0,1,3.68,5.0,2.0,8.0,0.0,0.0,0.0,3.43,35.4,1.0,1,0,0
27.0,0,2.76,15.0,8.0,1.0,0.0,0.0,0.0,3.62,82.24,1.0,1,0,0
55.0,0,18.52,5.0,8.0,8.0,1.0,1.0,0.0,11.32,54.79,1.0,1,0,0
44.0,0,29.02,6.0,7.0,7.0,1.0,1.0,1.0,19.51,52.35,1.0,0,1,0
38.0,0,15.58,19.0,3.0,8.0,0.0,0.0,1.0,23.04,59.88,1.0,1,0,0
25.0,1,2.49,17.0,14.0,8.0,1.0,0.0,0.0,2.28,56.15,1.0,1,0,0
18.0,1,7.42,14.0,3.0,2.0,0.0,1.0,1.0,9.63,68.17,1.0,0,1,0
45.0,1,8.1,11.0,10.0,4.0,1.0,1.0,1.0,10.13,90.39,1.0,0,1,0
56.0,0,10.8,14.0,7.0,2.0,1.0,1.0,1.0,13.89,87.64,1.0,0,0,1
31.0,1,2.26,5.0,13.0,5.0,0.0,1.0,0.0,2.86,49.53,1.0,1,0,0
38.0,1,27.24,13.0,9.0,9.0,0.0,1.0,1.0,38.52,84.68,1.0,0,0,1
47.0,1,15.95,12.0,4.0,4.0,1.0,1.0,0.0,17.43,86.3,1.0,1,0,0
38.0,0,20.46,19.0,4.0,1.0,1.0,0.0,0.0,18.93,78.95,1.0,1,0,0
26.0,1,2.95,10.0,4.0,2.0,0.0,0.0,0.0,4.2,4.21,1.0,0,1,0
34.0,1,2.57,13.0,11.0,6.0,1.0,1.0,1.0,2.2,66.21,1.0,0,1,0
22.0,0,18.01,15.0,0.0,9.0,0.0,0.0,1.0,20.36,31.32,1.0,0,0,1
48.0,0,26.73,13.0,0.0,9.0,0.0,1.0,0.0,36.22,87.33,1.0,0,1,0
57.0,0,16.33,10.0,9.0,4.0,0.0,1.0,0.0,23.12,28.4,1.0,0,1,0
55.0,0,26.46,9.0,11.0,2.0,0.0,0.0,0.0,38.35,91.86,1.0,1,0,0
36.0,0,24.52,19.0,1.0,3.0,0.0,0.0,1.0,28.44,61.51,1.0,1,0,0
53.0,0,3.2,7.0,0.0,5.0,0.0,0.0,0.0,3.9,64.51,1.0,0,1,0
50.0,1,15.74,15.0,12.0,7.0,1.0,1.0,1.0,6.84,88.77,1.0,0,1,0
30.0,1,20.07,17.0,14.0,6.0,0.0,0.0,1.0,15.75,98.54,1.0,0,1,0
31.0,0,13.86,14.0,7.0,2.0,1.0,1.0,0.0,7.15,30.9,1.0,0,1,0
50.0,0,9.43,14.0,11.0,1.0,1.0,0.0,0.0,6.81,8.89,1.0,1,0,0
46.0,1,13.14,9.0,11.0,2.0,0.0,1.0,0.0,19.45,72.33,1.0,0,1,0
53.0,0,13.91,16.0,3.0,4.0,0.0,1.0,1.0,18.17,7.02,1.0,1,0,0
27.0,0,27.41,2.0,5.0,6.0,1.0,1.0,0.0,26.84,53.39,1.0,1,0,0
48.0,1,4.0,14.0,7.0,7.0,1.0,0.0,0.0,3.37,34.53,1.0,1,0,0
23.0,0,9.11,4.0,13.0,5.0,0.0,0.0,1.0,5.14,39.0,1.0,0,1,0
18.0,0,16.59,3.0,4.0,1.0,1.0,0.0,1.0,8.46,23.55,1.0,0,1,0
24.0,1,21.25,3.0,5.0,1.0,1.0,0.0,0.0,26.67,69.93,1.0,0,1,0
44.0,1,19.29,11.0,3.0,9.0,0.0,0.0,0.0,28.66,57.19,1.0,0,1,0
38.0,1,28.31,5.0,5.0,4.0,0.0,1.0,1.0,21.34,95.24,1.0,1,0,0
45.0,1,24.07,16.0,5.0,4.0,1.0,1.0,1.0,18.64,35.55,1.0,0,1,0
33.0,1,17.16,19.0,2.0,0.0,1.0,0.0,0.0,24.62,39.43,1.0,1,0,0
40.0,0,15.74,10.0,3.0,0.0,0.0,0.0,1.0,7.97,16.5,1.0,0,1,0
37.0,0,14.08,11.0,5.0,8.0,0.0,1.0,1.0,9.49,61.17,1.0,0,1,0
55.0,0,21.11,12.0,7.0,6.0,0.0,1.0,0.0,11.52,9.5,1.0,0,0,1
42.0,0,25.3,8.0,12.0,7.0,1.0,0.0,0.0,26.91,96.82,1.0,0,1,0
45.0,0,28.83,14.0,13.0,4.0,1.0,0.0,1.0,27.46,91.01,1.0,0,1,0
22.0,1,18.56,17.0,13.0,2.0,0.0,0.0,0.0,17.3,69.97,1.0,0,1,0
38.0,0,16.28,15.0,6.0,2.0,1.0,0.0,1.0,23.92,31.73,1.0,0,1,0
35.0,0,1.51,15.0,3.0,2.0,1.0,1.0,1.0,1.15,35.62,1.0,1,0,0
23.0,1,3.09,10.0,13.0,0.0,1.0,0.0,1.0,3.05,8.71,1.0,0,1,0
46.0,0,5.53,9.0,2.0,2.0,0.0,1.0,1.0,3.94,24.7,1.0,0,1,0
36.0,0,2.59,12.0,10.0,1.0,1.0,0.0,1.0,2.13,35.3,1.0,0,1,0
50.0,1,12.63,19.0,14.0,7.0,0.0,1.0,0.0,15.99,44.79,1.0,0,0,1
18.0,0,10.77,10.0,7.0,9.0,1.0,0.0,0.0,7.51,46.43,1.0,0,1,0
20.0,0,19.48,11.0,5.0,9.0,0.0,0.0,1.0,22.92,88.51,1.0,0,1,0
59.0,0,16.53,6.0,11.0,5.0,0.0,1.0,1.0,10.41,44.98,1.0,0,1,0
38.0,0,18.28,10.0,7.0,4.0,0.0,1.0,0.0,12.62,95.74,1.0,0,1,0
52.0,0,14.69,11.0,8.0,0.0,1.0,1.0,0.0,7.68,8.38,1.0,0,1,0
58.0,0,9.05,3.0,8.0,1.0,0.0,1.0,0.0,10.23,21.1,1.0,0,1,0
57.0,1,28.63,10.0,9.0,1.0,1.0,0.0,0.0,42.67,38.8,1.0,0,1,0
20.0,0,3.51,6.0,10.0,6.0,1.0,1.0,1.0,4.06,88.82,1.0,0,1,0
42.0,1,28.23,9.0,8.0,6.0,1.0,0.0,1.0,40.18,12.22,1.0,0,1,0
55.0,1,10.03,9.0,9.0,5.0,1.0,0.0,0.0,10.29,35.51,1.0,0,0,1
37.0,1,15.87,6.0,0.0,7.0,1.0,0.0,1.0,18.73,11.22,1.0,1,0,0
51.0,0,4.16,5.0,11.0,3.0,0.0,0.0,1.0,5.93,77.4,1.0,0,1,0
38.0,0,3.06,1.0,13.0,5.0,0.0,0.0,0.0,1.79,28.25,1.0,0,1,0
40.0,1,13.46,3.0,2.0,7.0,1.0,0.0,1.0,14.77,43.44,1.0,1,0,0
23.0,0,22.51,3.0,8.0,2.0,0.0,1.0,1.0,14.3,81.74,1.0,1,0,0
30.0,0,8.81,12.0,3.0,2.0,1.0,0.0,1.0,4.7,16.78,1.0,0,1,0
40.0,0,17.31,4.0,9.0,8.0,0.0,0.0,0.0,11.36,94.72,1.0,1,0,0
26.0,1,9.08,16.0,11.0,5.0,1.0,1.0,0.0,9.56,39.39,1.0,0,1,0
34.0,1,12.27,11.0,1.0,4.0,0.0,0.0,1.0,12.24,33.04,1.0,0,1,0
19.0,0,27.29,8.0,0.0,9.0,1.0,1.0,0.0,23.03,19.08,1.0,0,0,1
36.0,1,25.82,9.0,13.0,0.0,1.0,0.0,0.0,30.93,46.75,1.0,1,0,0
36.0,0,15.96,14.0,4.0,2.0,0.0,0.0,1.0,13.73,98.07,1.0,1,0,0
24.0,1,7.91,15.0,13.0,4.0,1.0,1.0,0.0,10.04,49.1,1.0,0,1,0
59.0,0,6.6,19.0,3.0,3.0,0.0,1.0,0.0,8.64,45.21,1.0,0,1,0
59.0,1,15.74,9.0,4.0,3.0,0.0,0.0,1.0,32.82,49.5,1.0,1,0,0
37.0,0,6.88,17.0,10.0,0.0,0.0,1.0,1.0,5.36,28.77,1.0,0,1,0
26.0,1,24.44,9.0,4.0,5.0,0.0,0.0,0.0,31.84,22.79,1.0,0,1,0
34.0,1,11.7,3.0,7.0,9.0,1.0,1.0,0.0,8.8,3.9,1.0,0,1,0
44.0,1,29.58,16.0,5.0,3.0,1.0,1.0,1.0,23.75,44.6,1.0,0,1,0
19.0,1,11.68,13.0,2.0,0.0,1.0,0.0,1.0,12.95,13.56,1.0,0,1,0
53.0,1,11.19,17.0,14.0,9.0,1.0,1.0,1.0,13.31,50.3,1.0,1,0,0
36.0,1,19.49,4.0,8.0,5.0,1.0,0.0,0.0,16.98,45.46,1.0,0,0,1
34.0,0,28.88,9.0,7.0,4.0,0.0,0.0,0.0,31.52,22.27,1.0,0,1,0
22.0,0,29.31,9.0,8.0,4.0,0.0,1.0,1.0,21.92,79.83,1.0,1,0,0
39.0,1,21.51,18.0,3.0,1.0,1.0,1.0,1.0,27.85,92.68,1.0,0,1,0
35.0,0,22.88,14.0,12.0,0.0,1.0,0.0,0.0,34.14,13.41,1.0,0,0,1
24.0,0,17.34,3.0,7.0,6.0,0.0,1.0,0.0,20.78,9.74,1.0,0,1,0
34.0,1,22.92,4.0,10.0,4.0,1.0,0.0,1.0,18.78,34.48,1.0,1,0,0
56.0,0,25.93,1.0,2.0,2.0,1.0,1.0,0.0,22.01,61.04,1.0,1,0,0
53.0,1,15.1,18.0,4.0,5.0,0.0,1.0,0.0,8.01,63.2,1.0,0,1,0
57.0,1,18.98,4.0,13.0,2.0,1.0,1.0,0.0,21.77,62.5,1.0,0,1,0
21.0,1,16.58,10.0,6.0,5.0,0.0,1.0,1.0,18.24,57.57,1.0,0,0,1
55.0,0,17.31,4.0,0.0,5.0,0.0,1.0,1.0,25.18,38.58,1.0,0,1,0
42.0,1,26.81,17.0,13.0,8.0,1.0,0.0,0.0,24.19,78.2,1.0,1,0,0
22.0,0,11.31,8.0,0.0,7.0,1.0,0.0,1.0,16.21,95.32,1.0,0,0,1
47.0,1,7.04,19.0,2.0,0.0,1.0,1.0,1.0,8.87,58.96,1.0,0,1,0
29.0,1,14.23,9.0,3.0,6.0,1.0,0.0,1.0,11.21,21.94,1.0,1,0,0
21.0,1,7.03,16.0,14.0,8.0,1.0,0.0,0.0,3.63,56.18,1.0,0,0,1
41.0,1,15.45,15.0,0.0,1.0,0.0,0.0,1.0,18.95,75.55,1.0,1,0,0
39.0,0,27.2,16.0,7.0,8.0,1.0,0.0,1.0,27.1,82.97,1.0,0,1,0
26.0,1,18.91,12.0,1.0,5.0,1.0,0.0,0.0,27.64,71.83,1.0,0,1,0
21.0,1,25.81,18.0,10.0,2.0,1.0,1.0,0.0,13.48,89.05,1.0,0,1,0
41.0,0,5.82,7.0,4.0,7.0,0.0,1.0,1.0,5.95,95.2,1.0,1,0,0
31.0,0,27.13,16.0,7.0,6.0,0.0,1.0,1.0,34.97,49.2,1.0,1,0,0
22.0,0,18.45,19.0,13.0,7.0,0.0,0.0,1.0,23.8,54.1,1.0,1,0,0
35.0,0,1.92,6.0,5.0,7.0,0.0,0.0,0.0,2.25,33.75,1.0,0,1,0
59.0,1,19.36,6.0,10.0,6.0,1.0,1.0,1.0,17.32,65.89,1.0,0,1,0
39.0,0,28.59,6.0,5.0,0.0,0.0,1.0,0.0,16.22,59.57,1.0,1,0,0
29.0,1,3.3,15.0,5.0,5.0,0.0,0.0,0.0,2.65,17.87,1.0,1,0,0
35.0,0,17.89,2.0,7.0,9.0,1.0,0.0,0.0,20.59,69.44,1.0,0,0,1
34.0,1,27.55,9.0,0.0,9.0,0.0,0.0,1.0,35.02,80.5,1.0,1,0,0
47.0,0,1.28,8.0,2.0,7.0,0.0,0.0,1.0,1.69,18.1,1.0,1,0,0
41.0,1,19.3,7.0,2.0,4.0,1.0,0.0,1.0,24.59,16.42,1.0,1,0,0
28.0,1,14.77,16.0,7.0,1.0,0.0,0.0,0.0,12.17,63.91,1.0,1,0,0
52.0,0,11.06,15.0,5.0,1.0,1.0,1.0,0.0,13.21,11.62,1.0,0,1,0
40.0,1,19.2,9.0,1.0,1.0,0.0,1.0,1.0,28.21,80.96,1.0,0,0,1
34.0,1,2.53,15.0,12.0,8.0,1.0,1.0,1.0,1.61,64.3,1.0,1,0,0
18.0,1,22.84,2.0,13.0,4.0,1.0,1.0,0.0,28.12,3.24,1.0,0,1,0
32.0,1,1.13,14.0,7.0,2.0,1.0,0.0,1.0,1.03,77.04,1.0,0,1,0
49.0,0,9.9,11.0,3.0,5.0,0.0,0.0,1.0,7.18,50.99,1.0,0,1,0
26.0,1,15.61,3.0,0.0,8.0,1.0,1.0,0.0,12.8,49.62,1.0,0,1,0
32.0,1,11.93,2.0,4.0,8.0,1.0,0.0,0.0,7.95,31.19,1.0,0,1,0
45.0,0,9.92,18.0,11.0,8.0,0.0,1.0,1.0,13.05,28.35,1.0,0,1,0
41.0,0,25.09,14.0,10.0,9.0,1.0,1.0,0.0,22.27,50.03,1.0,0,1,0
52.0,0,28.11,5.0,7.0,3.0,1.0,1.0,0.0,40.41,0.31,1.0,0,1,0
39.0,1,26.34,12.0,9.0,4.0,1.0,1.0,1.0,38.62,79.51,1.0,1,0,0
44.0,1,16.15,14.0,1.0,0.0,1.0,1.0,0.0,23.67,78.4,1.0,0,1,0
36.0,0,26.64,6.0,7.0,9.0,0.0,0.0,1.0,17.47,73.56,1.0,0,1,0
29.0,1,27.7,8.0,12.0,5.0,1.0,0.0,0.0,23.44,60.25,1.0,0,1,0
37.0,0,12.87,7.0,7.0,1.0,1.0,1.0,1.0,10.43,29.56,1.0,0,1,0
18.0,1,9.22,7.0,5.0,6.0,1.0,1.0,0.0,13.12,65.8,1.0,0,1,0
38.0,0,3.85,12.0,7.0,3.0,0.0,0.0,0.0,2.26,12.91,1.0,1,0,0
18.0,1,14.89,7.0,12.0,3.0,0.0,1.0,0.0,16.21,26.34,1.0,1,0,0
27.0,0,28.44,12.0,1.0,8.0,1.0,0.0,1.0,28.02,4.52,1.0,0,1,0
49.0,1,17.27,16.0,6.0,0.0,1.0,0.0,0.0,25.5,85.95,1.0,1,0,0
56.0,0,20.36,7.0,11.0,5.0,0.0,1.0,0.0,29.79,82.84,1.0,0,1,0
39.0,1,4.27,8.0,7.0,1.0,1.0,0.0,0.0,3.95,45.09,1.0,0,0,1
35.0,1,5.16,1.0,3.0,5.0,0.0,1.0,0.0,4.86,43.76,1.0,0,0,1
49.0,1,14.47,13.0,13.0,6.0,1.0,0.0,1.0,12.8,92.6,1.0,0,1,0
44.0,0,28.59,19.0,8.0,2.0,0.0,0.0,0.0,36.86,67.52,1.0,1,0,0
45.0,1,11.46,1.0,10.0,3.0,1.0,1.0,0.0,6.88,70.93,1.0,1,0,0
35.0,1,26.45,18.0,5.0,1.0,1.0,0.0,0.0,16.3,35.93,1.0,1,0,0
56.0,1,4.49,7.0,11.0,6.0,0.0,1.0,0.0,5.41,29.16,1.0,1,0,0
46.0,0,18.89,17.0,2.0,8.0,1.0,1.0,1.0,9.76,11.44,1.0,0,0,1
35.0,1,18.42,15.0,12.0,4.0,0.0,1.0,0.0,21.57,7.25,1.0,0,1,0
25.0,0,25.94,19.0,3.0,4.0,1.0,1.0,1.0,16.31,90.55,1.0,1,0,0
48.0,1,1.1,4.0,11.0,8.0,1.0,1.0,1.0,1.41,90.64,1.0,1,0,0
51.0,0,6.51,17.0,3.0,7.0,0.0,1.0,1.0,8.07,22.7,1.0,1,0,0
24.0,0,7.37,7.0,0.0,0.0,0.0,0.0,0.0,5.03,3.74,1.0,1,0,0
53.0,1,28.55,16.0,13.0,1.0,0.0,0.0,1.0,35.89,34.64,1.0,0,1,0
35.0,0,5.46,17.0,12.0,6.0,1.0,1.0,0.0,7.04,95.19,1.0,0,1,0
55.0,0,2.07,15.0,9.0,2.0,1.0,0.0,1.0,2.95,30.51,1.0,0,1,0
26.0,1,16.5,9.0,0.0,5.0,1.0,0.0,1.0,20.2,86.52,1.0,0,1,0
26.0,0,16.33,13.0,0.0,0.0,1.0,1.0,0.0,22.33,81.64,1.0,0,1,0
25.0,0,25.48,7.0,3.0,7.0,1.0,1.0,0.0,28.98,94.44,1.0,0,0,1
52.0,0,28.52,19.0,0.0,1.0,1.0,1.0,1.0,32.1,49.67,1.0,1,0,0
35.0,0,16.62,11.0,13.0,0.0,0.0,1.0,0.0,19.53,92.2,1.0,1,0,0
22.0,1,27.97,8.0,5.0,5.0,1.0,0.0,1.0,25.35,74.18,1.0,0,1,0
31.0,0,22.03,17.0,13.0,7.0,0.0,0.0,0.0,16.05,86.8,1.0,1,0,0
45.0,0,8.67,4.0,1.0,9.0,1.0,0.0,0.0,7.92,73.33,1.0,1,0,0
47.0,1,27.92,4.0,0.0,4.0,0.0,1.0,0.0,30.53,46.12,1.0,1,0,0
21.0,1,20.36,18.0,6.0,8.0,0.0,0.0,1.0,24.23,91.91,1.0,0,1,0
56.0,0,13.01,17.0,5.0,2.0,1.0,1.0,1.0,12.45,80.05,1.0,0,1,0
37.0,1,20.73,3.0,0.0,7.0,0.0,0.0,0.0,17.21,64.11,1.0,1,0,0
42.0,1,12.64,9.0,11.0,3.0,1.0,1.0,0.0,9.44,48.3,1.0,0,1,0
45.0,1,4.31,6.0,12.0,6.0,0.0,0.0,0.0,14.3,9.46,1.0,0,1,0
29.0,1,21.85,2.0,13.0,9.0,0.0,1.0,0.0,21.33,81.55,1.0,1,0,0
19.0,1,24.9,12.0,9.0,9.0,0.0,0.0,0.0,30.04,41.64,1.0,0,0,1
31.0,1,22.14,15.0,11.0,7.0,0.0,0.0,0.0,29.44,35.94,1.0,1,0,0
39.0,1,7.64,9.0,8.0,2.0,0.0,1.0,1.0,6.46,23.06,1.0,0,0,1
48.0,1,28.74,2.0,5.0,2.0,0.0,1.0,0.0,31.93,54.16,1.0,1,0,0
40.0,1,1.73,12.0,1.0,0.0,0.0,1.0,1.0,1.69,82.99,1.0,0,1,0
37.0,0,10.65,16.0,6.0,7.0,1.0,1.0,1.0,14.3,28.96,1.0,0,1,0
55.0,0,8.54,7.0,2.0,1.0,1.0,0.0,0.0,11.81,92.07,1.0,0,1,0
21.0,0,2.4,1.0,13.0,6.0,1.0,0.0,0.0,3.32,39.69,1.0,0,1,0
32.0,0,12.77,7.0,14.0,6.0,1.0,1.0,1.0,13.78,96.94,1.0,0,1,0
41.0,0,19.07,3.0,6.0,6.0,0.0,0.0,1.0,17.87,67.66,1.0,0,1,0
42.0,1,26.59,5.0,13.0,3.0,0.0,1.0,1.0,30.63,36.72,1.0,0,1,0
18.0,1,29.7,3.0,8.0,6.0,1.0,0.0,0.0,19.59,98.36,1.0,0,1,0
24.0,0,24.43,15.0,4.0,9.0,1.0,1.0,0.0,33.79,59.43,1.0,0,1,0
48.0,0,14.59,6.0,0.0,7.0,0.0,1.0,1.0,11.25,76.86,1.0,1,0,0
29.0,1,21.99,15.0,4.0,8.0,1.0,0.0,1.0,29.18,45.18,1.0,1,0,0
59.0,0,25.47,3.0,7.0,6.0,0.0,0.0,0.0,20.34,11.93,1.0,0,0,1
22.0,1,14.49,1.0,7.0,5.0,1.0,0.0,1.0,14.81,96.4,1.0,1,0,0
59.0,0,23.77,2.0,2.0,4.0,0.0,1.0,0.0,30.24,32.17,1.0,0,1,0
55.0,1,15.0,4.0,3.0,9.0,1.0,0.0,0.0,13.41,91.79,1.0,0,1,0
29.0,0,12.21,14.0,11.0,9.0,1.0,0.0,1.0,10.48,90.76,1.0,0,1,0
56.0,1,16.26,14.0,7.0,6.0,1.0,1.0,0.0,22.57,9.5,1.0,0,1,0
35.0,0,20.6,10.0,7.0,9.0,0.0,0.0,0.0,11.72,11.47,1.0,0,1,0
19.0,0,22.08,11.0,6.0,1.0,1.0,1.0,1.0,29.62,61.2,1.0,0,0,1
27.0,1,11.35,4.0,5.0,4.0,1.0,0.0,0.0,16.21,3.59,1.0,0,1,0
32.0,1,17.57,15.0,3.0,7.0,0.0,1.0,0.0,18.68,42.12,1.0,0,1,0
47.0,0,27.39,4.0,9.0,5.0,0.0,1.0,1.0,32.76,52.78,1.0,0,1,0
34.0,0,29.31,16.0,12.0,5.0,1.0,0.0,0.0,39.9,19.68,1.0,1,0,0
21.0,1,7.59,2.0,8.0,0.0,0.0,0.0,0.0,7.1,77.02,1.0,0,1,0
24.0,1,6.59,13.0,1.0,1.0,0.0,0.0,0.0,14.3,43.16,1.0,0,1,0
58.0,1,20.62,8.0,1.0,2.0,0.0,1.0,1.0,14.3,42.31,1.0,0,1,0
48.0,0,13.03,10.0,7.0,6.0,1.0,0.0,0.0,10.51,23.44,1.0,0,1,0
56.0,0,1.7,8.0,10.0,9.0,0.0,1.0,1.0,2.52,88.78,1.0,0,1,0
51.0,1,11.06,4.0,14.0,5.0,1.0,0.0,0.0,5.87,1.12,1.0,0,1,0
23.0,0,24.4,5.0,11.0,4.0,0.0,1.0,1.0,20.0,0.69,1.0,0,1,0
55.0,0,24.13,10.0,2.0,8.0,1.0,0.0,1.0,23.13,99.55,1.0,1,0,0
51.0,1,15.35,19.0,2.0,9.0,0.0,0.0,0.0,12.45,2.11,1.0,0,1,0
32.0,0,14.7,10.0,3.0,6.0,0.0,0.0,1.0,11.5,15.51,1.0,1,0,0
31.0,1,17.81,3.0,2.0,8.0,1.0,1.0,0.0,15.51,88.29,1.0,0,1,0
23.0,1,7.36,13.0,9.0,2.0,1.0,1.0,0.0,6.61,61.57,1.0,0,1,0
54.0,0,16.26,9.0,5.0,7.0,1.0,1.0,1.0,9.29,62.5,1.0,0,1,0
49.0,0,1.32,17.0,8.0,8.0,1.0,1.0,0.0,1.68,47.57,1.0,0,1,0
20.0,1,14.79,10.0,7.0,1.0,1.0,0.0,1.0,9.88,15.06,1.0,0,1,0
20.0,1,10.75,12.0,5.0,3.0,1.0,1.0,0.0,5.82,36.71,1.0,0,1,0
39.0,1,20.57,13.0,7.0,1.0,1.0,0.0,1.0,22.43,71.79,1.0,1,0,0
39.0,0,19.51,10.0,7.0,6.0,1.0,0.0,1.0,22.8,48.54,1.0,1,0,0
27.0,1,12.04,19.0,9.0,3.0,0.0,1.0,0.0,15.17,72.98,1.0,1,0,0
20.0,1,1.21,19.0,5.0,5.0,1.0,0.0,0.0,0.71,0.73,1.0,0,1,0
29.0,1,8.32,10.0,1.0,7.0,1.0,0.0,0.0,5.59,65.58,1.0,1,0,0
46.0,1,19.37,5.0,4.0,5.0,1.0,0.0,0.0,13.22,59.29,1.0,0,1,0
34.0,0,3.1,8.0,3.0,3.0,0.0,0.0,1.0,3.39,97.44,1.0,1,0,0
24.0,0,4.12,5.0,11.0,5.0,1.0,0.0,0.0,5.73,90.7,1.0,0,1,0
30.0,1,19.76,15.0,5.0,0.0,0.0,1.0,1.0,23.84,60.03,1.0,0,1,0
19.0,0,22.92,4.0,1.0,5.0,0.0,1.0,1.0,18.67,57.62,1.0,1,0,0
21.0,0,10.32,13.0,3.0,9.0,0.0,1.0,0.0,13.96,9.26,1.0,1,0,0
27.0,0,15.2,17.0,12.0,7.0,0.0,0.0,0.0,17.78,94.11,1.0,0,1,0
56.0,1,28.43,5.0,7.0,5.0,0.0,0.0,1.0,33.79,70.69,1.0,0,1,0
41.0,0,28.42,1.0,13.0,8.0,0.0,1.0,1.0,41.42,50.22,1.0,0,1,0
34.0,0,9.92,15.0,0.0,5.0,0.0,0.0,0.0,14.39,85.74,1.0,0,0,1
23.0,1,24.49,10.0,2.0,5.0,0.0,1.0,0.0,21.69,73.07,1.0,0,1,0
36.0,1,18.22,11.0,14.0,3.0,1.0,0.0,1.0,20.69,56.36,1.0,0,0,1
22.0,0,29.29,18.0,3.0,5.0,0.0,0.0,0.0,20.56,53.91,1.0,0,1,0
49.0,0,14.85,13.0,1.0,4.0,0.0,1.0,1.0,13.54,92.63,1.0,0,1,0
27.0,1,23.47,16.0,11.0,0.0,1.0,0.0,1.0,18.15,79.91,1.0,1,0,0
26.0,1,23.28,19.0,1.0,6.0,1.0,0.0,1.0,20.19,40.31,1.0,0,1,0
44.0,1,15.43,12.0,5.0,7.0,1.0,1.0,0.0,18.14,62.88,1.0,0,1,0
30.0,1,24.07,14.0,5.0,5.0,1.0,1.0,1.0,17.1,19.64,1.0,0,1,0
36.0,0,8.57,2.0,2.0,6.0,1.0,1.0,0.0,5.83,93.33,1.0,1,0,0
38.0,1,4.55,10.0,7.0,6.0,1.0,1.0,0.0,4.0,69.53,1.0,1,0,0
41.0,0,13.33,4.0,11.0,3.0,1.0,1.0,1.0,7.97,96.0,1.0,1,0,0
55.0,0,28.37,1.0,2.0,3.0,1.0,1.0,1.0,37.28,29.2,1.0,1,0,0
21.0,0,15.52,17.0,1.0,0.0,1.0,0.0,0.0,22.64,31.52,1.0,1,0,0
41.0,1,19.42,11.0,4.0,1.0,0.0,0.0,0.0,25.27,83.21,1.0,0,1,0
52.0,1,19.1,7.0,12.0,2.0,1.0,1.0,0.0,19.7,26.18,1.0,0,1,0
20.0,0,4.84,17.0,6.0,4.0,0.0,0.0,0.0,5.68,35.76,1.0,1,0,0
21.0,0,12.32,17.0,0.0,9.0,1.0,0.0,1.0,16.08,88.43,1.0,0,0,1
54.0,0,21.5,9.0,1.0,8.0,1.0,1.0,0.0,14.3,51.78,1.0,0,1,0
57.0,0,29.19,10.0,1.0,4.0,0.0,0.0,0.0,26.8,30.04,1.0,0,1,0
52.0,0,5.87,6.0,7.0,5.0,0.0,0.0,0.0,3.78,40.93,1.0,0,1,0
48.0,1,12.9,17.0,9.0,6.0,1.0,0.0,1.0,7.62,71.19,1.0,0,1,0
42.0,1,3.76,16.0,5.0,3.0,0.0,1.0,0.0,4.73,15.87,1.0,0,1,0
57.0,1,8.03,7.0,13.0,7.0,0.0,0.0,0.0,10.91,96.22,1.0,1,0,0
30.0,0,11.93,19.0,12.0,5.0,0.0,1.0,0.0,6.96,49.29,1.0,0,1,0
21.0,0,16.68,4.0,12.0,0.0,1.0,1.0,0.0,11.32,76.49,1.0,1,0,0
31.0,1,7.69,17.0,14.0,5.0,0.0,0.0,0.0,5.54,70.2,1.0,1,0,0
30.0,1,7.6,9.0,14.0,1.0,0.0,0.0,1.0,10.31,68.07,1.0,0,0,1
44.0,0,23.56,11.0,12.0,3.0,0.0,1.0,0.0,33.3,42.0,1.0,0,1,0
23.0,1,28.92,1.0,3.0,3.0,1.0,1.0,1.0,36.58,4.23,1.0,0,1,0
34.0,1,10.38,7.0,3.0,9.0,1.0,1.0,1.0,13.46,74.14,1.0,0,1,0
53.0,1,20.95,5.0,4.0,9.0,0.0,0.0,0.0,17.65,95.38,1.0,0,1,0
57.0,0,8.48,5.0,2.0,4.0,0.0,1.0,0.0,7.7,50.5,1.0,0,1,0
52.0,0,27.91,1.0,11.0,9.0,0.0,1.0,1.0,21.78,95.38,1.0,1,0,0
34.0,1,20.51,6.0,13.0,1.0,1.0,1.0,1.0,29.91,53.49,1.0,0,1,0
58.0,0,24.28,13.0,3.0,5.0,0.0,1.0,1.0,29.81,16.74,1.0,0,0,1
19.0,1,2.43,15.0,11.0,2.0,0.0,1.0,1.0,2.04,23.95,1.0,1,0,0
30.0,1,15.74,10.0,3.0,8.0,0.0,0.0,1.0,11.67,86.47,1.0,1,0,0
19.0,0,16.3,17.0,6.0,5.0,0.0,0.0,0.0,11.33,49.5,1.0,1,0,0
45.0,0,9.5,13.0,6.0,2.0,0.0,0.0,0.0,6.69,41.44,1.0,0,1,0
43.0,0,15.74,11.0,0.0,2.0,0.0,1.0,0.0,9.6,79.94,1.0,1,0,0
39.0,1,17.82,4.0,11.0,4.0,1.0,1.0,1.0,25.0,64.17,1.0,0,1,0
20.0,1,21.49,7.0,2.0,5.0,1.0,0.0,0.0,14.3,87.23,1.0,1,0,0
52.0,1,1.96,19.0,14.0,3.0,1.0,0.0,0.0,1.12,97.09,1.0,0,1,0
29.0,0,17.45,7.0,8.0,4.0,0.0,0.0,1.0,21.1,65.12,1.0,0,1,0
41.0,1,5.94,14.0,5.0,2.0,1.0,1.0,0.0,3.97,97.07,1.0,0,1,0
22.0,1,5.07,16.0,5.0,9.0,1.0,1.0,1.0,4.11,47.04,1.0,0,1,0
37.0,1,19.07,9.0,3.0,3.0,0.0,0.0,1.0,19.91,84.0,1.0,0,1,0
56.0,1,10.02,2.0,9.0,7.0,0.0,0.0,1.0,13.44,90.64,1.0,0,1,0
56.0,0,13.79,16.0,8.0,7.0,0.0,1.0,0.0,10.16,4.52,1.0,1,0,0
30.0,0,11.44,5.0,14.0,0.0,0.0,1.0,1.0,15.72,86.51,1.0,0,1,0
58.0,0,19.8,12.0,13.0,3.0,1.0,1.0,0.0,24.45,40.87,1.0,0,1,0
29.0,1,14.63,15.0,11.0,1.0,0.0,0.0,1.0,17.18,39.82,1.0,0,1,0
30.0,1,28.94,3.0,2.0,3.0,1.0,0.0,0.0,18.32,78.16,1.0,0,1,0
27.0,1,11.22,9.0,7.0,4.0,0.0,1.0,1.0,10.93,24.63,1.0,0,1,0
50.0,0,22.47,7.0,12.0,0.0,0.0,0.0,0.0,17.42,3.15,1.0,1,0,0
57.0,0,8.46,4.0,5.0,4.0,1.0,0.0,1.0,9.21,27.12,1.0,0,1,0
33.0,0,15.75,9.0,11.0,6.0,1.0,1.0,0.0,18.48,64.84,1.0,0,1,0
52.0,0,17.02,15.0,1.0,4.0,1.0,1.0,0.0,9.62,95.34,1.0,0,1,0
20.0,0,10.54,7.0,2.0,6.0,1.0,0.0,0.0,12.06,39.57,1.0,0,1,0
22.0,1,14.68,11.0,13.0,8.0,1.0,1.0,1.0,14.65,79.75,1.0,0,1,0
43.0,0,9.1,19.0,0.0,7.0,0.0,0.0,1.0,12.18,20.05,1.0,1,0,0
28.0,0,1.17,11.0,2.0,0.0,0.0,0.0,0.0,1.51,85.19,0.0,0,1,0
24.0,0,7.25,1.0,3.0,9.0,1.0,1.0,0.0,6.62,76.54,1.0,0,1,0
27.0,1,21.3,13.0,14.0,9.0,0.0,0.0,0.0,31.44,44.81,1.0,1,0,0
59.0,0,23.36,13.0,13.0,1.0,0.0,0.0,1.0,25.39,89.49,1.0,0,1,0
51.0,0,9.13,2.0,5.0,5.0,0.0,1.0,0.0,13.36,3.79,1.0,1,0,0
20.0,0,12.83,17.0,9.0,4.0,0.0,1.0,1.0,15.64,78.59,1.0,0,1,0
25.0,1,2.08,19.0,13.0,0.0,1.0,1.0,0.0,1.89,3.52,1.0,0,1,0
48.0,1,7.87,15.0,6.0,1.0,0.0,1.0,1.0,5.77,86.5,1.0,1,0,0
28.0,0,23.6,19.0,2.0,2.0,1.0,0.0,0.0,22.78,17.68,1.0,0,1,0
24.0,0,18.57,10.0,13.0,9.0,1.0,0.0,1.0,26.67,3.83,1.0,1,0,0
19.0,0,6.97,10.0,10.0,4.0,1.0,0.0,1.0,4.39,30.88,1.0,0,1,0
23.0,0,8.47,9.0,12.0,6.0,1.0,0.0,0.0,8.13,17.87,1.0,1,0,0
58.0,1,24.69,19.0,6.0,5.0,1.0,0.0,0.0,20.91,65.18,1.0,1,0,0
49.0,0,7.06,11.0,12.0,2.0,1.0,1.0,0.0,9.65,47.24,1.0,1,0,0
37.0,1,10.69,6.0,3.0,5.0,0.0,1.0,0.0,13.94,12.97,1.0,1,0,0
51.0,0,20.27,2.0,0.0,3.0,0.0,1.0,0.0,21.33,91.61,1.0,1,0,0
33.0,1,17.27,10.0,0.0,2.0,1.0,0.0,1.0,15.8,36.78,1.0,0,1,0
42.0,1,15.74,15.0,7.0,3.0,1.0,1.0,1.0,17.02,28.28,1.0,0,1,0
29.0,0,27.09,5.0,9.0,7.0,1.0,1.0,1.0,39.36,69.81,1.0,0,1,0
24.0,1,7.37,18.0,6.0,0.0,1.0,1.0,0.0,4.43,39.35,1.0,0,1,0
56.0,0,22.5,7.0,3.0,2.0,1.0,1.0,1.0,31.47,14.55,1.0,1,0,0
34.0,1,5.61,3.0,0.0,9.0,1.0,1.0,0.0,4.46,58.24,1.0,0,1,0
28.0,1,18.86,16.0,5.0,7.0,0.0,1.0,1.0,9.51,3.04,1.0,0,1,0
23.0,0,26.25,17.0,10.0,9.0,1.0,1.0,1.0,32.58,62.72,1.0,1,0,0
40.0,0,14.28,2.0,11.0,8.0,0.0,0.0,0.0,18.4,86.76,1.0,0,1,0
44.0,1,22.0,16.0,10.0,2.0,0.0,0.0,0.0,17.7,26.2,1.0,0,1,0
23.0,1,24.79,1.0,9.0,8.0,0.0,0.0,0.0,31.69,85.23,1.0,0,1,0
55.0,0,4.94,14.0,6.0,9.0,1.0,0.0,1.0,6.41,24.5,1.0,0,1,0
19.0,0,21.47,16.0,5.0,9.0,0.0,0.0,1.0,25.23,20.25,1.0,1,0,0
39.0,0,27.68,9.0,11.0,3.0,1.0,0.0,1.0,14.91,71.54,1.0,0,1,0
37.0,1,17.71,17.0,5.0,3.0,0.0,1.0,0.0,20.67,6.55,1.0,0,1,0
42.0,0,6.4,8.0,7.0,6.0,0.0,1.0,1.0,9.17,4.06,1.0,1,0,0
32.0,0,4.68,9.0,13.0,5.0,1.0,1.0,1.0,5.24,45.6,1.0,0,1,0
46.0,1,8.53,2.0,14.0,9.0,1.0,0.0,1.0,7.39,3.41,1.0,1,0,0
25.0,0,15.74,13.0,5.0,2.0,0.0,0.0,0.0,4.25,49.67,1.0,1,0,0
54.0,0,15.89,1.0,1.0,7.0,0.0,0.0,1.0,23.73,64.94,1.0,0,1,0
50.0,0,3.02,7.0,6.0,4.0,1.0,1.0,1.0,2.94,22.82,1.0,0,1,0
39.0,0,7.48,18.0,12.0,1.0,0.0,1.0,1.0,10.03,89.89,1.0,0,1,0
22.0,1,13.76,5.0,9.0,9.0,1.0,1.0,1.0,8.79,20.03,1.0,1,0,0
56.0,0,14.74,7.0,13.0,2.0,0.0,1.0,0.0,8.2,23.75,1.0,0,1,0
35.0,1,17.4,12.0,12.0,6.0,1.0,1.0,1.0,15.49,91.31,1.0,0,1,0
55.0,0,21.46,17.0,3.0,9.0,1.0,1.0,0.0,13.69,68.75,1.0,1,0,0
54.0,0,2.37,5.0,10.0,8.0,1.0,0.0,1.0,1.97,52.86,1.0,0,1,0
47.0,0,3.34,12.0,10.0,0.0,0.0,0.0,0.0,4.06,33.02,1.0,0,1,0
48.0,0,2.76,19.0,2.0,5.0,1.0,1.0,1.0,2.61,76.91,1.0,1,0,0
27.0,1,13.27,13.0,7.0,8.0,0.0,1.0,0.0,10.9,58.83,1.0,0,1,0
32.0,1,2.21,16.0,9.0,6.0,0.0,0.0,1.0,3.08,34.19,1.0,1,0,0
59.0,1,22.64,19.0,11.0,2.0,0.0,1.0,1.0,11.53,82.6,1.0,1,0,0
35.0,0,7.47,10.0,11.0,6.0,1.0,0.0,1.0,9.82,79.46,1.0,0,1,0
40.0,0,28.24,12.0,4.0,1.0,0.0,1.0,1.0,31.66,94.09,1.0,0,0,1
50.0,0,15.11,7.0,3.0,9.0,1.0,1.0,0.0,8.26,99.49,1.0,0,1,0
33.0,1,13.94,14.0,10.0,1.0,1.0,1.0,0.0,7.45,1.15,1.0,0,0,1
55.0,0,23.64,10.0,3.0,0.0,0.0,1.0,0.0,15.88,32.01,1.0,0,1,0
52.0,1,21.68,8.0,4.0,2.0,1.0,0.0,1.0,32.03,19.26,1.0,0,1,0
51.0,0,18.61,15.0,11.0,0.0,1.0,0.0,0.0,10.9,21.36,1.0,0,1,0
45.0,0,28.12,16.0,3.0,7.0,1.0,1.0,1.0,34.84,86.48,1.0,0,1,0
19.0,1,13.25,8.0,2.0,7.0,0.0,0.0,0.0,11.95,97.49,1.0,1,0,0
47.0,1,24.45,4.0,3.0,3.0,1.0,1.0,1.0,18.01,94.01,1.0,1,0,0
30.0,1,12.02,17.0,9.0,0.0,1.0,0.0,1.0,12.92,69.65,1.0,1,0,0
58.0,1,25.31,4.0,14.0,1.0,0.0,0.0,1.0,21.97,55.5,1.0,0,1,0
33.0,1,8.52,11.0,12.0,1.0,1.0,1.0,1.0,6.9,63.8,1.0,0,1,0
22.0,1,9.39,13.0,12.0,1.0,1.0,0.0,1.0,6.95,85.57,1.0,1,0,0
45.0,0,20.66,6.0,4.0,8.0,1.0,1.0,0.0,19.79,0.7,1.0,0,1,0
56.0,1,7.17,14.0,11.0,6.0,0.0,0.0,1.0,4.8,42.83,1.0,1,0,0
37.0,0,7.65,7.0,7.0,8.0,1.0,1.0,0.0,10.34,50.66,1.0,1,0,0
41.0,0,9.85,12.0,6.0,9.0,1.0,0.0,0.0,10.75,92.35,1.0,0,1,0
44.0,0,20.69,1.0,13.0,9.0,0.0,1.0,1.0,11.65,17.21,1.0,1,0,0
47.0,0,26.79,10.0,13.0,1.0,1.0,0.0,1.0,25.64,74.44,1.0,1,0,0
44.0,0,20.56,1.0,4.0,4.0,1.0,1.0,0.0,23.22,92.4,1.0,1,0,0
43.0,1,25.01,16.0,8.0,0.0,1.0,1.0,0.0,34.05,76.4,1.0,0,1,0
24.0,1,16.76,7.0,13.0,1.0,1.0,0.0,1.0,8.77,1.03,1.0,0,1,0
59.0,1,3.0,6.0,5.0,3.0,0.0,0.0,0.0,2.87,65.94,1.0,0,1,0
55.0,0,3.91,18.0,10.0,9.0,0.0,0.0,0.0,4.71,20.95,1.0,0,1,0
22.0,1,17.08,4.0,0.0,0.0,0.0,1.0,0.0,11.89,60.51,1.0,0,1,0
40.0,0,10.51,16.0,8.0,7.0,1.0,1.0,1.0,7.58,57.12,1.0,1,0,0
45.0,0,7.4,1.0,4.0,5.0,1.0,0.0,0.0,7.32,95.7,1.0,1,0,0
51.0,0,14.52,2.0,14.0,0.0,1.0,0.0,1.0,20.1,19.03,1.0,0,1,0
32.0,0,20.33,16.0,14.0,8.0,1.0,0.0,0.0,18.26,5.05,1.0,0,1,0
49.0,1,12.16,9.0,8.0,0.0,0.0,1.0,0.0,11.97,61.13,1.0,0,0,1
43.0,1,24.27,15.0,0.0,3.0,0.0,0.0,1.0,27.56,34.39,1.0,0,1,0
48.0,1,22.42,16.0,13.0,4.0,1.0,1.0,1.0,18.18,75.02,1.0,1,0,0
36.0,1,22.31,9.0,1.0,8.0,0.0,1.0,1.0,30.5,99.32,1.0,0,0,1
26.0,1,29.57,7.0,7.0,1.0,0.0,1.0,1.0,43.23,40.14,1.0,1,0,0
46.0,0,9.56,10.0,11.0,8.0,0.0,1.0,0.0,11.0,15.18,1.0,0,0,1
56.0,1,15.74,7.0,4.0,0.0,0.0,1.0,0.0,22.43,55.41,1.0,1,0,0
21.0,0,25.81,13.0,13.0,3.0,0.0,1.0,0.0,30.29,34.62,1.0,0,1,0
20.0,0,17.81,2.0,5.0,6.0,1.0,1.0,0.0,12.36,79.47,1.0,0,1,0
39.0,0,23.9,12.0,4.0,3.0,1.0,1.0,0.0,29.45,53.43,1.0,0,1,0
28.0,1,13.02,13.0,0.0,7.0,0.0,1.0,0.0,11.03,90.82,1.0,0,1,0
50.0,0,18.12,3.0,3.0,6.0,0.0,0.0,0.0,27.06,83.82,1.0,1,0,0
55.0,0,2.61,11.0,5.0,5.0,0.0,0.0,1.0,3.27,91.41,1.0,0,1,0
28.0,1,29.59,8.0,3.0,4.0,0.0,1.0,0.0,32.07,29.91,1.0,1,0,0
44.0,0,24.2,11.0,3.0,9.0,1.0,0.0,1.0,34.18,90.28,1.0,0,1,0
50.0,0,26.2,18.0,4.0,2.0,0.0,0.0,0.0,38.52,86.64,1.0,0,1,0
38.0,0,21.13,7.0,7.0,7.0,0.0,0.0,0.0,27.85,62.7,1.0,0,0,1
56.0,1,6.4,12.0,7.0,3.0,0.0,1.0,0.0,14.3,91.04,1.0,0,1,0
48.0,0,1.9,6.0,6.0,7.0,1.0,1.0,0.0,1.07,5.42,1.0,1,0,0
39.0,0,26.08,10.0,7.0,0.0,0.0,0.0,1.0,31.45,78.56,1.0,0,1,0
19.0,1,12.49,15.0,5.0,1.0,0.0,1.0,0.0,10.44,14.55,1.0,0,1,0
44.0,1,8.65,15.0,5.0,1.0,0.0,1.0,0.0,12.37,34.09,1.0,0,1,0
53.0,0,17.29,19.0,14.0,5.0,0.0,1.0,0.0,19.22,72.96,1.0,0,1,0
28.0,1,13.21,6.0,14.0,4.0,0.0,1.0,0.0,11.5,20.97,1.0,1,0,0
35.0,1,19.9,19.0,13.0,9.0,0.0,0.0,0.0,16.7,23.12,1.0,1,0,0
18.0,1,15.03,15.0,1.0,9.0,1.0,0.0,0.0,15.85,21.2,1.0,0,1,0
52.0,1,21.22,18.0,12.0,6.0,1.0,0.0,1.0,21.04,45.62,1.0,1,0,0
52.0,1,25.75,2.0,12.0,1.0,0.0,0.0,1.0,22.94,8.1,1.0,0,1,0
48.0,1,6.67,7.0,9.0,8.0,1.0,1.0,1.0,4.73,88.65,1.0,1,0,0
45.0,1,10.55,5.0,4.0,1.0,0.0,1.0,1.0,13.68,72.97,1.0,1,0,0
39.0,0,13.67,3.0,0.0,0.0,1.0,1.0,1.0,12.76,51.35,1.0,1,0,0
18.0,1,28.9,6.0,8.0,1.0,0.0,1.0,1.0,17.31,8.42,1.0,1,0,0
42.0,1,11.59,6.0,6.0,2.0,0.0,1.0,1.0,6.78,12.43,1.0,0,1,0
55.0,1,12.05,1.0,1.0,5.0,1.0,1.0,0.0,8.89,9.85,1.0,0,0,1
37.0,0,19.95,19.0,5.0,6.0,1.0,1.0,1.0,20.99,1.47,1.0,0,1,0
20.0,1,13.16,12.0,9.0,5.0,0.0,1.0,1.0,8.53,66.71,1.0,1,0,0
19.0,1,28.59,5.0,8.0,0.0,0.0,1.0,1.0,20.44,51.01,1.0,0,1,0
35.0,0,26.94,7.0,11.0,8.0,0.0,1.0,1.0,26.99,38.21,1.0,0,1,0
27.0,1,15.89,8.0,4.0,7.0,1.0,0.0,0.0,11.41,34.75,1.0,1,0,0
22.0,0,19.7,19.0,2.0,1.0,1.0,0.0,1.0,26.75,46.14,1.0,1,0,0
26.0,0,2.68,6.0,10.0,0.0,1.0,1.0,1.0,2.92,47.5,1.0,0,1,0
19.0,1,21.18,15.0,9.0,6.0,0.0,1.0,1.0,12.41,13.91,1.0,1,0,0
51.0,0,21.51,6.0,10.0,2.0,1.0,1.0,1.0,13.76,53.15,1.0,1,0,0
55.0,1,11.42,9.0,3.0,2.0,1.0,0.0,0.0,7.94,4.8,1.0,1,0,0
48.0,1,7.37,4.0,2.0,9.0,0.0,1.0,0.0,8.33,93.86,1.0,0,1,0
27.0,0,27.54,16.0,0.0,8.0,1.0,0.0,1.0,16.68,71.42,1.0,0,1,0
29.0,0,13.37,10.0,9.0,1.0,1.0,1.0,0.0,7.26,0.95,1.0,0,1,0
53.0,1,19.96,1.0,13.0,4.0,0.0,0.0,1.0,24.52,28.88,1.0,0,1,0
38.0,1,1.97,11.0,10.0,3.0,1.0,1.0,0.0,1.93,98.27,1.0,0,1,0
23.0,0,13.01,17.0,12.0,0.0,0.0,0.0,0.0,17.55,4.85,1.0,0,1,0
20.0,1,24.7,18.0,14.0,5.0,1.0,1.0,0.0,31.93,14.67,1.0,0,1,0
27.0,1,12.24,15.0,6.0,5.0,0.0,0.0,1.0,9.47,47.71,1.0,0,1,0
22.0,1,18.49,6.0,7.0,0.0,0.0,1.0,1.0,12.8,35.34,1.0,0,1,0
43.0,0,7.09,16.0,1.0,6.0,0.0,1.0,0.0,7.21,98.52,1.0,0,0,1
38.0,1,13.08,2.0,7.0,5.0,0.0,1.0,1.0,7.59,53.96,1.0,0,1,0
43.0,1,27.9,3.0,11.0,3.0,1.0,0.0,1.0,31.61,94.12,1.0,0,1,0
55.0,1,17.43,17.0,8.0,6.0,0.0,0.0,0.0,8.93,37.68,1.0,0,1,0
39.0,0,27.16,8.0,6.0,2.0,0.0,0.0,0.0,35.39,27.21,1.0,1,0,0
25.0,0,27.16,15.0,7.0,9.0,0.0,0.0,0.0,37.77,28.84,1.0,0,0,1
22.0,0,28.38,13.0,0.0,5.0,1.0,1.0,1.0,42.46,63.66,1.0,0,1,0
32.0,1,26.97,19.0,3.0,5.0,0.0,1.0,1.0,22.77,60.4,1.0,0,1,0
33.0,0,1.1,1.0,6.0,9.0,0.0,1.0,0.0,1.17,55.36,1.0,0,0,1
18.0,1,28.09,12.0,5.0,5.0,1.0,0.0,1.0,38.29,18.91,1.0,0,1,0
33.0,0,4.99,18.0,10.0,2.0,1.0,1.0,0.0,4.8,26.34,1.0,0,1,0
54.0,1,2.16,18.0,13.0,9.0,0.0,0.0,0.0,1.79,28.91,1.0,0,1,0
20.0,0,2.61,3.0,7.0,4.0,1.0,0.0,0.0,1.43,86.62,1.0,0,1,0
48.0,1,11.12,18.0,5.0,0.0,0.0,0.0,0.0,9.94,81.73,1.0,0,0,1
30.0,1,19.0,17.0,9.0,5.0,0.0,1.0,1.0,11.0,20.5,1.0,0,1,0
33.0,0,12.67,11.0,5.0,6.0,1.0,0.0,0.0,10.93,14.64,1.0,0,0,1
39.0,1,1.74,5.0,9.0,4.0,1.0,0.0,1.0,1.47,10.21,1.0,0,0,1
19.0,0,14.82,7.0,5.0,4.0,1.0,0.0,1.0,17.0,6.76,1.0,0,1,0
44.0,0,13.82,18.0,6.0,5.0,0.0,1.0,1.0,11.97,98.46,1.0,0,1,0
55.0,1,22.95,7.0,4.0,6.0,0.0,0.0,0.0,20.29,49.5,1.0,0,1,0
43.0,1,9.11,18.0,11.0,3.0,1.0,1.0,1.0,7.16,1.69,1.0,0,1,0
55.0,0,7.31,2.0,10.0,6.0,0.0,0.0,0.0,8.1,0.66,1.0,0,1,0
42.0,1,8.42,6.0,8.0,4.0,1.0,0.0,1.0,7.49,68.99,1.0,1,0,0
28.0,0,9.81,8.0,6.0,6.0,0.0,0.0,0.0,14.3,31.13,1.0,0,1,0
25.0,1,18.38,17.0,0.0,0.0,0.0,0.0,0.0,25.58,9.9,1.0,0,0,1
25.0,1,14.67,4.0,10.0,9.0,1.0,1.0,1.0,10.81,46.4,1.0,0,1,0
50.0,1,10.77,17.0,11.0,1.0,0.0,0.0,1.0,9.74,1.88,1.0,1,0,0
24.0,1,11.86,16.0,11.0,1.0,1.0,1.0,1.0,13.46,42.49,1.0,0,1,0
55.0,0,11.76,15.0,13.0,6.0,1.0,0.0,0.0,6.07,23.76,1.0,0,1,0
38.0,0,29.2,15.0,8.0,8.0,1.0,0.0,0.0,21.24,26.49,1.0,0,1,0
25.0,1,7.76,8.0,10.0,6.0,1.0,0.0,0.0,6.09,28.62,1.0,0,1,0
38.0,1,24.72,10.0,5.0,5.0,1.0,1.0,1.0,22.31,30.77,1.0,0,1,0
37.0,1,21.54,19.0,10.0,2.0,1.0,1.0,0.0,29.93,2.0,1.0,0,1,0
25.0,1,1.16,1.0,7.0,4.0,1.0,0.0,0.0,0.69,57.02,1.0,0,1,0
48.0,0,29.8,13.0,8.0,9.0,1.0,1.0,0.0,16.86,54.79,1.0,0,1,0
46.0,1,22.94,6.0,10.0,1.0,1.0,1.0,0.0,26.71,65.08,1.0,0,0,1
26.0,0,20.79,10.0,10.0,8.0,1.0,1.0,1.0,17.97,15.99,1.0,0,1,0
32.0,0,12.75,1.0,13.0,5.0,0.0,0.0,0.0,8.64,99.48,1.0,0,1,0
47.0,0,17.1,12.0,1.0,8.0,1.0,1.0,1.0,14.3,13.58,1.0,0,1,0
43.0,1,8.34,19.0,1.0,8.0,1.0,1.0,0.0,6.2,81.16,1.0,0,1,0
27.0,1,2.03,15.0,4.0,6.0,0.0,1.0,0.0,2.16,22.04,1.0,0,1,0
46.0,0,25.24,5.0,13.0,4.0,1.0,1.0,0.0,22.94,43.9,1.0,0,0,1
33.0,0,27.0,2.0,4.0,3.0,1.0,1.0,1.0,23.25,32.42,1.0,0,1,0
53.0,0,5.71,19.0,11.0,0.0,1.0,1.0,0.0,6.97,30.77,1.0,0,1,0
37.0,0,23.82,14.0,9.0,8.0,1.0,0.0,1.0,26.52,48.65,1.0,0,1,0
54.0,1,22.49,9.0,9.0,5.0,0.0,0.0,0.0,22.8,23.96,1.0,0,1,0
39.0,0,6.17,1.0,1.0,1.0,0.0,1.0,1.0,3.88,54.69,1.0,0,1,0
24.0,1,13.23,13.0,9.0,6.0,1.0,1.0,0.0,14.36,25.07,1.0,1,0,0
40.0,1,13.26,17.0,3.0,5.0,1.0,0.0,1.0,15.82,97.29,1.0,0,1,0
58.0,1,23.04,2.0,8.0,3.0,1.0,1.0,1.0,30.29,23.94,1.0,0,1,0
57.0,1,25.29,14.0,3.0,5.0,1.0,0.0,0.0,20.22,76.46,1.0,1,0,0
46.0,0,3.75,6.0,0.0,5.0,0.0,1.0,0.0,2.87,46.97,1.0,0,1,0
33.0,1,17.33,6.0,4.0,4.0,1.0,0.0,1.0,21.64,3.79,1.0,0,1,0
55.0,0,23.09,18.0,1.0,0.0,1.0,0.0,0.0,14.3,15.27,1.0,0,0,1
45.0,1,23.8,19.0,13.0,5.0,0.0,1.0,0.0,21.56,92.86,1.0,0,1,0
55.0,0,5.29,9.0,5.0,6.0,0.0,1.0,0.0,3.49,82.03,1.0,1,0,0
48.0,0,16.24,15.0,0.0,1.0,0.0,1.0,1.0,15.17,14.41,1.0,0,1,0
31.0,0,25.87,7.0,6.0,9.0,1.0,0.0,1.0,31.72,5.11,1.0,0,1,0
50.0,0,10.24,6.0,6.0,9.0,1.0,0.0,0.0,9.73,15.27,1.0,0,1,0
26.0,0,13.33,5.0,14.0,0.0,0.0,0.0,0.0,18.3,58.39,1.0,0,1,0
44.0,1,24.33,19.0,3.0,7.0,1.0,0.0,1.0,12.27,63.36,1.0,0,1,0
41.0,0,3.59,1.0,8.0,6.0,1.0,0.0,0.0,2.44,37.89,1.0,0,1,0
30.0,1,25.93,7.0,2.0,5.0,0.0,1.0,0.0,28.9,28.09,1.0,1,0,0
43.0,0,10.02,18.0,4.0,9.0,0.0,0.0,1.0,11.74,20.69,1.0,1,0,0
46.0,1,1.04,8.0,4.0,4.0,1.0,0.0,0.0,0.81,43.89,1.0,0,1,0
45.0,1,7.79,12.0,7.0,5.0,1.0,1.0,1.0,11.23,2.26,1.0,0,1,0
45.0,1,3.6,10.0,9.0,0.0,0.0,1.0,0.0,2.99,0.87,1.0,0,1,0
25.0,0,3.68,6.0,9.0,8.0,1.0,0.0,1.0,3.35,79.78,1.0,1,0,0
40.0,1,21.09,16.0,3.0,0.0,1.0,0.0,1.0,31.14,53.04,1.0,0,1,0
46.0,0,7.21,19.0,0.0,3.0,1.0,1.0,0.0,7.06,78.12,1.0,1,0,0
22.0,0,28.11,18.0,10.0,2.0,1.0,1.0,1.0,31.28,11.39,1.0,0,1,0
59.0,1,15.98,13.0,4.0,3.0,1.0,0.0,0.0,16.62,81.53,1.0,0,1,0
24.0,1,14.34,7.0,0.0,0.0,0.0,0.0,1.0,14.3,92.27,1.0,0,1,0
59.0,0,13.59,10.0,2.0,9.0,1.0,1.0,1.0,20.27,53.34,1.0,1,0,0
53.0,0,21.09,16.0,5.0,3.0,1.0,1.0,0.0,11.79,10.54,1.0,0,0,1
58.0,0,14.12,10.0,0.0,3.0,1.0,1.0,0.0,20.95,12.32,1.0,0,0,1
44.0,0,4.73,15.0,9.0,2.0,1.0,0.0,1.0,4.58,19.42,1.0,0,1,0
19.0,0,26.52,14.0,13.0,7.0,1.0,0.0,0.0,18.29,18.53,1.0,0,0,1
42.0,0,13.42,12.0,13.0,6.0,1.0,0.0,1.0,8.95,94.49,1.0,0,1,0
26.0,1,3.15,15.0,12.0,8.0,0.0,1.0,1.0,3.64,80.03,1.0,0,1,0
44.0,0,16.35,8.0,2.0,1.0,1.0,0.0,1.0,19.8,31.81,1.0,0,1,0
18.0,0,19.77,7.0,6.0,9.0,1.0,0.0,0.0,27.65,81.66,1.0,0,1,0
40.0,1,8.99,9.0,1.0,2.0,1.0,1.0,1.0,6.62,77.21,1.0,1,0,0
27.0,1,24.21,14.0,5.0,5.0,0.0,0.0,0.0,22.59,35.53,1.0,0,1,0
59.0,1,20.42,7.0,6.0,1.0,0.0,0.0,1.0,30.04,3.0,1.0,0,0,1
42.0,0,19.86,12.0,11.0,1.0,0.0,1.0,1.0,18.43,0.87,1.0,0,1,0
20.0,1,13.2,14.0,11.0,9.0,1.0,1.0,0.0,12.67,32.56,1.0,0,1,0
23.0,1,28.9,11.0,1.0,1.0,1.0,1.0,1.0,22.79,4.54,1.0,0,0,1
23.0,0,8.95,19.0,10.0,1.0,0.0,0.0,0.0,12.27,12.11,1.0,0,1,0
19.0,0,17.75,6.0,10.0,4.0,0.0,0.0,1.0,15.36,25.44,1.0,1,0,0
35.0,0,9.96,3.0,4.0,0.0,1.0,0.0,1.0,11.31,17.9,1.0,1,0,0
40.0,0,22.6,6.0,9.0,6.0,0.0,0.0,0.0,15.43,14.48,1.0,0,1,0
19.0,1,2.39,9.0,11.0,0.0,0.0,1.0,0.0,2.67,26.21,1.0,1,0,0
29.0,0,2.33,2.0,9.0,0.0,1.0,0.0,0.0,3.34,73.69,1.0,0,1,0
39.0,1,24.51,6.0,0.0,4.0,0.0,1.0,1.0,31.3,44.44,1.0,1,0,0
54.0,0,13.59,14.0,2.0,6.0,1.0,1.0,1.0,7.71,66.32,1.0,0,1,0
37.0,1,10.89,19.0,13.0,2.0,1.0,1.0,1.0,12.35,92.88,1.0,0,1,0
56.0,0,18.62,4.0,0.0,6.0,0.0,1.0,0.0,19.71,0.14,1.0,0,1,0
41.0,0,21.36,14.0,11.0,8.0,0.0,0.0,1.0,17.91,95.12,1.0,0,1,0
37.0,1,6.83,10.0,2.0,3.0,1.0,0.0,0.0,9.17,27.91,1.0,1,0,0
18.0,1,6.38,6.0,3.0,4.0,1.0,1.0,0.0,8.24,28.75,1.0,0,0,1
18.0,1,28.79,11.0,11.0,7.0,0.0,1.0,0.0,33.07,62.94,1.0,1,0,0
34.0,1,18.1,13.0,11.0,8.0,0.0,0.0,1.0,22.52,36.09,1.0,0,1,0
18.0,0,12.31,18.0,4.0,4.0,0.0,1.0,1.0,8.53,8.05,1.0,0,0,1
47.0,1,24.24,14.0,3.0,4.0,0.0,0.0,1.0,34.43,71.14,1.0,0,1,0
58.0,0,16.23,11.0,3.0,1.0,0.0,0.0,0.0,18.96,18.32,1.0,0,1,0
20.0,0,8.01,5.0,8.0,8.0,1.0,0.0,1.0,7.75,92.94,1.0,0,1,0
28.0,0,7.0,8.0,8.0,5.0,1.0,1.0,1.0,4.85,98.79,1.0,0,1,0
41.0,1,12.51,4.0,8.0,4.0,1.0,1.0,0.0,14.8,18.12,1.0,1,0,0
39.0,0,25.94,12.0,10.0,4.0,0.0,1.0,0.0,15.48,75.37,1.0,0,1,0
43.0,1,2.78,6.0,4.0,3.0,0.0,1.0,0.0,2.28,99.18,1.0,0,1,0
30.0,0,7.34,8.0,10.0,0.0,1.0,1.0,1.0,7.88,95.53,1.0,1,0,0
18.0,0,15.74,4.0,12.0,5.0,0.0,1.0,0.0,30.83,56.49,1.0,0,0,1
41.0,0,4.53,10.0,4.0,0.0,1.0,1.0,0.0,2.34,31.2,1.0,1,0,0
27.0,1,19.26,11.0,1.0,9.0,1.0,0.0,1.0,9.8,1.17,1.0,0,1,0
52.0,1,7.19,15.0,5.0,1.0,0.0,0.0,0.0,4.4,89.82,1.0,1,0,0
41.0,0,18.57,5.0,1.0,6.0,0.0,1.0,0.0,23.55,3.56,1.0,0,1,0
45.0,1,12.11,3.0,9.0,0.0,0.0,0.0,1.0,12.92,57.64,1.0,0,1,0
53.0,1,3.95,15.0,12.0,7.0,0.0,0.0,0.0,4.38,18.61,1.0,0,0,1
33.0,0,17.89,2.0,4.0,7.0,0.0,1.0,1.0,19.74,24.2,1.0,0,0,1
57.0,0,20.81,2.0,7.0,6.0,0.0,0.0,0.0,11.17,2.34,1.0,1,0,0
33.0,1,20.73,10.0,12.0,6.0,0.0,0.0,1.0,13.94,3.69,1.0,0,1,0
34.0,0,19.47,14.0,14.0,0.0,1.0,0.0,0.0,23.91,35.02,1.0,1,0,0
32.0,0,15.51,9.0,11.0,5.0,0.0,0.0,0.0,17.77,49.5,1.0,0,0,1
33.0,1,16.06,5.0,11.0,8.0,0.0,0.0,1.0,15.18,56.58,1.0,0,1,0
32.0,1,19.43,12.0,4.0,4.0,1.0,0.0,1.0,10.11,53.83,1.0,0,1,0
51.0,0,21.02,10.0,3.0,4.0,0.0,1.0,1.0,19.27,62.03,1.0,1,0,0
28.0,1,19.99,1.0,4.0,6.0,1.0,0.0,0.0,14.95,53.53,1.0,0,1,0
18.0,1,18.02,19.0,6.0,9.0,1.0,1.0,1.0,21.57,30.42,1.0,0,0,1
32.0,0,5.52,11.0,9.0,7.0,1.0,0.0,0.0,7.31,88.0,1.0,0,1,0
43.0,0,7.11,17.0,12.0,5.0,0.0,0.0,1.0,7.14,47.56,1.0,1,0,0
21.0,0,8.55,3.0,7.0,4.0,1.0,1.0,0.0,7.73,75.27,1.0,1,0,0
22.0,0,27.67,1.0,14.0,0.0,1.0,0.0,1.0,21.39,91.2,1.0,0,1,0
52.0,1,23.02,17.0,0.0,9.0,0.0,1.0,0.0,13.64,0.37,1.0,1,0,0
30.0,1,15.74,6.0,3.0,9.0,0.0,0.0,1.0,14.85,47.81,1.0,0,1,0
39.0,0,8.31,13.0,6.0,5.0,0.0,1.0,1.0,9.79,60.46,1.0,0,1,0
28.0,0,4.22,4.0,0.0,8.0,0.0,1.0,1.0,4.92,50.24,1.0,0,1,0
35.0,0,27.06,5.0,3.0,5.0,0.0,0.0,1.0,24.7,90.24,1.0,0,1,0
51.0,0,26.89,15.0,14.0,2.0,1.0,1.0,0.0,39.42,94.0,1.0,1,0,0
39.0,1,4.21,14.0,14.0,9.0,1.0,1.0,1.0,6.06,13.43,1.0,0,0,1
58.0,1,24.12,19.0,13.0,6.0,1.0,1.0,0.0,33.18,30.25,1.0,0,1,0
59.0,0,13.95,15.0,5.0,3.0,1.0,0.0,0.0,13.05,26.39,1.0,0,1,0
40.0,0,10.4,12.0,5.0,2.0,0.0,0.0,1.0,12.96,49.68,1.0,0,1,0
24.0,1,22.43,18.0,0.0,6.0,1.0,0.0,1.0,32.05,38.21,1.0,1,0,0
56.0,1,18.82,14.0,6.0,5.0,0.0,1.0,0.0,23.29,35.92,1.0,0,0,1
39.0,1,23.62,10.0,13.0,3.0,0.0,0.0,0.0,19.27,53.39,1.0,1,0,0
29.0,1,3.16,8.0,4.0,9.0,0.0,1.0,0.0,1.79,49.01,1.0,1,0,0
24.0,0,10.24,4.0,5.0,7.0,1.0,1.0,1.0,14.93,46.54,1.0,0,1,0
43.0,1,10.26,18.0,0.0,1.0,1.0,0.0,0.0,15.31,11.32,1.0,0,1,0
50.0,1,10.56,10.0,6.0,5.0,0.0,1.0,0.0,12.6,53.93,1.0,1,0,0
54.0,1,15.57,4.0,3.0,2.0,1.0,1.0,0.0,12.7,5.9,1.0,1,0,0
32.0,0,9.21,11.0,2.0,7.0,1.0,1.0,0.0,12.57,61.63,1.0,1,0,0
19.0,0,13.89,5.0,11.0,7.0,1.0,0.0,0.0,20.19,62.34,1.0,1,0,0
58.0,1,11.67,10.0,10.0,0.0,1.0,1.0,0.0,11.75,26.06,1.0,1,0,0
24.0,1,22.32,6.0,12.0,1.0,0.0,0.0,1.0,18.12,13.53,1.0,1,0,0
49.0,0,18.5,4.0,14.0,3.0,0.0,0.0,1.0,14.3,79.83,1.0,0,0,1
21.0,0,19.96,18.0,3.0,0.0,1.0,1.0,1.0,11.45,77.04,1.0,0,0,1
37.0,1,7.11,17.0,8.0,2.0,1.0,0.0,1.0,7.58,94.6,1.0,0,1,0
53.0,0,10.44,10.0,4.0,3.0,0.0,0.0,1.0,9.18,44.63,1.0,0,1,0
49.0,1,1.61,9.0,11.0,9.0,0.0,0.0,0.0,2.23,31.56,1.0,0,1,0
45.0,0,4.14,3.0,4.0,5.0,1.0,0.0,1.0,3.21,30.26,1.0,1,0,0
30.0,1,8.69,9.0,7.0,4.0,0.0,0.0,0.0,4.42,18.02,1.0,0,1,0
18.0,1,2.9,4.0,14.0,9.0,1.0,1.0,1.0,3.59,34.97,1.0,0,1,0
39.0,0,18.48,19.0,6.0,5.0,1.0,0.0,1.0,9.38,12.78,1.0,0,1,0
47.0,1,29.95,9.0,2.0,7.0,0.0,0.0,1.0,31.33,87.2,1.0,1,0,0
53.0,0,3.92,6.0,12.0,7.0,0.0,0.0,1.0,2.67,34.69,1.0,0,1,0
42.0,1,24.82,11.0,14.0,1.0,1.0,1.0,0.0,27.56,54.73,1.0,0,1,0
33.0,0,4.45,15.0,0.0,0.0,1.0,0.0,0.0,3.11,6.66,1.0,0,1,0
36.0,1,20.43,6.0,11.0,5.0,0.0,0.0,1.0,20.47,28.07,1.0,1,0,0
18.0,1,19.65,10.0,10.0,0.0,1.0,1.0,0.0,16.41,22.35,1.0,0,1,0
22.0,1,27.18,18.0,12.0,5.0,1.0,0.0,1.0,18.55,88.7,1.0,0,1,0
39.0,0,4.3,16.0,1.0,6.0,1.0,1.0,0.0,4.76,18.0,1.0,1,0,0
41.0,1,10.15,4.0,2.0,8.0,1.0,0.0,1.0,5.91,79.55,1.0,0,1,0
54.0,1,3.63,13.0,10.0,9.0,1.0,0.0,0.0,5.23,28.27,1.0,0,1,0
53.0,1,15.74,5.0,0.0,9.0,0.0,0.0,0.0,16.37,21.12,1.0,1,0,0
53.0,1,27.44,19.0,0.0,0.0,1.0,1.0,1.0,38.85,0.97,1.0,0,1,0
21.0,0,23.66,18.0,7.0,6.0,1.0,1.0,1.0,12.83,29.16,1.0,0,1,0
39.0,1,21.96,17.0,12.0,3.0,1.0,1.0,0.0,11.03,7.03,1.0,0,1,0
35.0,0,16.46,16.0,7.0,8.0,0.0,0.0,0.0,14.12,36.21,1.0,0,1,0
33.0,0,26.62,1.0,1.0,3.0,0.0,1.0,1.0,29.73,5.29,1.0,1,0,0
58.0,0,14.03,1.0,7.0,1.0,0.0,1.0,1.0,10.44,6.42,1.0,1,0,0
35.0,0,5.34,14.0,10.0,0.0,0.0,1.0,1.0,5.6,35.45,1.0,0,1,0
39.0,1,25.29,2.0,12.0,6.0,0.0,0.0,1.0,27.97,44.8,1.0,0,1,0
19.0,1,9.11,15.0,13.0,6.0,0.0,1.0,0.0,5.94,33.24,1.0,1,0,0
38.0,1,2.56,3.0,1.0,2.0,1.0,1.0,0.0,3.25,2.37,1.0,1,0,0
53.0,0,4.66,13.0,12.0,4.0,1.0,1.0,1.0,6.69,17.81,1.0,0,1,0
56.0,1,18.66,19.0,10.0,9.0,1.0,1.0,0.0,21.27,93.9,1.0,0,1,0
56.0,0,18.61,1.0,4.0,6.0,0.0,0.0,1.0,26.94,57.17,1.0,0,1,0
46.0,1,8.55,13.0,0.0,7.0,0.0,1.0,0.0,6.38,85.4,1.0,0,1,0
43.0,1,22.09,15.0,8.0,8.0,0.0,1.0,0.0,11.85,5.13,1.0,0,1,0
38.0,1,23.44,16.0,3.0,9.0,0.0,0.0,0.0,17.52,49.5,1.0,0,1,0
34.0,0,27.69,11.0,9.0,9.0,0.0,1.0,0.0,31.79,78.18,1.0,0,1,0
33.0,1,17.96,3.0,13.0,0.0,0.0,1.0,1.0,19.71,38.45,1.0,0,1,0
48.0,0,23.6,8.0,10.0,8.0,1.0,0.0,1.0,18.11,36.91,1.0,0,1,0
26.0,0,22.84,6.0,1.0,5.0,0.0,0.0,0.0,20.74,23.82,1.0,0,1,0
48.0,0,8.48,5.0,0.0,5.0,1.0,1.0,0.0,7.36,16.05,1.0,0,1,0
31.0,1,10.0,10.0,5.0,6.0,0.0,0.0,1.0,14.5,82.85,1.0,0,1,0
54.0,1,14.88,9.0,10.0,8.0,0.0,1.0,1.0,12.12,6.14,1.0,1,0,0
19.0,0,1.55,5.0,7.0,6.0,0.0,0.0,1.0,1.07,49.84,1.0,0,1,0
31.0,1,9.62,10.0,3.0,6.0,1.0,1.0,0.0,10.25,49.5,1.0,1,0,0
50.0,0,14.74,6.0,0.0,2.0,1.0,0.0,1.0,9.21,27.54,1.0,0,1,0
52.0,0,4.13,10.0,0.0,9.0,1.0,0.0,1.0,4.16,76.07,1.0,0,1,0
56.0,0,4.66,4.0,5.0,8.0,1.0,0.0,1.0,5.53,87.9,1.0,0,1,0
37.0,1,14.43,12.0,1.0,3.0,0.0,1.0,0.0,20.83,19.5,1.0,0,0,1
19.0,1,22.2,6.0,14.0,5.0,1.0,0.0,0.0,30.91,7.7,1.0,0,1,0
58.0,1,25.18,1.0,4.0,6.0,1.0,1.0,1.0,33.77,37.51,1.0,0,1,0
36.0,0,15.74,18.0,14.0,8.0,0.0,1.0,1.0,15.05,44.01,1.0,1,0,0
54.0,0,14.77,2.0,1.0,9.0,0.0,0.0,0.0,20.59,5.31,1.0,0,0,1
35.0,1,12.14,5.0,8.0,2.0,0.0,1.0,0.0,14.77,47.0,1.0,0,0,1
33.0,1,6.6,16.0,1.0,1.0,1.0,1.0,0.0,6.21,95.11,1.0,0,1,0
21.0,0,5.25,12.0,4.0,1.0,1.0,1.0,1.0,5.59,38.56,1.0,0,1,0
29.0,0,23.96,12.0,3.0,1.0,1.0,1.0,1.0,22.43,90.0,1.0,1,0,0
46.0,0,14.49,11.0,10.0,8.0,0.0,1.0,0.0,10.1,84.86,1.0,0,1,0
24.0,1,23.92,19.0,0.0,7.0,0.0,1.0,1.0,22.76,43.66,1.0,1,0,0
31.0,0,21.42,7.0,9.0,8.0,0.0,1.0,0.0,28.0,70.65,1.0,1,0,0
29.0,0,6.62,2.0,8.0,8.0,0.0,1.0,0.0,5.07,20.91,1.0,1,0,0
52.0,0,15.8,6.0,2.0,0.0,1.0,1.0,0.0,18.02,13.51,1.0,0,1,0
22.0,1,13.88,4.0,9.0,9.0,0.0,0.0,1.0,14.62,0.21,1.0,0,1,0
34.0,0,13.29,2.0,7.0,9.0,0.0,0.0,1.0,18.87,7.33,1.0,1,0,0
59.0,1,16.73,17.0,3.0,8.0,0.0,0.0,1.0,20.85,62.83,1.0,0,1,0
49.0,0,29.48,8.0,10.0,0.0,0.0,1.0,0.0,14.3,88.54,1.0,0,1,0
27.0,0,24.57,5.0,12.0,4.0,1.0,0.0,0.0,26.09,97.78,1.0,0,1,0
34.0,1,27.21,10.0,12.0,3.0,0.0,1.0,1.0,38.4,48.25,1.0,0,1,0
22.0,0,1.86,16.0,8.0,7.0,0.0,0.0,0.0,1.35,14.05,1.0,0,1,0
59.0,1,5.07,2.0,4.0,4.0,1.0,1.0,0.0,4.94,0.01,1.0,1,0,0
26.0,0,3.46,19.0,1.0,8.0,0.0,1.0,1.0,14.3,98.49,1.0,0,1,0
50.0,1,8.63,7.0,7.0,0.0,1.0,0.0,0.0,7.93,81.78,1.0,0,1,0
53.0,0,13.81,2.0,12.0,7.0,0.0,1.0,1.0,7.71,52.37,1.0,0,1,0
53.0,1,19.62,13.0,7.0,5.0,0.0,0.0,1.0,27.0,24.56,1.0,0,1,0
35.0,1,15.52,4.0,13.0,0.0,1.0,1.0,1.0,22.94,51.77,1.0,0,0,1
26.0,0,27.19,16.0,1.0,1.0,0.0,0.0,0.0,29.03,83.85,1.0,1,0,0
46.0,1,28.26,10.0,5.0,3.0,1.0,1.0,1.0,29.79,55.6,1.0,0,1,0
31.0,0,5.74,17.0,0.0,4.0,0.0,0.0,1.0,8.36,99.55,1.0,1,0,0
42.0,1,25.73,14.0,7.0,0.0,1.0,0.0,0.0,22.98,10.67,1.0,0,1,0
32.0,0,14.97,12.0,8.0,9.0,1.0,0.0,1.0,16.78,98.25,1.0,0,0,1
23.0,0,14.15,13.0,6.0,6.0,1.0,1.0,1.0,18.92,58.46,1.0,0,1,0
59.0,0,23.76,8.0,12.0,3.0,1.0,1.0,0.0,23.9,56.79,1.0,0,1,0
46.0,0,3.7,17.0,12.0,0.0,0.0,0.0,0.0,2.67,35.91,1.0,0,1,0
32.0,1,26.59,18.0,8.0,5.0,1.0,1.0,1.0,34.9,4.09,1.0,1,0,0
46.0,0,20.46,10.0,1.0,8.0,0.0,1.0,1.0,15.78,76.04,1.0,0,1,0
21.0,0,26.38,13.0,10.0,8.0,0.0,0.0,0.0,35.45,27.59,1.0,1,0,0
35.0,0,29.84,10.0,0.0,3.0,0.0,0.0,1.0,43.11,35.0,1.0,0,1,0
56.0,0,15.74,17.0,6.0,6.0,0.0,0.0,0.0,16.76,53.37,1.0,0,0,1
39.0,0,3.7,6.0,3.0,9.0,1.0,1.0,0.0,2.03,5.7,1.0,0,1,0
39.0,1,5.83,12.0,9.0,0.0,1.0,1.0,1.0,8.49,1.08,1.0,0,0,1
31.0,0,10.38,13.0,7.0,5.0,0.0,0.0,1.0,13.82,10.49,1.0,0,1,0
20.0,1,4.0,4.0,2.0,8.0,1.0,0.0,1.0,2.47,73.53,1.0,0,1,0
59.0,1,24.64,15.0,6.0,0.0,1.0,1.0,0.0,27.83,19.05,1.0,0,0,1
55.0,0,9.61,16.0,6.0,8.0,0.0,0.0,1.0,7.84,51.43,1.0,0,0,1
59.0,0,29.3,19.0,10.0,5.0,0.0,1.0,0.0,24.33,18.59,1.0,1,0,0
35.0,1,21.38,15.0,14.0,9.0,0.0,0.0,1.0,23.1,28.47,1.0,0,1,0
37.0,1,6.03,6.0,9.0,6.0,1.0,0.0,0.0,7.31,3.79,1.0,0,1,0
42.0,1,14.81,6.0,8.0,3.0,0.0,0.0,0.0,7.57,36.65,1.0,0,1,0
55.0,0,14.54,5.0,10.0,8.0,1.0,0.0,0.0,9.49,13.64,1.0,0,1,0
30.0,1,15.28,2.0,3.0,5.0,0.0,0.0,0.0,21.43,55.81,1.0,0,1,0
21.0,1,16.54,2.0,13.0,5.0,1.0,1.0,0.0,16.46,49.5,1.0,0,1,0
31.0,0,1.9,5.0,9.0,9.0,1.0,0.0,0.0,1.88,87.84,1.0,1,0,0
50.0,1,20.9,3.0,12.0,5.0,1.0,0.0,1.0,28.01,93.34,1.0,1,0,0
45.0,0,15.13,6.0,13.0,3.0,0.0,1.0,0.0,9.52,12.39,1.0,0,1,0
54.0,1,23.94,11.0,0.0,6.0,0.0,0.0,0.0,29.06,51.65,1.0,0,1,0
25.0,0,24.65,5.0,6.0,1.0,1.0,0.0,1.0,24.8,11.48,1.0,0,1,0
51.0,1,7.69,18.0,9.0,1.0,0.0,1.0,1.0,9.55,30.65,1.0,1,0,0
22.0,0,2.4,14.0,11.0,5.0,1.0,0.0,0.0,2.83,23.13,1.0,0,1,0
22.0,0,21.39,10.0,13.0,8.0,1.0,0.0,0.0,24.95,1.25,1.0,1,0,0
48.0,1,29.36,3.0,5.0,2.0,1.0,1.0,0.0,39.81,93.18,1.0,0,1,0
26.0,0,13.95,16.0,10.0,6.0,1.0,1.0,1.0,14.66,78.17,1.0,0,1,0
59.0,1,8.53,16.0,0.0,8.0,1.0,0.0,0.0,7.74,51.9,1.0,1,0,0
49.0,0,5.54,11.0,8.0,8.0,1.0,1.0,0.0,3.87,34.49,1.0,1,0,0
50.0,0,9.34,4.0,9.0,2.0,1.0,0.0,0.0,7.88,41.16,1.0,0,1,0
20.0,0,10.51,11.0,7.0,0.0,1.0,1.0,0.0,14.4,20.52,1.0,0,1,0
47.0,0,13.29,8.0,9.0,1.0,0.0,0.0,1.0,11.13,49.5,1.0,0,0,1
29.0,0,20.01,16.0,3.0,7.0,0.0,0.0,1.0,29.72,28.55,1.0,0,1,0
46.0,0,8.92,8.0,14.0,6.0,0.0,0.0,0.0,9.88,7.47,1.0,1,0,0
20.0,0,2.48,9.0,14.0,0.0,1.0,1.0,1.0,3.26,56.45,1.0,1,0,0
43.0,1,11.83,14.0,4.0,2.0,0.0,1.0,0.0,11.75,74.88,1.0,1,0,0
47.0,1,25.81,8.0,7.0,7.0,1.0,1.0,0.0,29.8,97.14,1.0,0,1,0
26.0,0,15.45,16.0,1.0,5.0,1.0,1.0,1.0,23.01,62.15,1.0,0,1,0
43.0,0,28.98,2.0,5.0,4.0,0.0,1.0,0.0,28.99,18.44,1.0,0,0,1
19.0,0,15.61,19.0,9.0,2.0,1.0,1.0,1.0,11.92,39.11,1.0,0,1,0
20.0,1,9.0,19.0,1.0,6.0,0.0,0.0,1.0,10.35,31.67,1.0,0,1,0
21.0,0,15.74,19.0,14.0,4.0,0.0,0.0,0.0,9.38,1.95,1.0,1,0,0
42.0,1,21.14,18.0,11.0,0.0,0.0,1.0,1.0,10.93,49.5,1.0,0,1,0
30.0,0,16.56,13.0,10.0,4.0,1.0,0.0,1.0,24.72,79.96,1.0,1,0,0
56.0,0,18.52,17.0,7.0,2.0,0.0,0.0,1.0,19.35,40.53,1.0,1,0,0
52.0,0,22.9,1.0,4.0,1.0,1.0,0.0,1.0,29.76,85.18,1.0,1,0,0
40.0,0,22.05,5.0,11.0,2.0,1.0,1.0,0.0,13.63,74.29,1.0,1,0,0
26.0,0,2.26,13.0,9.0,9.0,1.0,1.0,0.0,1.79,71.94,1.0,0,1,0
19.0,1,24.27,6.0,2.0,3.0,1.0,1.0,1.0,35.85,38.1,1.0,0,1,0
58.0,0,15.74,10.0,1.0,0.0,1.0,0.0,1.0,12.96,5.34,1.0,0,1,0
48.0,1,15.74,9.0,3.0,3.0,1.0,1.0,1.0,11.27,88.24,1.0,0,1,0
19.0,1,16.59,6.0,7.0,8.0,0.0,0.0,1.0,12.95,63.83,1.0,0,0,1
49.0,0,18.76,1.0,0.0,0.0,0.0,0.0,1.0,18.17,9.05,1.0,1,0,0
35.0,0,5.34,18.0,9.0,6.0,1.0,0.0,1.0,3.52,8.16,1.0,0,1,0
30.0,0,13.11,7.0,14.0,7.0,0.0,0.0,1.0,13.23,61.43,1.0,1,0,0
22.0,1,10.73,10.0,2.0,8.0,1.0,0.0,0.0,8.57,42.22,1.0,0,1,0
59.0,1,11.16,12.0,12.0,6.0,0.0,0.0,0.0,14.68,19.07,1.0,0,1,0
27.0,1,3.65,15.0,0.0,8.0,0.0,1.0,0.0,3.25,23.94,1.0,1,0,0
42.0,0,5.64,17.0,1.0,9.0,0.0,0.0,0.0,7.29,38.57,1.0,1,0,0
51.0,1,5.69,3.0,9.0,2.0,0.0,0.0,0.0,6.5,75.02,1.0,0,1,0
54.0,1,11.82,15.0,10.0,0.0,1.0,0.0,1.0,16.73,19.7,1.0,0,1,0
47.0,1,15.74,1.0,14.0,1.0,0.0,0.0,1.0,35.31,70.23,1.0,0,1,0
24.0,0,6.97,11.0,6.0,9.0,0.0,1.0,1.0,9.77,17.9,1.0,0,1,0
23.0,1,13.07,6.0,0.0,0.0,1.0,0.0,0.0,13.41,76.37,1.0,0,1,0
20.0,1,10.04,16.0,8.0,1.0,1.0,1.0,0.0,14.19,90.03,1.0,0,1,0
30.0,0,23.83,12.0,7.0,8.0,1.0,0.0,1.0,15.6,44.28,1.0,1,0,0
20.0,0,2.45,15.0,0.0,4.0,0.0,1.0,1.0,1.43,64.13,1.0,0,0,1
43.0,0,6.7,18.0,9.0,3.0,1.0,1.0,0.0,6.87,26.64,1.0,0,1,0
41.0,1,7.11,10.0,0.0,1.0,0.0,1.0,0.0,9.43,92.76,0.0,0,1,0
23.0,1,29.8,12.0,1.0,2.0,0.0,1.0,1.0,21.22,42.59,1.0,1,0,0
59.0,1,17.55,19.0,1.0,8.0,1.0,1.0,1.0,25.77,49.67,1.0,1,0,0
29.0,0,5.03,5.0,5.0,2.0,0.0,0.0,1.0,3.45,26.15,1.0,0,0,1
53.0,1,8.89,18.0,0.0,7.0,1.0,1.0,0.0,14.3,19.4,1.0,0,1,0
19.0,0,5.87,19.0,3.0,0.0,1.0,1.0,1.0,8.31,22.74,1.0,0,1,0
28.0,0,4.61,12.0,6.0,4.0,0.0,0.0,1.0,6.76,47.58,1.0,0,1,0
56.0,1,24.12,1.0,12.0,1.0,1.0,1.0,1.0,28.01,13.76,1.0,1,0,0
51.0,1,15.38,2.0,12.0,3.0,0.0,0.0,0.0,16.52,38.79,1.0,0,1,0
43.0,1,19.31,3.0,11.0,1.0,0.0,0.0,1.0,11.41,38.2,1.0,0,1,0
35.0,0,10.61,12.0,7.0,2.0,0.0,0.0,0.0,5.52,43.32,1.0,0,1,0
38.0,0,17.06,14.0,9.0,4.0,0.0,1.0,1.0,25.35,42.2,1.0,0,1,0
53.0,1,8.47,7.0,2.0,1.0,0.0,1.0,0.0,6.56,27.44,1.0,1,0,0
57.0,0,9.93,4.0,3.0,8.0,1.0,1.0,1.0,5.68,36.68,1.0,0,1,0
39.0,1,19.91,12.0,4.0,7.0,1.0,1.0,1.0,20.68,90.24,1.0,1,0,0
47.0,1,5.36,8.0,4.0,4.0,1.0,1.0,0.0,4.36,3.75,1.0,0,1,0
47.0,1,18.9,1.0,1.0,0.0,0.0,0.0,1.0,16.21,49.5,1.0,0,1,0
25.0,0,25.71,5.0,12.0,4.0,1.0,1.0,1.0,21.95,92.88,1.0,0,1,0
51.0,0,4.49,1.0,4.0,3.0,0.0,0.0,0.0,3.36,27.1,1.0,0,1,0
26.0,1,27.03,15.0,9.0,8.0,0.0,1.0,0.0,39.67,30.42,1.0,0,1,0
37.0,1,3.3,13.0,0.0,1.0,1.0,1.0,0.0,2.53,34.41,1.0,1,0,0
57.0,0,11.12,13.0,6.0,6.0,1.0,0.0,0.0,11.75,10.34,1.0,1,0,0
42.0,1,18.7,4.0,13.0,1.0,1.0,0.0,0.0,13.81,76.9,1.0,0,1,0
36.0,0,17.22,15.0,14.0,2.0,0.0,0.0,0.0,21.73,16.32,1.0,0,1,0
22.0,1,3.8,10.0,4.0,2.0,0.0,1.0,0.0,2.77,70.18,1.0,0,0,1
28.0,0,24.17,8.0,5.0,9.0,1.0,1.0,0.0,26.94,23.25,1.0,0,1,0
32.0,1,29.22,16.0,13.0,7.0,1.0,0.0,1.0,38.98,68.21,1.0,0,1,0
25.0,0,6.26,12.0,8.0,1.0,0.0,0.0,1.0,4.83,97.19,1.0,0,1,0
36.0,1,26.96,6.0,2.0,0.0,1.0,1.0,0.0,35.14,50.97,1.0,1,0,0
40.0,0,17.15,15.0,0.0,5.0,0.0,0.0,0.0,14.3,31.89,1.0,0,1,0
44.0,0,28.14,7.0,7.0,5.0,0.0,0.0,1.0,17.35,37.8,1.0,0,1,0
57.0,0,6.11,5.0,1.0,0.0,0.0,0.0,0.0,5.5,38.39,1.0,0,1,0
49.0,0,23.97,15.0,1.0,4.0,0.0,1.0,1.0,21.74,12.53,1.0,0,1,0
43.0,1,2.73,12.0,9.0,8.0,0.0,1.0,1.0,2.77,81.88,1.0,0,1,0
39.0,0,26.61,11.0,12.0,9.0,1.0,1.0,0.0,13.94,37.92,1.0,1,0,0
36.0,0,20.55,4.0,3.0,9.0,1.0,0.0,1.0,12.68,71.79,1.0,1,0,0
59.0,1,11.74,13.0,4.0,4.0,1.0,0.0,1.0,5.99,27.04,1.0,0,1,0
46.0,0,6.52,18.0,0.0,6.0,0.0,1.0,0.0,9.48,35.64,1.0,0,1,0
56.0,1,24.68,8.0,10.0,5.0,1.0,1.0,1.0,20.07,88.69,1.0,1,0,0
58.0,0,18.49,10.0,2.0,9.0,1.0,0.0,1.0,21.97,42.5,1.0,1,0,0
50.0,0,11.45,16.0,10.0,3.0,1.0,1.0,1.0,12.69,35.32,1.0,0,1,0
36.0,0,13.87,3.0,7.0,1.0,0.0,0.0,1.0,16.99,31.37,1.0,0,1,0
54.0,0,24.97,16.0,5.0,9.0,1.0,1.0,1.0,34.53,89.29,1.0,0,1,0
36.0,0,10.83,16.0,2.0,4.0,1.0,1.0,0.0,7.94,42.28,1.0,0,1,0
50.0,0,3.6,7.0,13.0,9.0,0.0,1.0,0.0,3.33,87.71,1.0,0,1,0
33.0,1,27.43,13.0,11.0,8.0,1.0,1.0,1.0,22.72,30.03,1.0,1,0,0
40.0,1,12.23,13.0,6.0,2.0,1.0,1.0,1.0,7.12,97.83,1.0,0,1,0
24.0,0,11.1,19.0,10.0,2.0,0.0,1.0,0.0,5.9,50.28,1.0,1,0,0
43.0,0,6.93,18.0,5.0,6.0,1.0,0.0,0.0,8.76,16.46,1.0,1,0,0
49.0,1,27.03,7.0,4.0,9.0,0.0,0.0,0.0,17.01,42.41,1.0,1,0,0
29.0,1,7.31,18.0,7.0,1.0,1.0,0.0,1.0,3.77,68.18,1.0,0,1,0
25.0,0,19.46,18.0,7.0,7.0,0.0,1.0,0.0,18.26,88.78,1.0,0,1,0
22.0,0,26.54,4.0,2.0,6.0,0.0,1.0,0.0,21.82,12.71,1.0,0,0,1
59.0,0,2.01,9.0,7.0,7.0,0.0,1.0,0.0,1.14,55.84,1.0,1,0,0
45.0,0,25.03,16.0,9.0,9.0,0.0,0.0,1.0,13.81,53.26,1.0,1,0,0
22.0,0,12.91,4.0,8.0,5.0,1.0,1.0,1.0,18.24,32.84,1.0,0,1,0
43.0,0,20.08,8.0,12.0,4.0,0.0,0.0,0.0,28.91,40.86,1.0,0,1,0
22.0,1,11.8,3.0,11.0,3.0,0.0,1.0,1.0,11.59,30.46,1.0,1,0,0
39.0,0,21.17,9.0,12.0,7.0,1.0,0.0,0.0,28.54,30.24,1.0,0,1,0
32.0,0,8.37,8.0,9.0,1.0,1.0,0.0,0.0,10.88,53.34,1.0,0,1,0
30.0,1,1.64,12.0,2.0,5.0,1.0,0.0,1.0,1.77,6.01,1.0,0,1,0
45.0,1,28.49,14.0,10.0,9.0,1.0,1.0,1.0,35.64,48.13,1.0,0,1,0
50.0,1,1.47,10.0,7.0,5.0,1.0,0.0,0.0,2.1,32.43,1.0,0,1,0
40.0,1,24.9,17.0,7.0,4.0,0.0,1.0,1.0,26.55,46.44,1.0,0,1,0
50.0,0,5.9,11.0,11.0,1.0,1.0,0.0,1.0,5.97,97.5,1.0,0,1,0
35.0,1,12.37,10.0,6.0,4.0,1.0,0.0,1.0,6.23,74.13,1.0,1,0,0
47.0,1,24.85,13.0,7.0,2.0,1.0,1.0,1.0,25.9,86.15,1.0,0,1,0
43.0,0,6.97,2.0,0.0,6.0,0.0,0.0,0.0,9.18,49.5,1.0,0,1,0
33.0,1,26.11,1.0,2.0,6.0,0.0,0.0,0.0,32.95,70.58,1.0,1,0,0
30.0,1,15.44,1.0,5.0,7.0,0.0,1.0,0.0,17.69,46.31,1.0,0,1,0
56.0,0,11.62,16.0,11.0,9.0,0.0,0.0,0.0,6.1,59.71,1.0,0,1,0
50.0,0,20.21,10.0,14.0,8.0,0.0,0.0,0.0,28.81,43.8,1.0,1,0,0
43.0,0,10.9,10.0,6.0,0.0,0.0,0.0,1.0,10.13,13.17,1.0,0,0,1
18.0,0,11.07,10.0,6.0,3.0,0.0,0.0,1.0,11.86,94.73,1.0,0,1,0
55.0,0,22.27,7.0,10.0,5.0,0.0,0.0,0.0,19.99,70.64,1.0,0,1,0
19.0,0,9.99,1.0,5.0,6.0,0.0,0.0,0.0,8.48,60.06,1.0,1,0,0
39.0,0,6.82,13.0,14.0,4.0,0.0,1.0,0.0,6.89,56.08,1.0,0,1,0
55.0,1,24.42,5.0,12.0,5.0,0.0,0.0,0.0,24.29,72.29,1.0,1,0,0
59.0,1,24.36,3.0,11.0,0.0,0.0,0.0,1.0,20.86,53.25,1.0,0,0,1
41.0,0,15.43,13.0,11.0,4.0,1.0,1.0,1.0,20.12,21.59,1.0,0,0,1
35.0,1,16.27,12.0,11.0,1.0,1.0,0.0,1.0,8.96,0.73,1.0,0,1,0
44.0,0,21.19,18.0,10.0,1.0,1.0,1.0,1.0,13.07,38.31,1.0,0,1,0
58.0,1,15.77,5.0,3.0,0.0,1.0,0.0,1.0,9.19,56.36,1.0,0,0,1
25.0,0,13.09,5.0,4.0,9.0,0.0,0.0,1.0,13.94,37.18,1.0,0,1,0
45.0,1,29.85,2.0,8.0,8.0,1.0,0.0,1.0,27.24,53.33,1.0,0,1,0
27.0,0,5.28,6.0,0.0,3.0,1.0,1.0,0.0,5.03,66.49,1.0,1,0,0
34.0,1,18.19,7.0,1.0,3.0,0.0,1.0,0.0,19.59,80.99,1.0,0,1,0
46.0,0,26.69,1.0,4.0,8.0,0.0,0.0,0.0,21.99,29.86,1.0,0,1,0
23.0,1,20.93,3.0,4.0,4.0,1.0,0.0,1.0,14.3,63.32,1.0,1,0,0
31.0,1,26.55,2.0,11.0,3.0,1.0,0.0,1.0,21.42,89.18,1.0,0,1,0
39.0,0,10.75,10.0,7.0,6.0,0.0,1.0,0.0,16.06,15.24,1.0,0,1,0
23.0,1,8.89,11.0,7.0,4.0,1.0,1.0,0.0,14.3,69.05,1.0,0,1,0
43.0,1,25.69,13.0,9.0,7.0,0.0,0.0,1.0,37.42,91.45,1.0,1,0,0
56.0,1,12.43,16.0,5.0,2.0,1.0,1.0,1.0,14.3,67.13,1.0,0,1,0
29.0,1,21.58,11.0,5.0,7.0,0.0,1.0,1.0,12.72,9.26,1.0,0,1,0
52.0,1,5.28,18.0,4.0,5.0,0.0,1.0,1.0,2.88,28.31,1.0,1,0,0
31.0,0,22.92,11.0,4.0,8.0,1.0,1.0,1.0,30.15,18.95,1.0,1,0,0
39.0,0,16.92,1.0,12.0,5.0,1.0,0.0,1.0,25.23,91.24,1.0,0,1,0
40.0,1,8.79,18.0,10.0,3.0,1.0,1.0,0.0,9.17,99.2,1.0,1,0,0
24.0,0,15.34,5.0,7.0,1.0,0.0,0.0,1.0,18.42,49.5,1.0,0,1,0
57.0,1,15.74,2.0,4.0,2.0,1.0,0.0,0.0,18.08,89.62,1.0,1,0,0
42.0,0,1.34,18.0,5.0,6.0,0.0,1.0,0.0,1.7,13.51,1.0,0,1,0
30.0,1,19.49,7.0,2.0,9.0,0.0,1.0,0.0,22.53,0.34,1.0,0,1,0
38.0,1,16.71,11.0,14.0,4.0,1.0,1.0,1.0,21.74,56.84,1.0,1,0,0
58.0,1,7.39,11.0,13.0,6.0,1.0,1.0,1.0,7.39,98.74,1.0,0,1,0
27.0,1,22.84,13.0,4.0,6.0,0.0,1.0,0.0,15.85,56.24,1.0,0,1,0
26.0,0,9.8,4.0,14.0,5.0,1.0,0.0,1.0,9.56,98.05,1.0,0,1,0
32.0,0,9.03,1.0,13.0,1.0,0.0,0.0,1.0,7.33,45.07,1.0,1,0,0
19.0,0,14.67,18.0,8.0,4.0,0.0,0.0,0.0,17.52,38.2,1.0,0,1,0
42.0,1,20.61,12.0,14.0,9.0,1.0,0.0,0.0,13.13,92.96,1.0,0,1,0
30.0,0,27.94,10.0,2.0,5.0,0.0,1.0,0.0,23.24,4.88,1.0,0,1,0
51.0,0,5.1,8.0,7.0,7.0,0.0,1.0,1.0,2.58,32.68,1.0,0,1,0
51.0,1,12.5,3.0,14.0,0.0,1.0,1.0,1.0,16.44,44.35,1.0,0,1,0
52.0,1,2.94,7.0,10.0,9.0,0.0,1.0,1.0,2.67,8.69,1.0,0,1,0
55.0,1,23.0,11.0,6.0,6.0,0.0,0.0,0.0,29.35,51.71,1.0,0,1,0
20.0,0,13.98,7.0,3.0,4.0,0.0,0.0,1.0,8.35,37.53,1.0,0,1,0
59.0,1,21.5,7.0,4.0,6.0,1.0,1.0,1.0,14.92,43.7,1.0,1,0,0
23.0,1,10.34,9.0,7.0,2.0,1.0,0.0,1.0,13.96,68.63,1.0,1,0,0
36.0,0,25.49,3.0,9.0,3.0,0.0,0.0,0.0,27.92,7.04,1.0,1,0,0
20.0,1,16.51,11.0,6.0,1.0,1.0,1.0,0.0,8.35,96.18,1.0,0,1,0
35.0,0,28.36,17.0,9.0,5.0,1.0,1.0,1.0,39.85,52.24,1.0,0,0,1
56.0,1,3.29,8.0,9.0,4.0,1.0,0.0,0.0,4.88,83.88,1.0,0,1,0
26.0,0,15.74,2.0,1.0,0.0,1.0,1.0,0.0,18.47,31.85,1.0,0,0,1
29.0,1,23.23,1.0,7.0,0.0,0.0,1.0,1.0,28.52,31.35,1.0,0,1,0
22.0,0,18.4,16.0,7.0,7.0,1.0,1.0,1.0,11.66,90.38,1.0,0,1,0
20.0,1,1.67,4.0,8.0,7.0,1.0,0.0,0.0,2.11,11.75,1.0,0,1,0
28.0,1,29.2,9.0,1.0,5.0,0.0,1.0,1.0,17.49,10.38,1.0,0,1,0
47.0,1,9.65,8.0,13.0,8.0,0.0,0.0,1.0,13.41,69.71,1.0,1,0,0
21.0,0,8.23,1.0,7.0,0.0,1.0,1.0,1.0,8.27,46.6,1.0,1,0,0
39.0,1,15.08,8.0,1.0,9.0,0.0,1.0,1.0,9.67,71.73,1.0,0,1,0
18.0,0,16.72,5.0,3.0,7.0,1.0,1.0,1.0,9.84,43.29,1.0,1,0,0
44.0,1,23.22,1.0,2.0,1.0,0.0,0.0,1.0,21.83,21.17,1.0,0,1,0
45.0,1,12.4,7.0,7.0,7.0,0.0,0.0,1.0,6.27,71.52,1.0,0,1,0
46.0,0,13.76,15.0,13.0,2.0,1.0,1.0,0.0,20.11,3.91,1.0,0,0,1
35.0,0,16.51,7.0,4.0,5.0,1.0,1.0,1.0,11.07,44.8,1.0,0,1,0
29.0,1,12.44,1.0,14.0,6.0,1.0,0.0,1.0,11.44,45.87,1.0,1,0,0
30.0,1,27.52,9.0,6.0,2.0,0.0,1.0,0.0,30.46,7.79,1.0,0,1,0
58.0,0,25.69,1.0,1.0,1.0,1.0,0.0,1.0,30.18,24.16,1.0,0,1,0
19.0,0,14.19,12.0,3.0,0.0,0.0,1.0,1.0,15.11,49.5,1.0,0,0,1
54.0,1,1.01,7.0,5.0,4.0,0.0,0.0,1.0,14.3,89.3,1.0,0,1,0
33.0,0,27.13,9.0,11.0,0.0,0.0,1.0,0.0,26.36,51.26,1.0,0,1,0
41.0,1,4.61,10.0,4.0,0.0,1.0,0.0,1.0,3.79,67.08,1.0,0,1,0
52.0,1,8.09,12.0,10.0,4.0,0.0,1.0,1.0,4.77,5.49,1.0,1,0,0
39.0,1,5.42,2.0,7.0,2.0,1.0,1.0,0.0,4.81,10.35,1.0,0,1,0
53.0,0,6.21,18.0,11.0,9.0,0.0,1.0,0.0,6.89,56.34,1.0,0,1,0
28.0,1,24.28,9.0,6.0,2.0,0.0,1.0,1.0,14.62,83.51,1.0,0,1,0
46.0,1,17.81,1.0,1.0,6.0,0.0,1.0,1.0,11.84,5.3,1.0,0,1,0
52.0,0,28.73,10.0,13.0,5.0,0.0,1.0,1.0,16.84,98.35,1.0,0,1,0
32.0,0,7.71,14.0,8.0,1.0,0.0,0.0,1.0,3.86,88.54,1.0,0,1,0
48.0,0,15.08,14.0,6.0,2.0,1.0,1.0,0.0,21.66,49.5,1.0,0,0,1
59.0,1,29.35,7.0,11.0,3.0,0.0,1.0,1.0,39.28,49.5,1.0,0,0,1
58.0,0,24.97,12.0,2.0,8.0,1.0,1.0,0.0,18.27,40.64,1.0,0,1,0
33.0,0,22.13,6.0,5.0,1.0,1.0,1.0,1.0,23.85,79.58,1.0,1,0,0
27.0,1,6.48,13.0,4.0,5.0,1.0,0.0,0.0,8.43,75.86,1.0,0,1,0
49.0,1,23.31,8.0,11.0,4.0,0.0,0.0,1.0,20.2,34.56,1.0,0,1,0
19.0,1,11.08,2.0,8.0,5.0,1.0,1.0,0.0,13.73,87.76,1.0,0,1,0
41.0,1,16.39,10.0,12.0,4.0,0.0,1.0,0.0,22.43,63.61,1.0,0,1,0
40.0,0,18.67,6.0,2.0,5.0,0.0,1.0,1.0,18.64,99.4,1.0,0,1,0
19.0,1,18.67,16.0,1.0,3.0,1.0,1.0,1.0,25.91,33.47,1.0,0,1,0
55.0,0,22.07,10.0,1.0,7.0,0.0,1.0,1.0,15.67,64.35,1.0,1,0,0
48.0,1,20.19,15.0,3.0,8.0,0.0,1.0,0.0,28.3,42.45,1.0,0,1,0
57.0,1,2.98,10.0,12.0,9.0,0.0,0.0,1.0,3.89,64.76,1.0,1,0,0
39.0,0,14.26,11.0,0.0,6.0,0.0,0.0,1.0,19.11,25.98,1.0,0,1,0
46.0,0,20.26,2.0,8.0,0.0,0.0,0.0,0.0,10.22,38.25,1.0,0,1,0
20.0,0,9.58,10.0,2.0,4.0,1.0,0.0,0.0,11.15,93.22,1.0,0,1,0
31.0,1,10.08,12.0,13.0,6.0,1.0,1.0,1.0,9.08,28.91,1.0,0,1,0
42.0,1,4.61,11.0,12.0,4.0,0.0,1.0,0.0,5.09,62.07,1.0,1,0,0
18.0,0,13.14,15.0,4.0,4.0,0.0,0.0,0.0,7.67,91.86,1.0,1,0,0
20.0,0,29.62,4.0,1.0,4.0,1.0,0.0,0.0,21.81,48.1,1.0,0,1,0
43.0,1,9.27,5.0,7.0,4.0,1.0,1.0,0.0,7.89,69.51,1.0,1,0,0
35.0,0,16.41,1.0,14.0,4.0,1.0,0.0,0.0,19.99,74.8,1.0,0,0,1
26.0,0,22.55,1.0,10.0,0.0,0.0,0.0,0.0,23.74,54.41,1.0,1,0,0
55.0,1,1.39,10.0,10.0,5.0,1.0,1.0,1.0,0.72,37.89,1.0,0,1,0
40.0,0,27.11,4.0,13.0,5.0,1.0,0.0,1.0,22.63,80.84,1.0,1,0,0
38.0,1,12.21,13.0,2.0,7.0,1.0,1.0,1.0,17.58,55.41,1.0,0,1,0
18.0,1,26.2,14.0,4.0,4.0,0.0,0.0,1.0,17.81,11.61,1.0,1,0,0
38.0,1,2.13,19.0,6.0,1.0,1.0,1.0,1.0,1.57,87.45,1.0,0,1,0
44.0,0,5.22,5.0,1.0,6.0,0.0,1.0,1.0,4.21,29.74,1.0,0,1,0
59.0,0,10.35,11.0,2.0,0.0,0.0,1.0,1.0,7.95,49.34,1.0,0,1,0
23.0,0,11.02,8.0,7.0,4.0,0.0,0.0,1.0,6.85,21.38,1.0,0,1,0
53.0,0,25.59,1.0,9.0,4.0,0.0,0.0,0.0,20.8,49.27,1.0,0,0,1
45.0,1,1.32,5.0,13.0,2.0,0.0,0.0,1.0,1.37,12.93,1.0,0,1,0
34.0,1,19.59,18.0,7.0,1.0,1.0,0.0,1.0,23.02,56.63,1.0,0,1,0
57.0,0,4.81,13.0,2.0,3.0,0.0,1.0,0.0,5.5,52.28,1.0,0,0,1
20.0,0,24.87,5.0,12.0,6.0,0.0,0.0,0.0,16.48,81.84,1.0,0,1,0
29.0,0,23.58,7.0,9.0,9.0,1.0,1.0,1.0,26.28,55.99,1.0,0,1,0
56.0,0,15.5,12.0,11.0,2.0,1.0,0.0,0.0,13.3,40.87,1.0,0,1,0
29.0,1,7.17,2.0,6.0,5.0,0.0,1.0,1.0,9.48,46.63,1.0,0,1,0
19.0,0,19.4,13.0,13.0,6.0,1.0,1.0,0.0,16.73,60.47,1.0,0,1,0
39.0,1,5.53,14.0,10.0,1.0,1.0,1.0,1.0,8.17,83.96,1.0,0,1,0
40.0,0,6.51,6.0,12.0,2.0,0.0,1.0,0.0,7.26,4.17,1.0,1,0,0
47.0,0,19.17,16.0,1.0,8.0,0.0,0.0,0.0,17.81,92.66,1.0,0,0,1
22.0,0,29.75,10.0,8.0,0.0,1.0,1.0,1.0,29.84,8.39,1.0,0,1,0
26.0,1,26.84,11.0,12.0,7.0,1.0,0.0,1.0,18.14,34.47,1.0,0,1,0
38.0,0,18.2,1.0,12.0,0.0,0.0,1.0,1.0,21.48,33.62,1.0,0,1,0
28.0,1,16.62,15.0,7.0,2.0,1.0,0.0,1.0,24.32,53.17,1.0,1,0,0
22.0,1,29.95,16.0,8.0,5.0,1.0,0.0,1.0,30.4,35.47,1.0,0,1,0
52.0,0,16.87,10.0,8.0,7.0,0.0,0.0,0.0,25.18,21.93,1.0,1,0,0
44.0,1,13.18,10.0,6.0,6.0,0.0,0.0,0.0,8.57,24.34,1.0,0,1,0
19.0,1,27.38,3.0,3.0,2.0,0.0,1.0,1.0,31.15,98.53,1.0,0,0,1
41.0,1,7.79,11.0,11.0,5.0,1.0,0.0,0.0,9.18,83.66,1.0,0,1,0
48.0,0,3.83,11.0,11.0,0.0,1.0,0.0,0.0,3.11,80.55,1.0,1,0,0
50.0,1,19.39,16.0,4.0,7.0,0.0,0.0,1.0,16.51,41.93,1.0,0,1,0
56.0,1,3.78,6.0,6.0,8.0,1.0,1.0,0.0,5.46,93.62,1.0,1,0,0
47.0,0,11.82,9.0,12.0,8.0,1.0,1.0,1.0,13.14,6.27,1.0,0,1,0
54.0,0,13.28,1.0,4.0,3.0,0.0,1.0,0.0,17.02,12.53,1.0,0,1,0
45.0,1,16.88,6.0,11.0,3.0,1.0,1.0,1.0,20.69,24.67,1.0,0,1,0
48.0,1,29.76,18.0,9.0,6.0,0.0,1.0,0.0,33.06,64.17,1.0,1,0,0
28.0,1,7.41,13.0,14.0,6.0,0.0,1.0,0.0,4.06,16.69,1.0,1,0,0
40.0,1,11.9,2.0,7.0,5.0,1.0,0.0,1.0,13.84,33.6,1.0,0,1,0
19.0,0,4.83,19.0,4.0,6.0,1.0,1.0,1.0,4.08,17.72,1.0,0,1,0
57.0,0,18.62,2.0,4.0,0.0,1.0,1.0,0.0,18.04,79.97,1.0,0,1,0
58.0,1,22.1,4.0,4.0,8.0,0.0,0.0,1.0,29.87,90.92,1.0,1,0,0
44.0,0,14.98,4.0,3.0,5.0,0.0,0.0,0.0,22.0,85.04,1.0,1,0,0
52.0,1,8.13,10.0,10.0,7.0,1.0,0.0,1.0,9.71,2.73,1.0,1,0,0
19.0,0,19.01,17.0,11.0,4.0,0.0,0.0,1.0,13.91,31.72,1.0,0,1,0
56.0,0,16.64,16.0,10.0,6.0,1.0,1.0,0.0,13.61,63.76,1.0,0,0,1
54.0,1,5.96,8.0,11.0,2.0,1.0,1.0,0.0,3.8,0.07,1.0,1,0,0
38.0,1,12.76,6.0,6.0,9.0,1.0,1.0,0.0,13.79,74.64,1.0,1,0,0
22.0,1,13.62,2.0,1.0,0.0,1.0,1.0,0.0,19.48,86.88,1.0,0,1,0
38.0,1,29.5,15.0,9.0,6.0,0.0,0.0,0.0,38.67,7.76,1.0,1,0,0
46.0,0,25.63,11.0,12.0,4.0,1.0,1.0,1.0,26.75,43.12,1.0,0,1,0
37.0,0,22.3,16.0,3.0,0.0,0.0,1.0,0.0,32.14,30.28,1.0,0,1,0
55.0,1,26.77,4.0,10.0,8.0,1.0,0.0,1.0,37.39,94.69,1.0,0,1,0
37.0,0,22.33,11.0,2.0,8.0,0.0,0.0,1.0,19.23,32.47,1.0,0,1,0
42.0,0,27.2,14.0,9.0,5.0,1.0,0.0,1.0,28.55,58.09,1.0,0,1,0
19.0,1,2.58,8.0,12.0,8.0,0.0,1.0,1.0,2.05,0.91,1.0,0,1,0
49.0,1,14.23,6.0,7.0,6.0,0.0,1.0,1.0,7.24,83.66,1.0,0,1,0
43.0,0,22.66,19.0,6.0,7.0,1.0,0.0,1.0,21.55,2.93,1.0,1,0,0
23.0,1,17.92,4.0,2.0,1.0,1.0,0.0,0.0,22.4,56.92,1.0,0,1,0
58.0,1,6.08,4.0,3.0,1.0,1.0,1.0,0.0,6.9,74.07,1.0,0,1,0
20.0,0,10.87,6.0,12.0,3.0,1.0,1.0,1.0,15.51,39.66,1.0,0,1,0
50.0,0,10.22,11.0,13.0,0.0,0.0,1.0,0.0,12.12,3.17,1.0,1,0,0
18.0,1,8.58,1.0,3.0,7.0,0.0,1.0,0.0,5.5,90.07,1.0,1,0,0
22.0,0,10.95,2.0,11.0,4.0,0.0,1.0,0.0,8.4,36.61,1.0,0,1,0
30.0,1,15.93,9.0,9.0,6.0,1.0,1.0,0.0,9.96,46.62,1.0,0,0,1
36.0,1,25.79,16.0,6.0,1.0,0.0,0.0,0.0,33.39,81.31,1.0,0,1,0
29.0,0,22.52,6.0,7.0,4.0,0.0,0.0,1.0,32.67,66.07,1.0,0,0,1
42.0,0,25.22,9.0,3.0,8.0,0.0,0.0,0.0,18.32,32.54,1.0,0,1,0
52.0,1,26.62,19.0,7.0,8.0,1.0,0.0,1.0,33.69,54.06,1.0,0,1,0
29.0,1,13.07,5.0,0.0,1.0,0.0,0.0,1.0,12.25,9.4,1.0,0,1,0
47.0,1,11.03,10.0,12.0,1.0,1.0,1.0,0.0,9.43,48.12,1.0,0,1,0
22.0,0,2.67,7.0,8.0,4.0,0.0,0.0,1.0,3.97,42.83,1.0,0,1,0
51.0,1,27.98,2.0,6.0,2.0,1.0,1.0,1.0,23.67,75.99,1.0,1,0,0
39.0,0,15.74,4.0,3.0,0.0,0.0,1.0,0.0,3.38,80.0,0.0,1,0,0
56.0,1,22.49,8.0,7.0,0.0,1.0,0.0,1.0,27.28,87.23,1.0,0,1,0
30.0,0,11.97,3.0,11.0,4.0,1.0,0.0,0.0,15.24,85.72,1.0,0,1,0
20.0,1,28.51,2.0,9.0,2.0,1.0,0.0,1.0,38.83,99.83,1.0,0,1,0
37.0,0,13.17,9.0,1.0,8.0,1.0,0.0,0.0,14.04,70.75,1.0,0,1,0
48.0,1,24.68,11.0,13.0,2.0,1.0,0.0,0.0,27.26,62.07,1.0,1,0,0
22.0,1,9.2,4.0,7.0,2.0,1.0,1.0,1.0,11.14,14.72,1.0,0,1,0
41.0,1,9.67,9.0,9.0,2.0,0.0,0.0,1.0,6.27,46.82,1.0,1,0,0
57.0,1,18.27,6.0,5.0,0.0,1.0,1.0,1.0,12.79,43.05,1.0,0,1,0
50.0,0,29.94,1.0,6.0,2.0,1.0,0.0,1.0,37.85,73.46,1.0,0,1,0
25.0,0,16.01,3.0,7.0,4.0,0.0,0.0,0.0,10.17,27.47,1.0,0,1,0
41.0,0,28.15,7.0,1.0,7.0,1.0,1.0,0.0,33.46,87.08,1.0,0,1,0
37.0,0,23.8,9.0,13.0,6.0,0.0,0.0,1.0,12.67,21.98,1.0,0,1,0
33.0,0,24.08,8.0,10.0,3.0,1.0,0.0,0.0,20.17,48.36,1.0,1,0,0
29.0,1,13.64,13.0,1.0,3.0,0.0,1.0,1.0,15.85,94.43,1.0,0,1,0
30.0,0,12.21,18.0,3.0,3.0,1.0,0.0,1.0,14.73,34.4,1.0,0,1,0
59.0,0,6.57,19.0,5.0,7.0,0.0,0.0,0.0,7.42,72.8,1.0,0,1,0
56.0,0,28.95,9.0,3.0,7.0,1.0,0.0,1.0,27.26,33.56,1.0,0,1,0
42.0,0,28.82,6.0,5.0,1.0,1.0,0.0,0.0,21.75,51.44,1.0,1,0,0
49.0,1,22.66,12.0,4.0,6.0,1.0,0.0,0.0,25.23,77.56,1.0,0,1,0
41.0,1,9.59,4.0,5.0,4.0,0.0,1.0,0.0,6.57,81.46,1.0,0,1,0
26.0,1,8.11,9.0,8.0,1.0,0.0,1.0,0.0,4.54,84.25,1.0,1,0,0
39.0,1,29.67,10.0,5.0,2.0,1.0,0.0,0.0,15.42,9.95,1.0,1,0,0
40.0,0,2.93,3.0,5.0,6.0,1.0,1.0,0.0,2.25,85.49,1.0,0,1,0
30.0,0,25.46,17.0,10.0,5.0,0.0,1.0,0.0,13.49,14.64,1.0,0,1,0
49.0,1,11.31,7.0,10.0,5.0,0.0,1.0,1.0,8.47,27.28,1.0,1,0,0
32.0,1,13.15,8.0,7.0,6.0,0.0,0.0,1.0,10.38,97.11,1.0,0,1,0
53.0,0,25.13,11.0,14.0,5.0,0.0,1.0,1.0,21.23,14.42,1.0,0,1,0
22.0,0,3.63,13.0,4.0,1.0,0.0,1.0,0.0,4.4,25.11,1.0,1,0,0
39.0,1,11.27,3.0,4.0,7.0,1.0,1.0,1.0,10.61,33.58,1.0,1,0,0
33.0,1,28.61,19.0,9.0,6.0,1.0,0.0,0.0,42.49,80.62,1.0,1,0,0
58.0,1,21.27,14.0,12.0,5.0,0.0,1.0,0.0,30.79,32.09,1.0,1,0,0
27.0,1,22.89,16.0,10.0,4.0,0.0,1.0,0.0,33.91,82.6,1.0,1,0,0
41.0,0,22.97,15.0,0.0,5.0,1.0,1.0,1.0,20.95,20.56,1.0,1,0,0
35.0,0,2.76,2.0,5.0,5.0,1.0,0.0,1.0,1.5,60.1,1.0,1,0,0
35.0,0,6.89,6.0,0.0,1.0,0.0,1.0,0.0,9.37,95.97,0.0,0,1,0
24.0,1,15.25,7.0,10.0,8.0,0.0,0.0,1.0,14.26,4.1,1.0,0,1,0
21.0,0,11.68,9.0,7.0,0.0,0.0,0.0,0.0,13.33,90.86,1.0,1,0,0
43.0,0,12.92,9.0,9.0,1.0,1.0,0.0,1.0,17.36,16.48,1.0,1,0,0
22.0,1,23.66,17.0,8.0,9.0,0.0,1.0,1.0,26.2,58.1,1.0,0,1,0
33.0,1,1.43,3.0,7.0,9.0,1.0,0.0,0.0,14.3,4.88,1.0,0,1,0
52.0,1,20.15,4.0,13.0,0.0,0.0,0.0,0.0,15.09,57.13,1.0,0,0,1
43.0,1,1.0,2.0,8.0,7.0,0.0,1.0,1.0,0.7,49.5,1.0,0,1,0
35.0,1,2.83,1.0,1.0,3.0,1.0,0.0,1.0,2.99,80.77,1.0,0,1,0
46.0,1,12.84,10.0,8.0,5.0,0.0,0.0,1.0,14.61,41.61,1.0,1,0,0
40.0,0,25.39,3.0,3.0,4.0,1.0,0.0,0.0,14.3,91.57,1.0,0,0,1
31.0,0,5.2,10.0,14.0,7.0,0.0,0.0,1.0,6.87,37.04,1.0,1,0,0
32.0,0,17.08,9.0,2.0,9.0,1.0,0.0,0.0,25.43,9.16,1.0,1,0,0
50.0,0,20.68,17.0,0.0,6.0,1.0,0.0,1.0,30.32,38.68,1.0,0,1,0
42.0,0,7.66,15.0,0.0,0.0,0.0,1.0,1.0,8.61,30.63,1.0,1,0,0
38.0,1,15.86,3.0,7.0,7.0,0.0,1.0,0.0,15.92,44.64,1.0,0,1,0
34.0,1,27.43,3.0,1.0,3.0,1.0,0.0,0.0,34.58,19.96,1.0,1,0,0
40.0,1,15.85,4.0,0.0,6.0,0.0,0.0,0.0,12.07,37.03,1.0,0,1,0
34.0,1,5.56,4.0,1.0,2.0,1.0,1.0,1.0,4.74,88.62,1.0,0,1,0
31.0,0,19.21,17.0,2.0,1.0,1.0,1.0,1.0,24.34,65.25,1.0,0,1,0
46.0,0,18.17,6.0,3.0,0.0,0.0,0.0,1.0,26.35,19.81,1.0,0,1,0
37.0,1,1.78,11.0,12.0,9.0,1.0,0.0,0.0,2.48,5.29,1.0,1,0,0
47.0,1,3.63,12.0,10.0,4.0,0.0,0.0,0.0,2.08,21.67,1.0,0,0,1
36.0,1,5.55,7.0,8.0,2.0,0.0,1.0,0.0,4.06,40.92,1.0,1,0,0
56.0,1,4.95,13.0,6.0,2.0,1.0,1.0,1.0,3.83,36.71,1.0,1,0,0
30.0,1,8.52,6.0,11.0,7.0,1.0,1.0,1.0,7.52,84.85,1.0,0,1,0
35.0,0,14.17,3.0,4.0,0.0,0.0,0.0,1.0,8.09,58.6,1.0,1,0,0
40.0,0,11.78,14.0,4.0,1.0,1.0,1.0,0.0,8.61,84.25,1.0,1,0,0
50.0,0,26.83,14.0,13.0,0.0,1.0,0.0,1.0,32.63,49.5,1.0,1,0,0
56.0,1,18.75,10.0,5.0,6.0,0.0,0.0,0.0,13.96,29.03,1.0,0,1,0
57.0,0,26.41,5.0,0.0,3.0,0.0,0.0,1.0,38.1,47.75,1.0,1,0,0
35.0,1,16.28,2.0,5.0,2.0,0.0,1.0,0.0,15.03,70.56,1.0,1,0,0
26.0,0,3.61,6.0,12.0,2.0,1.0,1.0,1.0,2.16,51.18,1.0,0,1,0
50.0,1,14.44,11.0,12.0,9.0,1.0,0.0,1.0,19.39,32.68,1.0,1,0,0
49.0,1,24.84,18.0,10.0,2.0,0.0,0.0,0.0,35.16,81.62,1.0,0,0,1
34.0,0,6.63,11.0,5.0,1.0,0.0,0.0,0.0,9.47,89.24,1.0,0,1,0
36.0,0,3.65,15.0,13.0,4.0,0.0,1.0,0.0,3.63,27.82,1.0,1,0,0
44.0,0,10.55,3.0,10.0,0.0,0.0,1.0,0.0,14.99,28.15,1.0,1,0,0
23.0,0,12.28,2.0,4.0,4.0,1.0,0.0,1.0,14.85,56.74,1.0,1,0,0
52.0,0,9.88,7.0,9.0,9.0,1.0,0.0,0.0,6.87,81.64,1.0,0,1,0
54.0,1,4.92,5.0,8.0,7.0,0.0,1.0,1.0,5.08,51.99,1.0,1,0,0
51.0,0,8.27,13.0,9.0,6.0,1.0,0.0,1.0,7.71,6.0,1.0,0,1,0
37.0,0,20.79,8.0,9.0,2.0,1.0,0.0,1.0,19.77,29.5,1.0,0,1,0
42.0,1,12.19,9.0,4.0,8.0,1.0,1.0,0.0,11.13,50.28,1.0,1,0,0
21.0,0,19.34,8.0,8.0,9.0,0.0,1.0,0.0,13.06,73.67,1.0,1,0,0
27.0,1,16.55,10.0,9.0,6.0,0.0,1.0,0.0,14.73,77.49,1.0,1,0,0
39.0,0,16.92,2.0,14.0,0.0,1.0,0.0,0.0,17.12,75.23,1.0,0,1,0
39.0,0,8.21,10.0,6.0,5.0,0.0,0.0,0.0,6.45,9.48,1.0,0,1,0
38.0,1,16.12,11.0,14.0,3.0,0.0,1.0,0.0,10.91,61.6,1.0,0,0,1
28.0,0,1.68,11.0,2.0,5.0,1.0,1.0,0.0,1.17,42.54,1.0,0,1,0
44.0,0,13.52,5.0,10.0,2.0,1.0,0.0,0.0,9.37,31.35,1.0,1,0,0
33.0,0,17.61,14.0,8.0,4.0,0.0,1.0,1.0,16.67,82.76,1.0,1,0,0
43.0,0,6.28,3.0,9.0,2.0,1.0,1.0,1.0,4.45,35.84,1.0,1,0,0
47.0,1,8.44,2.0,6.0,6.0,1.0,1.0,0.0,10.27,18.25,1.0,0,1,0
33.0,1,7.37,18.0,3.0,4.0,1.0,0.0,1.0,6.16,69.57,1.0,1,0,0
24.0,0,3.05,1.0,13.0,3.0,0.0,1.0,0.0,4.39,13.55,1.0,1,0,0
33.0,0,11.09,1.0,11.0,9.0,1.0,0.0,0.0,6.24,29.39,1.0,0,1,0
52.0,1,29.39,10.0,8.0,6.0,1.0,1.0,0.0,23.8,44.44,1.0,0,1,0
33.0,1,11.26,6.0,5.0,6.0,0.0,0.0,1.0,13.94,14.17,1.0,0,1,0
57.0,0,14.36,13.0,8.0,9.0,0.0,0.0,0.0,17.01,28.73,1.0,0,1,0
29.0,1,19.94,1.0,3.0,8.0,0.0,1.0,1.0,18.36,64.16,1.0,1,0,0
52.0,1,19.81,6.0,9.0,2.0,0.0,0.0,1.0,27.14,55.74,1.0,1,0,0
38.0,1,28.55,8.0,1.0,9.0,1.0,0.0,0.0,16.31,84.43,1.0,0,0,1
53.0,1,25.87,13.0,12.0,7.0,0.0,1.0,1.0,26.11,14.09,1.0,0,1,0
34.0,0,24.02,2.0,13.0,6.0,0.0,0.0,1.0,16.82,86.39,1.0,1,0,0
49.0,1,28.6,8.0,8.0,8.0,0.0,1.0,0.0,24.99,7.56,1.0,0,1,0
58.0,0,7.69,1.0,9.0,1.0,1.0,1.0,0.0,9.22,74.34,1.0,1,0,0
23.0,0,18.89,13.0,11.0,5.0,0.0,0.0,0.0,11.31,20.69,1.0,1,0,0
41.0,1,26.73,1.0,13.0,4.0,0.0,0.0,0.0,14.54,90.31,1.0,0,0,1
44.0,0,15.74,10.0,3.0,2.0,1.0,0.0,0.0,17.59,4.16,1.0,1,0,0
37.0,0,29.35,5.0,10.0,6.0,1.0,0.0,1.0,22.64,58.02,1.0,0,0,1
42.0,1,3.91,13.0,1.0,4.0,1.0,1.0,1.0,4.77,1.28,1.0,1,0,0
19.0,1,13.74,5.0,6.0,5.0,1.0,1.0,1.0,7.77,73.6,1.0,1,0,0
26.0,1,29.34,10.0,6.0,3.0,1.0,1.0,1.0,43.03,3.37,1.0,0,1,0
45.0,0,12.01,3.0,4.0,6.0,1.0,0.0,1.0,13.46,72.72,1.0,1,0,0
55.0,0,22.45,2.0,4.0,6.0,1.0,1.0,0.0,22.48,80.85,1.0,1,0,0
20.0,0,1.88,2.0,7.0,4.0,0.0,1.0,1.0,1.72,89.55,1.0,0,1,0
37.0,0,21.15,5.0,5.0,6.0,0.0,1.0,0.0,26.42,35.94,1.0,0,1,0
23.0,1,28.1,4.0,0.0,6.0,0.0,0.0,1.0,24.06,54.25,1.0,1,0,0
56.0,0,12.1,2.0,10.0,9.0,1.0,0.0,1.0,15.45,73.35,1.0,0,1,0
50.0,1,1.62,9.0,13.0,5.0,1.0,0.0,1.0,1.96,82.07,1.0,0,1,0
18.0,1,1.81,9.0,11.0,0.0,0.0,0.0,0.0,1.9,78.28,1.0,1,0,0
54.0,1,26.87,9.0,3.0,3.0,1.0,1.0,1.0,37.31,84.78,1.0,0,0,1
23.0,1,21.95,4.0,0.0,0.0,0.0,0.0,0.0,18.57,89.76,1.0,1,0,0
51.0,0,4.09,8.0,4.0,2.0,0.0,1.0,1.0,2.28,65.03,1.0,0,1,0
32.0,1,2.58,18.0,4.0,7.0,0.0,0.0,1.0,2.26,17.4,1.0,0,1,0
43.0,0,24.34,9.0,3.0,6.0,1.0,1.0,0.0,33.48,83.35,1.0,0,1,0
31.0,1,24.49,3.0,14.0,2.0,0.0,0.0,0.0,14.14,46.33,1.0,0,1,0
24.0,1,4.5,6.0,8.0,3.0,1.0,1.0,1.0,5.68,5.06,1.0,0,1,0
48.0,1,9.74,19.0,7.0,1.0,0.0,1.0,1.0,12.91,62.61,1.0,0,0,1
41.0,0,23.62,5.0,13.0,1.0,0.0,0.0,1.0,21.92,72.75,1.0,0,1,0
48.0,1,16.24,17.0,9.0,4.0,0.0,0.0,1.0,11.28,45.79,1.0,0,1,0
46.0,1,28.74,19.0,13.0,1.0,1.0,0.0,0.0,24.59,50.67,1.0,0,1,0
59.0,1,14.95,3.0,2.0,6.0,0.0,0.0,1.0,13.43,55.0,1.0,0,1,0
49.0,1,20.63,8.0,4.0,0.0,0.0,0.0,0.0,29.55,25.25,1.0,0,1,0
34.0,0,15.78,9.0,5.0,8.0,1.0,0.0,0.0,12.38,37.4,1.0,0,1,0
31.0,0,28.35,8.0,4.0,9.0,0.0,0.0,1.0,41.75,80.69,1.0,0,0,1
57.0,1,12.56,14.0,7.0,0.0,0.0,0.0,0.0,7.65,2.99,1.0,0,1,0
53.0,1,7.66,10.0,4.0,0.0,0.0,1.0,1.0,11.29,55.69,1.0,0,1,0
41.0,0,10.47,17.0,7.0,8.0,0.0,1.0,1.0,7.57,3.18,1.0,0,1,0
44.0,0,25.73,3.0,9.0,6.0,1.0,0.0,0.0,17.18,20.16,1.0,0,1,0
42.0,0,15.44,3.0,14.0,9.0,0.0,1.0,0.0,9.57,37.29,1.0,0,1,0
49.0,1,11.27,3.0,9.0,3.0,0.0,1.0,1.0,9.2,18.64,1.0,0,1,0
35.0,0,16.78,4.0,13.0,2.0,1.0,0.0,1.0,18.74,84.85,1.0,0,1,0
35.0,1,4.86,17.0,2.0,4.0,1.0,0.0,1.0,5.67,87.02,1.0,1,0,0
54.0,0,1.16,14.0,4.0,1.0,0.0,1.0,0.0,1.01,15.3,1.0,0,1,0
43.0,0,9.14,2.0,3.0,5.0,0.0,0.0,0.0,6.68,49.5,1.0,0,1,0
26.0,1,18.55,12.0,12.0,5.0,0.0,1.0,1.0,27.73,23.0,1.0,0,1,0
52.0,0,21.64,5.0,10.0,0.0,1.0,0.0,1.0,16.68,1.21,1.0,0,1,0
25.0,1,24.97,2.0,5.0,9.0,1.0,1.0,0.0,21.93,73.68,1.0,0,1,0
37.0,0,27.87,12.0,2.0,8.0,1.0,0.0,1.0,27.34,51.82,1.0,0,1,0
59.0,1,12.95,9.0,11.0,0.0,0.0,1.0,1.0,16.05,49.84,1.0,0,1,0
39.0,0,22.47,9.0,9.0,5.0,0.0,0.0,1.0,14.65,0.27,1.0,0,1,0
36.0,0,3.17,1.0,3.0,6.0,1.0,1.0,0.0,2.43,97.85,1.0,0,1,0
47.0,1,15.74,7.0,10.0,7.0,1.0,1.0,0.0,4.0,83.26,1.0,0,1,0
45.0,1,4.62,18.0,3.0,1.0,0.0,0.0,1.0,6.12,96.74,1.0,0,1,0
52.0,1,14.01,10.0,4.0,7.0,1.0,1.0,1.0,13.22,24.37,1.0,0,0,1
28.0,1,15.74,15.0,10.0,9.0,0.0,1.0,0.0,4.34,60.37,1.0,1,0,0
48.0,0,9.32,9.0,14.0,1.0,1.0,0.0,1.0,12.74,74.67,1.0,1,0,0
56.0,0,19.79,11.0,5.0,1.0,0.0,1.0,1.0,25.39,80.33,1.0,1,0,0
53.0,0,11.4,1.0,1.0,8.0,1.0,1.0,0.0,12.32,78.17,1.0,0,0,1
47.0,0,17.16,11.0,9.0,6.0,0.0,1.0,0.0,15.52,57.23,1.0,1,0,0
40.0,0,12.96,1.0,11.0,7.0,1.0,0.0,1.0,18.61,3.16,1.0,1,0,0
36.0,0,5.9,5.0,7.0,0.0,1.0,1.0,1.0,4.69,99.4,1.0,0,1,0
29.0,1,3.15,18.0,3.0,9.0,1.0,0.0,1.0,2.59,11.49,1.0,0,1,0
32.0,0,7.85,1.0,6.0,5.0,1.0,1.0,0.0,10.8,18.08,1.0,1,0,0
48.0,0,2.67,10.0,6.0,0.0,1.0,0.0,1.0,3.01,82.44,1.0,0,0,1
54.0,1,18.94,13.0,11.0,4.0,1.0,1.0,1.0,27.48,10.06,1.0,0,1,0
54.0,0,24.08,8.0,13.0,1.0,0.0,0.0,1.0,27.57,21.34,1.0,1,0,0
32.0,0,10.85,13.0,12.0,8.0,1.0,1.0,0.0,5.78,2.03,1.0,0,1,0
46.0,0,12.23,2.0,9.0,2.0,0.0,1.0,1.0,8.28,15.67,1.0,0,1,0
